2025-05-09 20:18:20,422 [Worker-2: Loading available Gradle versions] INFO  o.e.b.c.i.u.g.PublishedGradleVersions - Gradle version information cache is out-of-date. Trying to update.
2025-05-25 19:33:46,372 [Worker-8: Loading available Gradle versions] INFO  o.e.b.c.i.u.g.PublishedGradleVersions - Gradle version information cache is out-of-date. Trying to update.
2025-05-25 20:41:48,383 [Worker-6: Loading available Gradle versions] INFO  o.e.b.c.i.u.g.PublishedGradleVersions - Gradle version information cache is up-to-date. Trying to read.
2025-05-25 20:45:03,320 [Worker-4: Loading available Gradle versions] INFO  o.e.b.c.i.u.g.PublishedGradleVersions - Gradle version information cache is up-to-date. Trying to read.
2025-06-29 16:23:43,111 [Worker-7: Loading available Gradle versions] INFO  o.e.b.c.i.u.g.PublishedGradleVersions - Gradle version information cache is out-of-date. Trying to update.
2025-06-29 21:01:00,940 [Worker-7: Loading available Gradle versions] INFO  o.e.b.c.i.u.g.PublishedGradleVersions - Gradle version information cache is up-to-date. Trying to read.
2025-07-05 22:57:11,851 [Worker-0: Loading available Gradle versions] INFO  o.e.b.c.i.u.g.PublishedGradleVersions - Gradle version information cache is out-of-date. Trying to update.
2025-07-06 16:26:23,276 [Worker-7: Loading available Gradle versions] INFO  o.e.b.c.i.u.g.PublishedGradleVersions - Gradle version information cache is up-to-date. Trying to read.
2025-07-09 22:54:58,352 [Worker-1: Loading available Gradle versions] INFO  o.e.b.c.i.u.g.PublishedGradleVersions - Gradle version information cache is out-of-date. Trying to update.
2025-07-13 11:31:56,821 [Worker-13: Loading available Gradle versions] INFO  o.e.b.c.i.u.g.PublishedGradleVersions - Gradle version information cache is out-of-date. Trying to update.
2025-07-16 07:58:08,529 [Worker-1: Loading available Gradle versions] INFO  o.e.b.c.i.u.g.PublishedGradleVersions - Gradle version information cache is out-of-date. Trying to update.
2025-07-21 21:22:39,975 [Worker-1: Loading available Gradle versions] INFO  o.e.b.c.i.u.g.PublishedGradleVersions - Gradle version information cache is out-of-date. Trying to update.
2025-08-10 17:57:38,796 [Worker-7: Loading available Gradle versions] INFO  o.e.b.c.i.u.g.PublishedGradleVersions - Gradle version information cache is out-of-date. Trying to update.
2025-08-10 17:59:33,240 [Worker-8: 入門コンテンツのインポート] INFO  o.e.m.c.i.e.AbstractTransferListenerAdapter - Downloading https://repo.spring.io/snapshot/org/springframework/boot/spring-boot-starter-parent/4.0.0-SNAPSHOT/maven-metadata.xml
2025-08-10 17:59:33,251 [Worker-8: 入門コンテンツのインポート] INFO  o.e.m.c.i.e.AbstractTransferListenerAdapter - Downloaded https://repo.spring.io/snapshot/org/springframework/boot/spring-boot-starter-parent/4.0.0-SNAPSHOT/maven-metadata.xml
2025-08-10 17:59:33,454 [Worker-8: 入門コンテンツのインポート] INFO  o.e.m.c.i.e.AbstractTransferListenerAdapter - Downloading https://repo.spring.io/snapshot/org/springframework/boot/spring-boot-starter-parent/4.0.0-SNAPSHOT/spring-boot-starter-parent-4.0.0-20250808.165659-372.pom
2025-08-10 17:59:33,638 [Worker-8: 入門コンテンツのインポート] INFO  o.e.m.c.i.e.AbstractTransferListenerAdapter - Downloaded https://repo.spring.io/snapshot/org/springframework/boot/spring-boot-starter-parent/4.0.0-SNAPSHOT/spring-boot-starter-parent-4.0.0-20250808.165659-372.pom
2025-08-10 17:59:33,855 [Worker-8: 入門コンテンツのインポート] INFO  o.e.m.c.i.e.AbstractTransferListenerAdapter - Downloading https://repo.spring.io/snapshot/org/springframework/boot/spring-boot-dependencies/4.0.0-SNAPSHOT/maven-metadata.xml
2025-08-10 17:59:33,859 [Worker-8: 入門コンテンツのインポート] INFO  o.e.m.c.i.e.AbstractTransferListenerAdapter - Downloaded https://repo.spring.io/snapshot/org/springframework/boot/spring-boot-dependencies/4.0.0-SNAPSHOT/maven-metadata.xml
2025-08-10 17:59:34,060 [Worker-8: 入門コンテンツのインポート] INFO  o.e.m.c.i.e.AbstractTransferListenerAdapter - Downloading https://repo.spring.io/snapshot/org/springframework/boot/spring-boot-dependencies/4.0.0-SNAPSHOT/spring-boot-dependencies-4.0.0-20250808.165659-372.pom
2025-08-10 17:59:34,477 [Worker-8: 入門コンテンツのインポート] INFO  o.e.m.c.i.e.AbstractTransferListenerAdapter - Downloaded https://repo.spring.io/snapshot/org/springframework/boot/spring-boot-dependencies/4.0.0-SNAPSHOT/spring-boot-dependencies-4.0.0-20250808.165659-372.pom
2025-08-10 17:59:34,582 [Worker-8: 入門コンテンツのインポート] INFO  o.e.m.c.i.e.AbstractTransferListenerAdapter - Downloading https://repo.maven.apache.org/maven2/org/apache/activemq/activemq-bom/6.1.7/activemq-bom-6.1.7.pom
2025-08-10 17:59:34,587 [Worker-8: 入門コンテンツのインポート] INFO  o.e.m.c.i.e.AbstractTransferListenerAdapter - Downloaded https://repo.maven.apache.org/maven2/org/apache/activemq/activemq-bom/6.1.7/activemq-bom-6.1.7.pom
2025-08-10 17:59:34,610 [Worker-8: 入門コンテンツのインポート] INFO  o.e.m.c.i.e.AbstractTransferListenerAdapter - Downloading https://repo.maven.apache.org/maven2/org/apache/activemq/artemis-bom/2.42.0/artemis-bom-2.42.0.pom
2025-08-10 17:59:34,613 [Worker-8: 入門コンテンツのインポート] INFO  o.e.m.c.i.e.AbstractTransferListenerAdapter - Downloaded https://repo.maven.apache.org/maven2/org/apache/activemq/artemis-bom/2.42.0/artemis-bom-2.42.0.pom
2025-08-10 17:59:34,637 [Worker-8: 入門コンテンツのインポート] INFO  o.e.m.c.i.e.AbstractTransferListenerAdapter - Downloading https://repo.maven.apache.org/maven2/org/apache/activemq/artemis-project/2.42.0/artemis-project-2.42.0.pom
2025-08-10 17:59:34,656 [Worker-8: 入門コンテンツのインポート] INFO  o.e.m.c.i.e.AbstractTransferListenerAdapter - Downloaded https://repo.maven.apache.org/maven2/org/apache/activemq/artemis-project/2.42.0/artemis-project-2.42.0.pom
2025-08-10 17:59:34,678 [Worker-8: 入門コンテンツのインポート] INFO  o.e.m.c.i.e.AbstractTransferListenerAdapter - Downloading https://repo.maven.apache.org/maven2/org/apache/apache/35/apache-35.pom
2025-08-10 17:59:34,682 [Worker-8: 入門コンテンツのインポート] INFO  o.e.m.c.i.e.AbstractTransferListenerAdapter - Downloaded https://repo.maven.apache.org/maven2/org/apache/apache/35/apache-35.pom
2025-08-10 17:59:34,708 [Worker-8: 入門コンテンツのインポート] INFO  o.e.m.c.i.e.AbstractTransferListenerAdapter - Downloading https://repo.maven.apache.org/maven2/org/assertj/assertj-bom/3.27.4/assertj-bom-3.27.4.pom
2025-08-10 17:59:34,710 [Worker-8: 入門コンテンツのインポート] INFO  o.e.m.c.i.e.AbstractTransferListenerAdapter - Downloaded https://repo.maven.apache.org/maven2/org/assertj/assertj-bom/3.27.4/assertj-bom-3.27.4.pom
2025-08-10 17:59:34,733 [Worker-8: 入門コンテンツのインポート] INFO  o.e.m.c.i.e.AbstractTransferListenerAdapter - Downloading https://repo.maven.apache.org/maven2/io/zipkin/reporter2/zipkin-reporter-bom/3.5.1/zipkin-reporter-bom-3.5.1.pom
2025-08-10 17:59:34,735 [Worker-8: 入門コンテンツのインポート] INFO  o.e.m.c.i.e.AbstractTransferListenerAdapter - Downloaded https://repo.maven.apache.org/maven2/io/zipkin/reporter2/zipkin-reporter-bom/3.5.1/zipkin-reporter-bom-3.5.1.pom
2025-08-10 17:59:34,756 [Worker-8: 入門コンテンツのインポート] INFO  o.e.m.c.i.e.AbstractTransferListenerAdapter - Downloading https://repo.maven.apache.org/maven2/io/zipkin/brave/brave-bom/6.3.0/brave-bom-6.3.0.pom
2025-08-10 17:59:34,761 [Worker-8: 入門コンテンツのインポート] INFO  o.e.m.c.i.e.AbstractTransferListenerAdapter - Downloaded https://repo.maven.apache.org/maven2/io/zipkin/brave/brave-bom/6.3.0/brave-bom-6.3.0.pom
2025-08-10 17:59:34,779 [Worker-8: 入門コンテンツのインポート] INFO  o.e.m.c.i.e.AbstractTransferListenerAdapter - Downloading https://repo.maven.apache.org/maven2/org/apache/cassandra/java-driver-bom/4.19.0/java-driver-bom-4.19.0.pom
2025-08-10 17:59:34,781 [Worker-8: 入門コンテンツのインポート] INFO  o.e.m.c.i.e.AbstractTransferListenerAdapter - Downloaded https://repo.maven.apache.org/maven2/org/apache/cassandra/java-driver-bom/4.19.0/java-driver-bom-4.19.0.pom
2025-08-10 17:59:34,804 [Worker-8: 入門コンテンツのインポート] INFO  o.e.m.c.i.e.AbstractTransferListenerAdapter - Downloading https://repo.maven.apache.org/maven2/org/glassfish/jaxb/jaxb-bom/4.0.5/jaxb-bom-4.0.5.pom
2025-08-10 17:59:34,806 [Worker-8: 入門コンテンツのインポート] INFO  o.e.m.c.i.e.AbstractTransferListenerAdapter - Downloaded https://repo.maven.apache.org/maven2/org/glassfish/jaxb/jaxb-bom/4.0.5/jaxb-bom-4.0.5.pom
2025-08-10 17:59:34,826 [Worker-8: 入門コンテンツのインポート] INFO  o.e.m.c.i.e.AbstractTransferListenerAdapter - Downloading https://repo.maven.apache.org/maven2/org/eclipse/ee4j/project/1.0.9/project-1.0.9.pom
2025-08-10 17:59:34,828 [Worker-8: 入門コンテンツのインポート] INFO  o.e.m.c.i.e.AbstractTransferListenerAdapter - Downloaded https://repo.maven.apache.org/maven2/org/eclipse/ee4j/project/1.0.9/project-1.0.9.pom
2025-08-10 17:59:34,848 [Worker-8: 入門コンテンツのインポート] INFO  o.e.m.c.i.e.AbstractTransferListenerAdapter - Downloading https://repo.maven.apache.org/maven2/org/apache/groovy/groovy-bom/4.0.28/groovy-bom-4.0.28.pom
2025-08-10 17:59:34,852 [Worker-8: 入門コンテンツのインポート] INFO  o.e.m.c.i.e.AbstractTransferListenerAdapter - Downloaded https://repo.maven.apache.org/maven2/org/apache/groovy/groovy-bom/4.0.28/groovy-bom-4.0.28.pom
2025-08-10 17:59:34,872 [Worker-8: 入門コンテンツのインポート] INFO  o.e.m.c.i.e.AbstractTransferListenerAdapter - Downloading https://repo.maven.apache.org/maven2/org/infinispan/infinispan-bom/15.2.5.Final/infinispan-bom-15.2.5.Final.pom
2025-08-10 17:59:34,875 [Worker-8: 入門コンテンツのインポート] INFO  o.e.m.c.i.e.AbstractTransferListenerAdapter - Downloaded https://repo.maven.apache.org/maven2/org/infinispan/infinispan-bom/15.2.5.Final/infinispan-bom-15.2.5.Final.pom
2025-08-10 17:59:34,909 [Worker-8: 入門コンテンツのインポート] INFO  o.e.m.c.i.e.AbstractTransferListenerAdapter - Downloading https://repo.maven.apache.org/maven2/org/infinispan/infinispan-build-configuration-parent/15.2.5.Final/infinispan-build-configuration-parent-15.2.5.Final.pom
2025-08-10 17:59:34,914 [Worker-8: 入門コンテンツのインポート] INFO  o.e.m.c.i.e.AbstractTransferListenerAdapter - Downloaded https://repo.maven.apache.org/maven2/org/infinispan/infinispan-build-configuration-parent/15.2.5.Final/infinispan-build-configuration-parent-15.2.5.Final.pom
2025-08-10 17:59:34,934 [Worker-8: 入門コンテンツのインポート] INFO  o.e.m.c.i.e.AbstractTransferListenerAdapter - Downloading https://repo.maven.apache.org/maven2/com/fasterxml/jackson/jackson-bom/2.19.2/jackson-bom-2.19.2.pom
2025-08-10 17:59:34,936 [Worker-8: 入門コンテンツのインポート] INFO  o.e.m.c.i.e.AbstractTransferListenerAdapter - Downloaded https://repo.maven.apache.org/maven2/com/fasterxml/jackson/jackson-bom/2.19.2/jackson-bom-2.19.2.pom
2025-08-10 17:59:34,955 [Worker-8: 入門コンテンツのインポート] INFO  o.e.m.c.i.e.AbstractTransferListenerAdapter - Downloading https://repo.maven.apache.org/maven2/com/fasterxml/jackson/jackson-parent/2.19.3/jackson-parent-2.19.3.pom
2025-08-10 17:59:34,958 [Worker-8: 入門コンテンツのインポート] INFO  o.e.m.c.i.e.AbstractTransferListenerAdapter - Downloaded https://repo.maven.apache.org/maven2/com/fasterxml/jackson/jackson-parent/2.19.3/jackson-parent-2.19.3.pom
2025-08-10 17:59:34,977 [Worker-8: 入門コンテンツのインポート] INFO  o.e.m.c.i.e.AbstractTransferListenerAdapter - Downloading https://repo.maven.apache.org/maven2/com/fasterxml/oss-parent/69/oss-parent-69.pom
2025-08-10 17:59:34,980 [Worker-8: 入門コンテンツのインポート] INFO  o.e.m.c.i.e.AbstractTransferListenerAdapter - Downloaded https://repo.maven.apache.org/maven2/com/fasterxml/oss-parent/69/oss-parent-69.pom
2025-08-10 17:59:35,007 [Worker-8: 入門コンテンツのインポート] INFO  o.e.m.c.i.e.AbstractTransferListenerAdapter - Downloading https://repo.maven.apache.org/maven2/org/glassfish/jersey/jersey-bom/4.0.0-M2/jersey-bom-4.0.0-M2.pom
2025-08-10 17:59:35,009 [Worker-8: 入門コンテンツのインポート] INFO  o.e.m.c.i.e.AbstractTransferListenerAdapter - Downloaded https://repo.maven.apache.org/maven2/org/glassfish/jersey/jersey-bom/4.0.0-M2/jersey-bom-4.0.0-M2.pom
2025-08-10 17:59:35,030 [Worker-8: 入門コンテンツのインポート] INFO  o.e.m.c.i.e.AbstractTransferListenerAdapter - Downloading https://repo.maven.apache.org/maven2/org/eclipse/jetty/ee10/jetty-ee10-bom/12.0.24/jetty-ee10-bom-12.0.24.pom
2025-08-10 17:59:35,032 [Worker-8: 入門コンテンツのインポート] INFO  o.e.m.c.i.e.AbstractTransferListenerAdapter - Downloaded https://repo.maven.apache.org/maven2/org/eclipse/jetty/ee10/jetty-ee10-bom/12.0.24/jetty-ee10-bom-12.0.24.pom
2025-08-10 17:59:35,053 [Worker-8: 入門コンテンツのインポート] INFO  o.e.m.c.i.e.AbstractTransferListenerAdapter - Downloading https://repo.maven.apache.org/maven2/org/eclipse/jetty/jetty-bom/12.0.24/jetty-bom-12.0.24.pom
2025-08-10 17:59:35,055 [Worker-8: 入門コンテンツのインポート] INFO  o.e.m.c.i.e.AbstractTransferListenerAdapter - Downloaded https://repo.maven.apache.org/maven2/org/eclipse/jetty/jetty-bom/12.0.24/jetty-bom-12.0.24.pom
2025-08-10 17:59:35,076 [Worker-8: 入門コンテンツのインポート] INFO  o.e.m.c.i.e.AbstractTransferListenerAdapter - Downloading https://repo.maven.apache.org/maven2/org/jooq/jooq-bom/3.19.24/jooq-bom-3.19.24.pom
2025-08-10 17:59:35,078 [Worker-8: 入門コンテンツのインポート] INFO  o.e.m.c.i.e.AbstractTransferListenerAdapter - Downloaded https://repo.maven.apache.org/maven2/org/jooq/jooq-bom/3.19.24/jooq-bom-3.19.24.pom
2025-08-10 17:59:35,098 [Worker-8: 入門コンテンツのインポート] INFO  o.e.m.c.i.e.AbstractTransferListenerAdapter - Downloading https://repo.maven.apache.org/maven2/org/junit/junit-bom/5.13.4/junit-bom-5.13.4.pom
2025-08-10 17:59:35,100 [Worker-8: 入門コンテンツのインポート] INFO  o.e.m.c.i.e.AbstractTransferListenerAdapter - Downloaded https://repo.maven.apache.org/maven2/org/junit/junit-bom/5.13.4/junit-bom-5.13.4.pom
2025-08-10 17:59:35,120 [Worker-8: 入門コンテンツのインポート] INFO  o.e.m.c.i.e.AbstractTransferListenerAdapter - Downloading https://repo.maven.apache.org/maven2/org/jetbrains/kotlin/kotlin-bom/2.2.0/kotlin-bom-2.2.0.pom
2025-08-10 17:59:35,122 [Worker-8: 入門コンテンツのインポート] INFO  o.e.m.c.i.e.AbstractTransferListenerAdapter - Downloaded https://repo.maven.apache.org/maven2/org/jetbrains/kotlin/kotlin-bom/2.2.0/kotlin-bom-2.2.0.pom
2025-08-10 17:59:35,143 [Worker-8: 入門コンテンツのインポート] INFO  o.e.m.c.i.e.AbstractTransferListenerAdapter - Downloading https://repo.maven.apache.org/maven2/org/jetbrains/kotlinx/kotlinx-coroutines-bom/1.10.2/kotlinx-coroutines-bom-1.10.2.pom
2025-08-10 17:59:35,145 [Worker-8: 入門コンテンツのインポート] INFO  o.e.m.c.i.e.AbstractTransferListenerAdapter - Downloaded https://repo.maven.apache.org/maven2/org/jetbrains/kotlinx/kotlinx-coroutines-bom/1.10.2/kotlinx-coroutines-bom-1.10.2.pom
2025-08-10 17:59:35,162 [Worker-8: 入門コンテンツのインポート] INFO  o.e.m.c.i.e.AbstractTransferListenerAdapter - Downloading https://repo.maven.apache.org/maven2/org/jetbrains/kotlinx/kotlinx-serialization-bom/1.9.0/kotlinx-serialization-bom-1.9.0.pom
2025-08-10 17:59:35,165 [Worker-8: 入門コンテンツのインポート] INFO  o.e.m.c.i.e.AbstractTransferListenerAdapter - Downloaded https://repo.maven.apache.org/maven2/org/jetbrains/kotlinx/kotlinx-serialization-bom/1.9.0/kotlinx-serialization-bom-1.9.0.pom
2025-08-10 17:59:35,186 [Worker-8: 入門コンテンツのインポート] INFO  o.e.m.c.i.e.AbstractTransferListenerAdapter - Downloading https://repo.maven.apache.org/maven2/org/apache/logging/log4j/log4j-bom/2.24.3/log4j-bom-2.24.3.pom
2025-08-10 17:59:35,189 [Worker-8: 入門コンテンツのインポート] INFO  o.e.m.c.i.e.AbstractTransferListenerAdapter - Downloaded https://repo.maven.apache.org/maven2/org/apache/logging/log4j/log4j-bom/2.24.3/log4j-bom-2.24.3.pom
2025-08-10 17:59:35,208 [Worker-8: 入門コンテンツのインポート] INFO  o.e.m.c.i.e.AbstractTransferListenerAdapter - Downloading https://repo.maven.apache.org/maven2/org/apache/logging/logging-parent/11.3.0/logging-parent-11.3.0.pom
2025-08-10 17:59:35,213 [Worker-8: 入門コンテンツのインポート] INFO  o.e.m.c.i.e.AbstractTransferListenerAdapter - Downloaded https://repo.maven.apache.org/maven2/org/apache/logging/logging-parent/11.3.0/logging-parent-11.3.0.pom
2025-08-10 17:59:35,243 [Worker-8: 入門コンテンツのインポート] INFO  o.e.m.c.i.e.AbstractTransferListenerAdapter - Downloading https://repo.maven.apache.org/maven2/org/apache/apache/33/apache-33.pom
2025-08-10 17:59:35,246 [Worker-8: 入門コンテンツのインポート] INFO  o.e.m.c.i.e.AbstractTransferListenerAdapter - Downloaded https://repo.maven.apache.org/maven2/org/apache/apache/33/apache-33.pom
2025-08-10 17:59:35,453 [Worker-8: 入門コンテンツのインポート] INFO  o.e.m.c.i.e.AbstractTransferListenerAdapter - Downloading https://repo.spring.io/snapshot/io/micrometer/micrometer-bom/1.16.0-SNAPSHOT/maven-metadata.xml
2025-08-10 17:59:35,462 [Worker-8: 入門コンテンツのインポート] INFO  o.e.m.c.i.e.AbstractTransferListenerAdapter - Downloaded https://repo.spring.io/snapshot/io/micrometer/micrometer-bom/1.16.0-SNAPSHOT/maven-metadata.xml
2025-08-10 17:59:35,664 [Worker-8: 入門コンテンツのインポート] INFO  o.e.m.c.i.e.AbstractTransferListenerAdapter - Downloading https://repo.spring.io/snapshot/io/micrometer/micrometer-bom/1.16.0-SNAPSHOT/micrometer-bom-1.16.0-20250808.223947-196.pom
2025-08-10 17:59:35,671 [Worker-8: 入門コンテンツのインポート] INFO  o.e.m.c.i.e.AbstractTransferListenerAdapter - Downloaded https://repo.spring.io/snapshot/io/micrometer/micrometer-bom/1.16.0-SNAPSHOT/micrometer-bom-1.16.0-20250808.223947-196.pom
2025-08-10 17:59:35,883 [Worker-8: 入門コンテンツのインポート] INFO  o.e.m.c.i.e.AbstractTransferListenerAdapter - Downloading https://repo.spring.io/snapshot/io/micrometer/micrometer-tracing-bom/1.6.0-SNAPSHOT/maven-metadata.xml
2025-08-10 17:59:35,888 [Worker-8: 入門コンテンツのインポート] INFO  o.e.m.c.i.e.AbstractTransferListenerAdapter - Downloaded https://repo.spring.io/snapshot/io/micrometer/micrometer-tracing-bom/1.6.0-SNAPSHOT/maven-metadata.xml
2025-08-10 17:59:36,089 [Worker-8: 入門コンテンツのインポート] INFO  o.e.m.c.i.e.AbstractTransferListenerAdapter - Downloading https://repo.spring.io/snapshot/io/micrometer/micrometer-tracing-bom/1.6.0-SNAPSHOT/micrometer-tracing-bom-1.6.0-20250808.233445-60.pom
2025-08-10 17:59:36,097 [Worker-8: 入門コンテンツのインポート] INFO  o.e.m.c.i.e.AbstractTransferListenerAdapter - Downloaded https://repo.spring.io/snapshot/io/micrometer/micrometer-tracing-bom/1.6.0-SNAPSHOT/micrometer-tracing-bom-1.6.0-20250808.233445-60.pom
2025-08-10 17:59:36,119 [Worker-8: 入門コンテンツのインポート] INFO  o.e.m.c.i.e.AbstractTransferListenerAdapter - Downloading https://repo.maven.apache.org/maven2/org/mockito/mockito-bom/5.18.0/mockito-bom-5.18.0.pom
2025-08-10 17:59:36,121 [Worker-8: 入門コンテンツのインポート] INFO  o.e.m.c.i.e.AbstractTransferListenerAdapter - Downloaded https://repo.maven.apache.org/maven2/org/mockito/mockito-bom/5.18.0/mockito-bom-5.18.0.pom
2025-08-10 17:59:36,143 [Worker-8: 入門コンテンツのインポート] INFO  o.e.m.c.i.e.AbstractTransferListenerAdapter - Downloading https://repo.maven.apache.org/maven2/org/mongodb/mongodb-driver-bom/5.5.1/mongodb-driver-bom-5.5.1.pom
2025-08-10 17:59:36,145 [Worker-8: 入門コンテンツのインポート] INFO  o.e.m.c.i.e.AbstractTransferListenerAdapter - Downloaded https://repo.maven.apache.org/maven2/org/mongodb/mongodb-driver-bom/5.5.1/mongodb-driver-bom-5.5.1.pom
2025-08-10 17:59:36,166 [Worker-8: 入門コンテンツのインポート] INFO  o.e.m.c.i.e.AbstractTransferListenerAdapter - Downloading https://repo.maven.apache.org/maven2/io/netty/netty-bom/4.2.3.Final/netty-bom-4.2.3.Final.pom
2025-08-10 17:59:36,174 [Worker-8: 入門コンテンツのインポート] INFO  o.e.m.c.i.e.AbstractTransferListenerAdapter - Downloaded https://repo.maven.apache.org/maven2/io/netty/netty-bom/4.2.3.Final/netty-bom-4.2.3.Final.pom
2025-08-10 17:59:36,195 [Worker-8: 入門コンテンツのインポート] INFO  o.e.m.c.i.e.AbstractTransferListenerAdapter - Downloading https://repo.maven.apache.org/maven2/org/sonatype/oss/oss-parent/7/oss-parent-7.pom
2025-08-10 17:59:36,197 [Worker-8: 入門コンテンツのインポート] INFO  o.e.m.c.i.e.AbstractTransferListenerAdapter - Downloaded https://repo.maven.apache.org/maven2/org/sonatype/oss/oss-parent/7/oss-parent-7.pom
2025-08-10 17:59:36,223 [Worker-8: 入門コンテンツのインポート] INFO  o.e.m.c.i.e.AbstractTransferListenerAdapter - Downloading https://repo.maven.apache.org/maven2/io/opentelemetry/opentelemetry-bom/1.52.0/opentelemetry-bom-1.52.0.pom
2025-08-10 17:59:36,227 [Worker-8: 入門コンテンツのインポート] INFO  o.e.m.c.i.e.AbstractTransferListenerAdapter - Downloaded https://repo.maven.apache.org/maven2/io/opentelemetry/opentelemetry-bom/1.52.0/opentelemetry-bom-1.52.0.pom
2025-08-10 17:59:36,247 [Worker-8: 入門コンテンツのインポート] INFO  o.e.m.c.i.e.AbstractTransferListenerAdapter - Downloading https://repo.maven.apache.org/maven2/io/prometheus/prometheus-metrics-bom/1.3.10/prometheus-metrics-bom-1.3.10.pom
2025-08-10 17:59:36,250 [Worker-8: 入門コンテンツのインポート] INFO  o.e.m.c.i.e.AbstractTransferListenerAdapter - Downloaded https://repo.maven.apache.org/maven2/io/prometheus/prometheus-metrics-bom/1.3.10/prometheus-metrics-bom-1.3.10.pom
2025-08-10 17:59:36,297 [Worker-8: 入門コンテンツのインポート] INFO  o.e.m.c.i.e.AbstractTransferListenerAdapter - Downloading https://repo.maven.apache.org/maven2/io/prometheus/client_java_parent/1.3.10/client_java_parent-1.3.10.pom
2025-08-10 17:59:36,301 [Worker-8: 入門コンテンツのインポート] INFO  o.e.m.c.i.e.AbstractTransferListenerAdapter - Downloaded https://repo.maven.apache.org/maven2/io/prometheus/client_java_parent/1.3.10/client_java_parent-1.3.10.pom
2025-08-10 17:59:36,326 [Worker-8: 入門コンテンツのインポート] INFO  o.e.m.c.i.e.AbstractTransferListenerAdapter - Downloading https://repo.maven.apache.org/maven2/io/prometheus/simpleclient_bom/0.16.0/simpleclient_bom-0.16.0.pom
2025-08-10 17:59:36,328 [Worker-8: 入門コンテンツのインポート] INFO  o.e.m.c.i.e.AbstractTransferListenerAdapter - Downloaded https://repo.maven.apache.org/maven2/io/prometheus/simpleclient_bom/0.16.0/simpleclient_bom-0.16.0.pom
2025-08-10 17:59:36,346 [Worker-8: 入門コンテンツのインポート] INFO  o.e.m.c.i.e.AbstractTransferListenerAdapter - Downloading https://repo.maven.apache.org/maven2/io/prometheus/parent/0.16.0/parent-0.16.0.pom
2025-08-10 17:59:36,348 [Worker-8: 入門コンテンツのインポート] INFO  o.e.m.c.i.e.AbstractTransferListenerAdapter - Downloaded https://repo.maven.apache.org/maven2/io/prometheus/parent/0.16.0/parent-0.16.0.pom
2025-08-10 17:59:36,367 [Worker-8: 入門コンテンツのインポート] INFO  o.e.m.c.i.e.AbstractTransferListenerAdapter - Downloading https://repo.maven.apache.org/maven2/org/apache/pulsar/pulsar-bom/4.0.6/pulsar-bom-4.0.6.pom
2025-08-10 17:59:36,373 [Worker-8: 入門コンテンツのインポート] INFO  o.e.m.c.i.e.AbstractTransferListenerAdapter - Downloaded https://repo.maven.apache.org/maven2/org/apache/pulsar/pulsar-bom/4.0.6/pulsar-bom-4.0.6.pom
2025-08-10 17:59:36,391 [Worker-8: 入門コンテンツのインポート] INFO  o.e.m.c.i.e.AbstractTransferListenerAdapter - Downloading https://repo.maven.apache.org/maven2/org/apache/apache/29/apache-29.pom
2025-08-10 17:59:36,397 [Worker-8: 入門コンテンツのインポート] INFO  o.e.m.c.i.e.AbstractTransferListenerAdapter - Downloaded https://repo.maven.apache.org/maven2/org/apache/apache/29/apache-29.pom
2025-08-10 17:59:36,417 [Worker-8: 入門コンテンツのインポート] INFO  o.e.m.c.i.e.AbstractTransferListenerAdapter - Downloading https://repo.maven.apache.org/maven2/org/apache/pulsar/pulsar-client-reactive-bom/0.7.0/pulsar-client-reactive-bom-0.7.0.pom
2025-08-10 17:59:36,420 [Worker-8: 入門コンテンツのインポート] INFO  o.e.m.c.i.e.AbstractTransferListenerAdapter - Downloaded https://repo.maven.apache.org/maven2/org/apache/pulsar/pulsar-client-reactive-bom/0.7.0/pulsar-client-reactive-bom-0.7.0.pom
2025-08-10 17:59:36,443 [Worker-8: 入門コンテンツのインポート] INFO  o.e.m.c.i.e.AbstractTransferListenerAdapter - Downloading https://repo.maven.apache.org/maven2/com/querydsl/querydsl-bom/5.1.0/querydsl-bom-5.1.0.pom
2025-08-10 17:59:36,445 [Worker-8: 入門コンテンツのインポート] INFO  o.e.m.c.i.e.AbstractTransferListenerAdapter - Downloaded https://repo.maven.apache.org/maven2/com/querydsl/querydsl-bom/5.1.0/querydsl-bom-5.1.0.pom
2025-08-10 17:59:36,653 [Worker-8: 入門コンテンツのインポート] INFO  o.e.m.c.i.e.AbstractTransferListenerAdapter - Downloading https://repo.spring.io/snapshot/io/projectreactor/reactor-bom/2025.0.0-SNAPSHOT/maven-metadata.xml
2025-08-10 17:59:36,660 [Worker-8: 入門コンテンツのインポート] INFO  o.e.m.c.i.e.AbstractTransferListenerAdapter - Downloaded https://repo.spring.io/snapshot/io/projectreactor/reactor-bom/2025.0.0-SNAPSHOT/maven-metadata.xml
2025-08-10 17:59:36,865 [Worker-8: 入門コンテンツのインポート] INFO  o.e.m.c.i.e.AbstractTransferListenerAdapter - Downloading https://repo.spring.io/snapshot/io/projectreactor/reactor-bom/2025.0.0-SNAPSHOT/reactor-bom-2025.0.0-20250715.174408-38.pom
2025-08-10 17:59:36,872 [Worker-8: 入門コンテンツのインポート] INFO  o.e.m.c.i.e.AbstractTransferListenerAdapter - Downloaded https://repo.spring.io/snapshot/io/projectreactor/reactor-bom/2025.0.0-SNAPSHOT/reactor-bom-2025.0.0-20250715.174408-38.pom
2025-08-10 17:59:36,897 [Worker-8: 入門コンテンツのインポート] INFO  o.e.m.c.i.e.AbstractTransferListenerAdapter - Downloading https://repo.maven.apache.org/maven2/io/rest-assured/rest-assured-bom/5.5.5/rest-assured-bom-5.5.5.pom
2025-08-10 17:59:36,900 [Worker-8: 入門コンテンツのインポート] INFO  o.e.m.c.i.e.AbstractTransferListenerAdapter - Downloaded https://repo.maven.apache.org/maven2/io/rest-assured/rest-assured-bom/5.5.5/rest-assured-bom-5.5.5.pom
2025-08-10 17:59:36,920 [Worker-8: 入門コンテンツのインポート] INFO  o.e.m.c.i.e.AbstractTransferListenerAdapter - Downloading https://repo.maven.apache.org/maven2/io/rsocket/rsocket-bom/1.1.5/rsocket-bom-1.1.5.pom
2025-08-10 17:59:36,924 [Worker-8: 入門コンテンツのインポート] INFO  o.e.m.c.i.e.AbstractTransferListenerAdapter - Downloaded https://repo.maven.apache.org/maven2/io/rsocket/rsocket-bom/1.1.5/rsocket-bom-1.1.5.pom
2025-08-10 17:59:36,942 [Worker-8: 入門コンテンツのインポート] INFO  o.e.m.c.i.e.AbstractTransferListenerAdapter - Downloading https://repo.maven.apache.org/maven2/org/seleniumhq/selenium/selenium-bom/4.34.0/selenium-bom-4.34.0.pom
2025-08-10 17:59:36,946 [Worker-8: 入門コンテンツのインポート] INFO  o.e.m.c.i.e.AbstractTransferListenerAdapter - Downloaded https://repo.maven.apache.org/maven2/org/seleniumhq/selenium/selenium-bom/4.34.0/selenium-bom-4.34.0.pom
2025-08-10 17:59:36,965 [Worker-8: 入門コンテンツのインポート] INFO  o.e.m.c.i.e.AbstractTransferListenerAdapter - Downloading https://repo.maven.apache.org/maven2/org/springframework/amqp/spring-amqp-bom/4.0.0-M3/spring-amqp-bom-4.0.0-M3.pom
2025-08-10 17:59:36,967 [Worker-8: 入門コンテンツのインポート] INFO  o.e.m.c.i.e.AbstractTransferListenerAdapter - Downloaded https://repo.maven.apache.org/maven2/org/springframework/amqp/spring-amqp-bom/4.0.0-M3/spring-amqp-bom-4.0.0-M3.pom
2025-08-10 17:59:37,172 [Worker-8: 入門コンテンツのインポート] INFO  o.e.m.c.i.e.AbstractTransferListenerAdapter - Downloading https://repo.spring.io/snapshot/org/springframework/batch/spring-batch-bom/6.0.0-SNAPSHOT/maven-metadata.xml
2025-08-10 17:59:37,177 [Worker-8: 入門コンテンツのインポート] INFO  o.e.m.c.i.e.AbstractTransferListenerAdapter - Downloaded https://repo.spring.io/snapshot/org/springframework/batch/spring-batch-bom/6.0.0-SNAPSHOT/maven-metadata.xml
2025-08-10 17:59:37,378 [Worker-8: 入門コンテンツのインポート] INFO  o.e.m.c.i.e.AbstractTransferListenerAdapter - Downloading https://repo.spring.io/snapshot/org/springframework/batch/spring-batch-bom/6.0.0-SNAPSHOT/spring-batch-bom-6.0.0-20250723.131350-44.pom
2025-08-10 17:59:37,383 [Worker-8: 入門コンテンツのインポート] INFO  o.e.m.c.i.e.AbstractTransferListenerAdapter - Downloaded https://repo.spring.io/snapshot/org/springframework/batch/spring-batch-bom/6.0.0-SNAPSHOT/spring-batch-bom-6.0.0-20250723.131350-44.pom
2025-08-10 17:59:37,593 [Worker-8: 入門コンテンツのインポート] INFO  o.e.m.c.i.e.AbstractTransferListenerAdapter - Downloading https://repo.spring.io/snapshot/org/springframework/data/spring-data-bom/2025.1.0-SNAPSHOT/maven-metadata.xml
2025-08-10 17:59:37,599 [Worker-8: 入門コンテンツのインポート] INFO  o.e.m.c.i.e.AbstractTransferListenerAdapter - Downloaded https://repo.spring.io/snapshot/org/springframework/data/spring-data-bom/2025.1.0-SNAPSHOT/maven-metadata.xml
2025-08-10 17:59:37,802 [Worker-8: 入門コンテンツのインポート] INFO  o.e.m.c.i.e.AbstractTransferListenerAdapter - Downloading https://repo.spring.io/snapshot/org/springframework/data/spring-data-bom/2025.1.0-SNAPSHOT/spring-data-bom-2025.1.0-20250808.152151-1188.pom
2025-08-10 17:59:37,809 [Worker-8: 入門コンテンツのインポート] INFO  o.e.m.c.i.e.AbstractTransferListenerAdapter - Downloaded https://repo.spring.io/snapshot/org/springframework/data/spring-data-bom/2025.1.0-SNAPSHOT/spring-data-bom-2025.1.0-20250808.152151-1188.pom
2025-08-10 17:59:38,020 [Worker-8: 入門コンテンツのインポート] INFO  o.e.m.c.i.e.AbstractTransferListenerAdapter - Downloading https://repo.spring.io/snapshot/org/springframework/spring-framework-bom/7.0.0-SNAPSHOT/maven-metadata.xml
2025-08-10 17:59:38,027 [Worker-8: 入門コンテンツのインポート] INFO  o.e.m.c.i.e.AbstractTransferListenerAdapter - Downloaded https://repo.spring.io/snapshot/org/springframework/spring-framework-bom/7.0.0-SNAPSHOT/maven-metadata.xml
2025-08-10 17:59:38,227 [Worker-8: 入門コンテンツのインポート] INFO  o.e.m.c.i.e.AbstractTransferListenerAdapter - Downloading https://repo.spring.io/snapshot/org/springframework/spring-framework-bom/7.0.0-SNAPSHOT/spring-framework-bom-7.0.0-20250806.191428-793.pom
2025-08-10 17:59:38,233 [Worker-8: 入門コンテンツのインポート] INFO  o.e.m.c.i.e.AbstractTransferListenerAdapter - Downloaded https://repo.spring.io/snapshot/org/springframework/spring-framework-bom/7.0.0-SNAPSHOT/spring-framework-bom-7.0.0-20250806.191428-793.pom
2025-08-10 17:59:38,270 [Worker-8: 入門コンテンツのインポート] INFO  o.e.m.c.i.e.AbstractTransferListenerAdapter - Downloading https://repo.maven.apache.org/maven2/org/springframework/integration/spring-integration-bom/7.0.0-M1/spring-integration-bom-7.0.0-M1.pom
2025-08-10 17:59:38,275 [Worker-8: 入門コンテンツのインポート] INFO  o.e.m.c.i.e.AbstractTransferListenerAdapter - Downloaded https://repo.maven.apache.org/maven2/org/springframework/integration/spring-integration-bom/7.0.0-M1/spring-integration-bom-7.0.0-M1.pom
2025-08-10 17:59:38,477 [Worker-8: 入門コンテンツのインポート] INFO  o.e.m.c.i.e.AbstractTransferListenerAdapter - Downloading https://repo.spring.io/snapshot/org/springframework/pulsar/spring-pulsar-bom/2.0.0-SNAPSHOT/maven-metadata.xml
2025-08-10 17:59:38,483 [Worker-8: 入門コンテンツのインポート] INFO  o.e.m.c.i.e.AbstractTransferListenerAdapter - Downloaded https://repo.spring.io/snapshot/org/springframework/pulsar/spring-pulsar-bom/2.0.0-SNAPSHOT/maven-metadata.xml
2025-08-10 17:59:38,686 [Worker-8: 入門コンテンツのインポート] INFO  o.e.m.c.i.e.AbstractTransferListenerAdapter - Downloading https://repo.spring.io/snapshot/org/springframework/pulsar/spring-pulsar-bom/2.0.0-SNAPSHOT/spring-pulsar-bom-2.0.0-20250809.111340-50.pom
2025-08-10 17:59:38,693 [Worker-8: 入門コンテンツのインポート] INFO  o.e.m.c.i.e.AbstractTransferListenerAdapter - Downloaded https://repo.spring.io/snapshot/org/springframework/pulsar/spring-pulsar-bom/2.0.0-SNAPSHOT/spring-pulsar-bom-2.0.0-20250809.111340-50.pom
2025-08-10 17:59:38,903 [Worker-8: 入門コンテンツのインポート] INFO  o.e.m.c.i.e.AbstractTransferListenerAdapter - Downloading https://repo.spring.io/snapshot/org/springframework/restdocs/spring-restdocs-bom/4.0.0-SNAPSHOT/maven-metadata.xml
2025-08-10 17:59:38,910 [Worker-8: 入門コンテンツのインポート] INFO  o.e.m.c.i.e.AbstractTransferListenerAdapter - Downloaded https://repo.spring.io/snapshot/org/springframework/restdocs/spring-restdocs-bom/4.0.0-SNAPSHOT/maven-metadata.xml
2025-08-10 17:59:39,114 [Worker-8: 入門コンテンツのインポート] INFO  o.e.m.c.i.e.AbstractTransferListenerAdapter - Downloading https://repo.spring.io/snapshot/org/springframework/restdocs/spring-restdocs-bom/4.0.0-SNAPSHOT/spring-restdocs-bom-4.0.0-20250729.071621-45.pom
2025-08-10 17:59:39,120 [Worker-8: 入門コンテンツのインポート] INFO  o.e.m.c.i.e.AbstractTransferListenerAdapter - Downloaded https://repo.spring.io/snapshot/org/springframework/restdocs/spring-restdocs-bom/4.0.0-SNAPSHOT/spring-restdocs-bom-4.0.0-20250729.071621-45.pom
2025-08-10 17:59:39,328 [Worker-8: 入門コンテンツのインポート] INFO  o.e.m.c.i.e.AbstractTransferListenerAdapter - Downloading https://repo.spring.io/snapshot/org/springframework/security/spring-security-bom/7.0.0-SNAPSHOT/maven-metadata.xml
2025-08-10 17:59:39,334 [Worker-8: 入門コンテンツのインポート] INFO  o.e.m.c.i.e.AbstractTransferListenerAdapter - Downloaded https://repo.spring.io/snapshot/org/springframework/security/spring-security-bom/7.0.0-SNAPSHOT/maven-metadata.xml
2025-08-10 17:59:39,536 [Worker-8: 入門コンテンツのインポート] INFO  o.e.m.c.i.e.AbstractTransferListenerAdapter - Downloading https://repo.spring.io/snapshot/org/springframework/security/spring-security-bom/7.0.0-SNAPSHOT/spring-security-bom-7.0.0-20250809.100843-262.pom
2025-08-10 17:59:39,542 [Worker-8: 入門コンテンツのインポート] INFO  o.e.m.c.i.e.AbstractTransferListenerAdapter - Downloaded https://repo.spring.io/snapshot/org/springframework/security/spring-security-bom/7.0.0-SNAPSHOT/spring-security-bom-7.0.0-20250809.100843-262.pom
2025-08-10 17:59:39,565 [Worker-8: 入門コンテンツのインポート] INFO  o.e.m.c.i.e.AbstractTransferListenerAdapter - Downloading https://repo.maven.apache.org/maven2/org/springframework/session/spring-session-bom/4.0.0-M1/spring-session-bom-4.0.0-M1.pom
2025-08-10 17:59:39,567 [Worker-8: 入門コンテンツのインポート] INFO  o.e.m.c.i.e.AbstractTransferListenerAdapter - Downloaded https://repo.maven.apache.org/maven2/org/springframework/session/spring-session-bom/4.0.0-M1/spring-session-bom-4.0.0-M1.pom
2025-08-10 17:59:39,585 [Worker-8: 入門コンテンツのインポート] INFO  o.e.m.c.i.e.AbstractTransferListenerAdapter - Downloading https://repo.maven.apache.org/maven2/org/springframework/ws/spring-ws-bom/5.0.0-M1/spring-ws-bom-5.0.0-M1.pom
2025-08-10 17:59:39,588 [Worker-8: 入門コンテンツのインポート] INFO  o.e.m.c.i.e.AbstractTransferListenerAdapter - Downloaded https://repo.maven.apache.org/maven2/org/springframework/ws/spring-ws-bom/5.0.0-M1/spring-ws-bom-5.0.0-M1.pom
2025-08-10 17:59:39,608 [Worker-8: 入門コンテンツのインポート] INFO  o.e.m.c.i.e.AbstractTransferListenerAdapter - Downloading https://repo.maven.apache.org/maven2/org/testcontainers/testcontainers-bom/1.21.3/testcontainers-bom-1.21.3.pom
2025-08-10 17:59:39,610 [Worker-8: 入門コンテンツのインポート] INFO  o.e.m.c.i.e.AbstractTransferListenerAdapter - Downloaded https://repo.maven.apache.org/maven2/org/testcontainers/testcontainers-bom/1.21.3/testcontainers-bom-1.21.3.pom
2025-08-10 17:59:40,127 [Worker-8: 入門コンテンツのインポート] INFO  o.e.m.c.i.e.AbstractTransferListenerAdapter - Downloading https://repo.spring.io/snapshot/org/springframework/boot/spring-boot-maven-plugin/4.0.0-SNAPSHOT/maven-metadata.xml
2025-08-10 17:59:40,133 [Worker-8: 入門コンテンツのインポート] INFO  o.e.m.c.i.e.AbstractTransferListenerAdapter - Downloaded https://repo.spring.io/snapshot/org/springframework/boot/spring-boot-maven-plugin/4.0.0-SNAPSHOT/maven-metadata.xml
2025-08-10 17:59:40,338 [Worker-8: 入門コンテンツのインポート] INFO  o.e.m.c.i.e.AbstractTransferListenerAdapter - Downloading https://repo.spring.io/snapshot/org/springframework/boot/spring-boot-maven-plugin/4.0.0-SNAPSHOT/spring-boot-maven-plugin-4.0.0-20250808.165659-372.pom
2025-08-10 17:59:40,347 [Worker-8: 入門コンテンツのインポート] INFO  o.e.m.c.i.e.AbstractTransferListenerAdapter - Downloaded https://repo.spring.io/snapshot/org/springframework/boot/spring-boot-maven-plugin/4.0.0-SNAPSHOT/spring-boot-maven-plugin-4.0.0-20250808.165659-372.pom
2025-08-10 17:59:40,561 [Worker-8: 入門コンテンツのインポート] INFO  o.e.m.c.i.e.AbstractTransferListenerAdapter - Downloading https://repo.spring.io/snapshot/org/springframework/boot/spring-boot-maven-plugin/4.0.0-SNAPSHOT/spring-boot-maven-plugin-4.0.0-20250808.165659-372.jar
2025-08-10 17:59:41,125 [Worker-8: 入門コンテンツのインポート] INFO  o.e.m.c.i.e.AbstractTransferListenerAdapter - Downloaded https://repo.spring.io/snapshot/org/springframework/boot/spring-boot-maven-plugin/4.0.0-SNAPSHOT/spring-boot-maven-plugin-4.0.0-20250808.165659-372.jar
2025-08-10 17:59:41,194 [Worker-8: 入門コンテンツのインポート] INFO  o.e.m.c.i.e.AbstractTransferListenerAdapter - Downloading https://repo.maven.apache.org/maven2/org/apache/maven/plugins/maven-clean-plugin/3.5.0/maven-clean-plugin-3.5.0.jar
2025-08-10 17:59:41,200 [Worker-8: 入門コンテンツのインポート] INFO  o.e.m.c.i.e.AbstractTransferListenerAdapter - Downloaded https://repo.maven.apache.org/maven2/org/apache/maven/plugins/maven-clean-plugin/3.5.0/maven-clean-plugin-3.5.0.jar
2025-08-10 17:59:41,310 [Worker-8: 入門コンテンツのインポート] INFO  o.e.m.c.i.e.AbstractTransferListenerAdapter - Downloading https://repo.maven.apache.org/maven2/org/apache/maven/plugins/maven-resources-plugin/3.3.1/maven-resources-plugin-3.3.1.jar
2025-08-10 17:59:41,316 [Worker-8: 入門コンテンツのインポート] INFO  o.e.m.c.i.e.AbstractTransferListenerAdapter - Downloaded https://repo.maven.apache.org/maven2/org/apache/maven/plugins/maven-resources-plugin/3.3.1/maven-resources-plugin-3.3.1.jar
2025-08-10 17:59:41,402 [Worker-8: 入門コンテンツのインポート] INFO  o.e.m.c.i.e.AbstractTransferListenerAdapter - Downloading https://repo.maven.apache.org/maven2/org/apache/maven/plugins/maven-compiler-plugin/3.14.0/maven-compiler-plugin-3.14.0.jar
2025-08-10 17:59:41,419 [Worker-8: 入門コンテンツのインポート] INFO  o.e.m.c.i.e.AbstractTransferListenerAdapter - Downloaded https://repo.maven.apache.org/maven2/org/apache/maven/plugins/maven-compiler-plugin/3.14.0/maven-compiler-plugin-3.14.0.jar
2025-08-10 17:59:41,444 [Worker-8: 入門コンテンツのインポート] INFO  o.e.m.c.i.e.AbstractTransferListenerAdapter - Downloading https://repo.maven.apache.org/maven2/org/apache/maven/plugins/maven-surefire-plugin/3.5.3/maven-surefire-plugin-3.5.3.jar
2025-08-10 17:59:41,455 [Worker-8: 入門コンテンツのインポート] INFO  o.e.m.c.i.e.AbstractTransferListenerAdapter - Downloaded https://repo.maven.apache.org/maven2/org/apache/maven/plugins/maven-surefire-plugin/3.5.3/maven-surefire-plugin-3.5.3.jar
2025-08-10 17:59:41,533 [Worker-8: 入門コンテンツのインポート] INFO  o.e.m.c.i.e.AbstractTransferListenerAdapter - Downloading https://repo.maven.apache.org/maven2/org/apache/maven/plugins/maven-jar-plugin/3.4.2/maven-jar-plugin-3.4.2.jar
2025-08-10 17:59:41,539 [Worker-8: 入門コンテンツのインポート] INFO  o.e.m.c.i.e.AbstractTransferListenerAdapter - Downloaded https://repo.maven.apache.org/maven2/org/apache/maven/plugins/maven-jar-plugin/3.4.2/maven-jar-plugin-3.4.2.jar
2025-08-10 17:59:41,641 [Worker-8: 入門コンテンツのインポート] INFO  o.e.m.c.i.e.AbstractTransferListenerAdapter - Downloading https://repo.maven.apache.org/maven2/org/apache/maven/plugins/maven-install-plugin/3.1.4/maven-install-plugin-3.1.4.jar
2025-08-10 17:59:41,648 [Worker-8: 入門コンテンツのインポート] INFO  o.e.m.c.i.e.AbstractTransferListenerAdapter - Downloaded https://repo.maven.apache.org/maven2/org/apache/maven/plugins/maven-install-plugin/3.1.4/maven-install-plugin-3.1.4.jar
2025-08-10 17:59:41,732 [Worker-8: 入門コンテンツのインポート] INFO  o.e.m.c.i.e.AbstractTransferListenerAdapter - Downloading https://repo.maven.apache.org/maven2/org/apache/maven/plugins/maven-deploy-plugin/3.1.4/maven-deploy-plugin-3.1.4.jar
2025-08-10 17:59:41,744 [Worker-8: 入門コンテンツのインポート] INFO  o.e.m.c.i.e.AbstractTransferListenerAdapter - Downloaded https://repo.maven.apache.org/maven2/org/apache/maven/plugins/maven-deploy-plugin/3.1.4/maven-deploy-plugin-3.1.4.jar
2025-08-10 17:59:41,855 [Worker-8: 入門コンテンツのインポート] INFO  o.e.m.c.i.e.AbstractTransferListenerAdapter - Downloading https://repo.maven.apache.org/maven2/org/apache/maven/plugins/maven-site-plugin/3.12.1/maven-site-plugin-3.12.1.jar
2025-08-10 17:59:41,886 [Worker-8: 入門コンテンツのインポート] INFO  o.e.m.c.i.e.AbstractTransferListenerAdapter - Downloaded https://repo.maven.apache.org/maven2/org/apache/maven/plugins/maven-site-plugin/3.12.1/maven-site-plugin-3.12.1.jar
2025-08-10 17:59:41,918 [Worker-8: 入門コンテンツのインポート] INFO  o.e.m.c.i.e.AbstractTransferListenerAdapter - Downloading https://repo.maven.apache.org/maven2/org/apache/maven/plugins/maven-compiler-plugin/3.14.0/maven-compiler-plugin-3.14.0.pom
2025-08-10 17:59:41,920 [Worker-8: 入門コンテンツのインポート] INFO  o.e.m.c.i.e.AbstractTransferListenerAdapter - Downloaded https://repo.maven.apache.org/maven2/org/apache/maven/plugins/maven-compiler-plugin/3.14.0/maven-compiler-plugin-3.14.0.pom
2025-08-10 17:59:41,941 [Worker-8: 入門コンテンツのインポート] INFO  o.e.m.c.i.e.AbstractTransferListenerAdapter - Downloading https://repo.maven.apache.org/maven2/org/apache/maven/plugins/maven-plugins/43/maven-plugins-43.pom
2025-08-10 17:59:41,943 [Worker-8: 入門コンテンツのインポート] INFO  o.e.m.c.i.e.AbstractTransferListenerAdapter - Downloaded https://repo.maven.apache.org/maven2/org/apache/maven/plugins/maven-plugins/43/maven-plugins-43.pom
2025-08-10 17:59:41,986 [Worker-8: 入門コンテンツのインポート] INFO  o.e.m.c.i.e.AbstractTransferListenerAdapter - Downloading https://repo.maven.apache.org/maven2/org/apache/maven/maven-parent/43/maven-parent-43.pom
2025-08-10 17:59:42,001 [Worker-8: 入門コンテンツのインポート] INFO  o.e.m.c.i.e.AbstractTransferListenerAdapter - Downloaded https://repo.maven.apache.org/maven2/org/apache/maven/maven-parent/43/maven-parent-43.pom
2025-08-10 17:59:42,028 [Worker-8: 入門コンテンツのインポート] INFO  o.e.m.c.i.e.AbstractTransferListenerAdapter - Downloading https://repo.maven.apache.org/maven2/org/junit/junit-bom/5.10.3/junit-bom-5.10.3.pom
2025-08-10 17:59:42,030 [Worker-8: 入門コンテンツのインポート] INFO  o.e.m.c.i.e.AbstractTransferListenerAdapter - Downloaded https://repo.maven.apache.org/maven2/org/junit/junit-bom/5.10.3/junit-bom-5.10.3.pom
2025-08-10 17:59:42,063 [Worker-8: 入門コンテンツのインポート] INFO  o.e.m.c.i.e.AbstractTransferListenerAdapter - Downloading https://repo.maven.apache.org/maven2/org/apache/maven/shared/maven-shared-utils/3.4.2/maven-shared-utils-3.4.2.pom
2025-08-10 17:59:42,066 [Worker-8: 入門コンテンツのインポート] INFO  o.e.m.c.i.e.AbstractTransferListenerAdapter - Downloaded https://repo.maven.apache.org/maven2/org/apache/maven/shared/maven-shared-utils/3.4.2/maven-shared-utils-3.4.2.pom
2025-08-10 17:59:42,086 [Worker-8: 入門コンテンツのインポート] INFO  o.e.m.c.i.e.AbstractTransferListenerAdapter - Downloading https://repo.maven.apache.org/maven2/org/apache/maven/shared/maven-shared-components/39/maven-shared-components-39.pom
2025-08-10 17:59:42,089 [Worker-8: 入門コンテンツのインポート] INFO  o.e.m.c.i.e.AbstractTransferListenerAdapter - Downloaded https://repo.maven.apache.org/maven2/org/apache/maven/shared/maven-shared-components/39/maven-shared-components-39.pom
2025-08-10 17:59:42,110 [Worker-8: 入門コンテンツのインポート] INFO  o.e.m.c.i.e.AbstractTransferListenerAdapter - Downloading https://repo.maven.apache.org/maven2/org/apache/maven/maven-parent/39/maven-parent-39.pom
2025-08-10 17:59:42,122 [Worker-8: 入門コンテンツのインポート] INFO  o.e.m.c.i.e.AbstractTransferListenerAdapter - Downloaded https://repo.maven.apache.org/maven2/org/apache/maven/maven-parent/39/maven-parent-39.pom
2025-08-10 17:59:42,144 [Worker-8: 入門コンテンツのインポート] INFO  o.e.m.c.i.e.AbstractTransferListenerAdapter - Downloading https://repo.maven.apache.org/maven2/org/slf4j/slf4j-api/1.7.36/slf4j-api-1.7.36.pom
2025-08-10 17:59:42,148 [Worker-8: 入門コンテンツのインポート] INFO  o.e.m.c.i.e.AbstractTransferListenerAdapter - Downloaded https://repo.maven.apache.org/maven2/org/slf4j/slf4j-api/1.7.36/slf4j-api-1.7.36.pom
2025-08-10 17:59:42,167 [Worker-8: 入門コンテンツのインポート] INFO  o.e.m.c.i.e.AbstractTransferListenerAdapter - Downloading https://repo.maven.apache.org/maven2/org/slf4j/slf4j-parent/1.7.36/slf4j-parent-1.7.36.pom
2025-08-10 17:59:42,169 [Worker-8: 入門コンテンツのインポート] INFO  o.e.m.c.i.e.AbstractTransferListenerAdapter - Downloaded https://repo.maven.apache.org/maven2/org/slf4j/slf4j-parent/1.7.36/slf4j-parent-1.7.36.pom
2025-08-10 17:59:42,188 [Worker-8: 入門コンテンツのインポート] INFO  o.e.m.c.i.e.AbstractTransferListenerAdapter - Downloading https://repo.maven.apache.org/maven2/commons-io/commons-io/2.11.0/commons-io-2.11.0.pom
2025-08-10 17:59:42,193 [Worker-8: 入門コンテンツのインポート] INFO  o.e.m.c.i.e.AbstractTransferListenerAdapter - Downloaded https://repo.maven.apache.org/maven2/commons-io/commons-io/2.11.0/commons-io-2.11.0.pom
2025-08-10 17:59:42,217 [Worker-8: 入門コンテンツのインポート] INFO  o.e.m.c.i.e.AbstractTransferListenerAdapter - Downloading https://repo.maven.apache.org/maven2/org/apache/commons/commons-parent/52/commons-parent-52.pom
2025-08-10 17:59:42,235 [Worker-8: 入門コンテンツのインポート] INFO  o.e.m.c.i.e.AbstractTransferListenerAdapter - Downloaded https://repo.maven.apache.org/maven2/org/apache/commons/commons-parent/52/commons-parent-52.pom
2025-08-10 17:59:42,264 [Worker-8: 入門コンテンツのインポート] INFO  o.e.m.c.i.e.AbstractTransferListenerAdapter - Downloading https://repo.maven.apache.org/maven2/org/apache/apache/23/apache-23.pom
2025-08-10 17:59:42,272 [Worker-8: 入門コンテンツのインポート] INFO  o.e.m.c.i.e.AbstractTransferListenerAdapter - Downloaded https://repo.maven.apache.org/maven2/org/apache/apache/23/apache-23.pom
2025-08-10 17:59:42,294 [Worker-8: 入門コンテンツのインポート] INFO  o.e.m.c.i.e.AbstractTransferListenerAdapter - Downloading https://repo.maven.apache.org/maven2/org/junit/junit-bom/5.7.2/junit-bom-5.7.2.pom
2025-08-10 17:59:42,296 [Worker-8: 入門コンテンツのインポート] INFO  o.e.m.c.i.e.AbstractTransferListenerAdapter - Downloaded https://repo.maven.apache.org/maven2/org/junit/junit-bom/5.7.2/junit-bom-5.7.2.pom
2025-08-10 17:59:42,324 [Worker-8: 入門コンテンツのインポート] INFO  o.e.m.c.i.e.AbstractTransferListenerAdapter - Downloading https://repo.maven.apache.org/maven2/org/apache/maven/shared/maven-shared-incremental/1.1/maven-shared-incremental-1.1.pom
2025-08-10 17:59:42,327 [Worker-8: 入門コンテンツのインポート] INFO  o.e.m.c.i.e.AbstractTransferListenerAdapter - Downloaded https://repo.maven.apache.org/maven2/org/apache/maven/shared/maven-shared-incremental/1.1/maven-shared-incremental-1.1.pom
2025-08-10 17:59:42,350 [Worker-8: 入門コンテンツのインポート] INFO  o.e.m.c.i.e.AbstractTransferListenerAdapter - Downloading https://repo.maven.apache.org/maven2/org/apache/maven/shared/maven-shared-components/19/maven-shared-components-19.pom
2025-08-10 17:59:42,354 [Worker-8: 入門コンテンツのインポート] INFO  o.e.m.c.i.e.AbstractTransferListenerAdapter - Downloaded https://repo.maven.apache.org/maven2/org/apache/maven/shared/maven-shared-components/19/maven-shared-components-19.pom
2025-08-10 17:59:42,376 [Worker-8: 入門コンテンツのインポート] INFO  o.e.m.c.i.e.AbstractTransferListenerAdapter - Downloading https://repo.maven.apache.org/maven2/org/apache/maven/maven-parent/23/maven-parent-23.pom
2025-08-10 17:59:42,387 [Worker-8: 入門コンテンツのインポート] INFO  o.e.m.c.i.e.AbstractTransferListenerAdapter - Downloaded https://repo.maven.apache.org/maven2/org/apache/maven/maven-parent/23/maven-parent-23.pom
2025-08-10 17:59:42,412 [Worker-8: 入門コンテンツのインポート] INFO  o.e.m.c.i.e.AbstractTransferListenerAdapter - Downloading https://repo.maven.apache.org/maven2/org/apache/apache/13/apache-13.pom
2025-08-10 17:59:42,422 [Worker-8: 入門コンテンツのインポート] INFO  o.e.m.c.i.e.AbstractTransferListenerAdapter - Downloaded https://repo.maven.apache.org/maven2/org/apache/apache/13/apache-13.pom
2025-08-10 17:59:42,445 [Worker-8: 入門コンテンツのインポート] INFO  o.e.m.c.i.e.AbstractTransferListenerAdapter - Downloading https://repo.maven.apache.org/maven2/org/codehaus/plexus/plexus-java/1.4.0/plexus-java-1.4.0.pom
2025-08-10 17:59:42,447 [Worker-8: 入門コンテンツのインポート] INFO  o.e.m.c.i.e.AbstractTransferListenerAdapter - Downloaded https://repo.maven.apache.org/maven2/org/codehaus/plexus/plexus-java/1.4.0/plexus-java-1.4.0.pom
2025-08-10 17:59:42,467 [Worker-8: 入門コンテンツのインポート] INFO  o.e.m.c.i.e.AbstractTransferListenerAdapter - Downloading https://repo.maven.apache.org/maven2/org/codehaus/plexus/plexus-languages/1.4.0/plexus-languages-1.4.0.pom
2025-08-10 17:59:42,469 [Worker-8: 入門コンテンツのインポート] INFO  o.e.m.c.i.e.AbstractTransferListenerAdapter - Downloaded https://repo.maven.apache.org/maven2/org/codehaus/plexus/plexus-languages/1.4.0/plexus-languages-1.4.0.pom
2025-08-10 17:59:42,502 [Worker-8: 入門コンテンツのインポート] INFO  o.e.m.c.i.e.AbstractTransferListenerAdapter - Downloading https://repo.maven.apache.org/maven2/org/codehaus/plexus/plexus/20/plexus-20.pom
2025-08-10 17:59:42,512 [Worker-8: 入門コンテンツのインポート] INFO  o.e.m.c.i.e.AbstractTransferListenerAdapter - Downloaded https://repo.maven.apache.org/maven2/org/codehaus/plexus/plexus/20/plexus-20.pom
2025-08-10 17:59:42,535 [Worker-8: 入門コンテンツのインポート] INFO  o.e.m.c.i.e.AbstractTransferListenerAdapter - Downloading https://repo.maven.apache.org/maven2/org/junit/junit-bom/5.11.4/junit-bom-5.11.4.pom
2025-08-10 17:59:42,537 [Worker-8: 入門コンテンツのインポート] INFO  o.e.m.c.i.e.AbstractTransferListenerAdapter - Downloaded https://repo.maven.apache.org/maven2/org/junit/junit-bom/5.11.4/junit-bom-5.11.4.pom
2025-08-10 17:59:42,560 [Worker-8: 入門コンテンツのインポート] INFO  o.e.m.c.i.e.AbstractTransferListenerAdapter - Downloading https://repo.maven.apache.org/maven2/org/ow2/asm/asm/9.7.1/asm-9.7.1.pom
2025-08-10 17:59:42,562 [Worker-8: 入門コンテンツのインポート] INFO  o.e.m.c.i.e.AbstractTransferListenerAdapter - Downloaded https://repo.maven.apache.org/maven2/org/ow2/asm/asm/9.7.1/asm-9.7.1.pom
2025-08-10 17:59:42,584 [Worker-8: 入門コンテンツのインポート] INFO  o.e.m.c.i.e.AbstractTransferListenerAdapter - Downloading https://repo.maven.apache.org/maven2/org/ow2/ow2/1.5.1/ow2-1.5.1.pom
2025-08-10 17:59:42,589 [Worker-8: 入門コンテンツのインポート] INFO  o.e.m.c.i.e.AbstractTransferListenerAdapter - Downloaded https://repo.maven.apache.org/maven2/org/ow2/ow2/1.5.1/ow2-1.5.1.pom
2025-08-10 17:59:42,614 [Worker-8: 入門コンテンツのインポート] INFO  o.e.m.c.i.e.AbstractTransferListenerAdapter - Downloading https://repo.maven.apache.org/maven2/com/thoughtworks/qdox/qdox/2.2.0/qdox-2.2.0.pom
2025-08-10 17:59:42,617 [Worker-8: 入門コンテンツのインポート] INFO  o.e.m.c.i.e.AbstractTransferListenerAdapter - Downloaded https://repo.maven.apache.org/maven2/com/thoughtworks/qdox/qdox/2.2.0/qdox-2.2.0.pom
2025-08-10 17:59:42,667 [Worker-8: 入門コンテンツのインポート] INFO  o.e.m.c.i.e.AbstractTransferListenerAdapter - Downloading https://repo.maven.apache.org/maven2/org/sonatype/oss/oss-parent/9/oss-parent-9.pom
2025-08-10 17:59:42,672 [Worker-8: 入門コンテンツのインポート] INFO  o.e.m.c.i.e.AbstractTransferListenerAdapter - Downloaded https://repo.maven.apache.org/maven2/org/sonatype/oss/oss-parent/9/oss-parent-9.pom
2025-08-10 17:59:42,693 [Worker-8: 入門コンテンツのインポート] INFO  o.e.m.c.i.e.AbstractTransferListenerAdapter - Downloading https://repo.maven.apache.org/maven2/org/codehaus/plexus/plexus-compiler-api/2.15.0/plexus-compiler-api-2.15.0.pom
2025-08-10 17:59:42,697 [Worker-8: 入門コンテンツのインポート] INFO  o.e.m.c.i.e.AbstractTransferListenerAdapter - Downloaded https://repo.maven.apache.org/maven2/org/codehaus/plexus/plexus-compiler-api/2.15.0/plexus-compiler-api-2.15.0.pom
2025-08-10 17:59:42,715 [Worker-8: 入門コンテンツのインポート] INFO  o.e.m.c.i.e.AbstractTransferListenerAdapter - Downloading https://repo.maven.apache.org/maven2/org/codehaus/plexus/plexus-compiler/2.15.0/plexus-compiler-2.15.0.pom
2025-08-10 17:59:42,720 [Worker-8: 入門コンテンツのインポート] INFO  o.e.m.c.i.e.AbstractTransferListenerAdapter - Downloaded https://repo.maven.apache.org/maven2/org/codehaus/plexus/plexus-compiler/2.15.0/plexus-compiler-2.15.0.pom
2025-08-10 17:59:42,741 [Worker-8: 入門コンテンツのインポート] INFO  o.e.m.c.i.e.AbstractTransferListenerAdapter - Downloading https://repo.maven.apache.org/maven2/org/codehaus/plexus/plexus/17/plexus-17.pom
2025-08-10 17:59:42,747 [Worker-8: 入門コンテンツのインポート] INFO  o.e.m.c.i.e.AbstractTransferListenerAdapter - Downloaded https://repo.maven.apache.org/maven2/org/codehaus/plexus/plexus/17/plexus-17.pom
2025-08-10 17:59:42,767 [Worker-8: 入門コンテンツのインポート] INFO  o.e.m.c.i.e.AbstractTransferListenerAdapter - Downloading https://repo.maven.apache.org/maven2/org/junit/junit-bom/5.10.2/junit-bom-5.10.2.pom
2025-08-10 17:59:42,770 [Worker-8: 入門コンテンツのインポート] INFO  o.e.m.c.i.e.AbstractTransferListenerAdapter - Downloaded https://repo.maven.apache.org/maven2/org/junit/junit-bom/5.10.2/junit-bom-5.10.2.pom
2025-08-10 17:59:42,795 [Worker-8: 入門コンテンツのインポート] INFO  o.e.m.c.i.e.AbstractTransferListenerAdapter - Downloading https://repo.maven.apache.org/maven2/org/codehaus/plexus/plexus-utils/4.0.1/plexus-utils-4.0.1.pom
2025-08-10 17:59:42,797 [Worker-8: 入門コンテンツのインポート] INFO  o.e.m.c.i.e.AbstractTransferListenerAdapter - Downloaded https://repo.maven.apache.org/maven2/org/codehaus/plexus/plexus-utils/4.0.1/plexus-utils-4.0.1.pom
2025-08-10 17:59:42,817 [Worker-8: 入門コンテンツのインポート] INFO  o.e.m.c.i.e.AbstractTransferListenerAdapter - Downloading https://repo.maven.apache.org/maven2/org/codehaus/plexus/plexus-compiler-manager/2.15.0/plexus-compiler-manager-2.15.0.pom
2025-08-10 17:59:42,820 [Worker-8: 入門コンテンツのインポート] INFO  o.e.m.c.i.e.AbstractTransferListenerAdapter - Downloaded https://repo.maven.apache.org/maven2/org/codehaus/plexus/plexus-compiler-manager/2.15.0/plexus-compiler-manager-2.15.0.pom
2025-08-10 17:59:42,841 [Worker-8: 入門コンテンツのインポート] INFO  o.e.m.c.i.e.AbstractTransferListenerAdapter - Downloading https://repo.maven.apache.org/maven2/javax/inject/javax.inject/1/javax.inject-1.pom
2025-08-10 17:59:42,844 [Worker-8: 入門コンテンツのインポート] INFO  o.e.m.c.i.e.AbstractTransferListenerAdapter - Downloaded https://repo.maven.apache.org/maven2/javax/inject/javax.inject/1/javax.inject-1.pom
2025-08-10 17:59:42,864 [Worker-8: 入門コンテンツのインポート] INFO  o.e.m.c.i.e.AbstractTransferListenerAdapter - Downloading https://repo.maven.apache.org/maven2/org/codehaus/plexus/plexus-xml/3.0.1/plexus-xml-3.0.1.pom
2025-08-10 17:59:42,866 [Worker-8: 入門コンテンツのインポート] INFO  o.e.m.c.i.e.AbstractTransferListenerAdapter - Downloaded https://repo.maven.apache.org/maven2/org/codehaus/plexus/plexus-xml/3.0.1/plexus-xml-3.0.1.pom
2025-08-10 17:59:42,889 [Worker-8: 入門コンテンツのインポート] INFO  o.e.m.c.i.e.AbstractTransferListenerAdapter - Downloading https://repo.maven.apache.org/maven2/org/codehaus/plexus/plexus/18/plexus-18.pom
2025-08-10 17:59:42,897 [Worker-8: 入門コンテンツのインポート] INFO  o.e.m.c.i.e.AbstractTransferListenerAdapter - Downloaded https://repo.maven.apache.org/maven2/org/codehaus/plexus/plexus/18/plexus-18.pom
2025-08-10 17:59:42,918 [Worker-8: 入門コンテンツのインポート] INFO  o.e.m.c.i.e.AbstractTransferListenerAdapter - Downloading https://repo.maven.apache.org/maven2/org/codehaus/plexus/plexus-compiler-javac/2.15.0/plexus-compiler-javac-2.15.0.pom
2025-08-10 17:59:42,921 [Worker-8: 入門コンテンツのインポート] INFO  o.e.m.c.i.e.AbstractTransferListenerAdapter - Downloaded https://repo.maven.apache.org/maven2/org/codehaus/plexus/plexus-compiler-javac/2.15.0/plexus-compiler-javac-2.15.0.pom
2025-08-10 17:59:42,943 [Worker-8: 入門コンテンツのインポート] INFO  o.e.m.c.i.e.AbstractTransferListenerAdapter - Downloading https://repo.maven.apache.org/maven2/org/codehaus/plexus/plexus-compilers/2.15.0/plexus-compilers-2.15.0.pom
2025-08-10 17:59:42,945 [Worker-8: 入門コンテンツのインポート] INFO  o.e.m.c.i.e.AbstractTransferListenerAdapter - Downloaded https://repo.maven.apache.org/maven2/org/codehaus/plexus/plexus-compilers/2.15.0/plexus-compilers-2.15.0.pom
2025-08-10 17:59:42,972 [Worker-8: 入門コンテンツのインポート] INFO  o.e.m.c.i.e.AbstractTransferListenerAdapter - Downloading https://repo.maven.apache.org/maven2/org/apache/maven/shared/maven-shared-utils/3.4.2/maven-shared-utils-3.4.2.jar
2025-08-10 17:59:42,991 [Worker-8: 入門コンテンツのインポート] INFO  o.e.m.c.i.e.AbstractTransferListenerAdapter - Downloaded https://repo.maven.apache.org/maven2/org/apache/maven/shared/maven-shared-utils/3.4.2/maven-shared-utils-3.4.2.jar
2025-08-10 17:59:43,001 [BasicRepositoryConnector-repo.maven.apache.org-0-0] INFO  o.e.m.c.i.e.AbstractTransferListenerAdapter - Downloading https://repo.maven.apache.org/maven2/org/slf4j/slf4j-api/1.7.36/slf4j-api-1.7.36.jar
2025-08-10 17:59:43,015 [BasicRepositoryConnector-repo.maven.apache.org-0-0] INFO  o.e.m.c.i.e.AbstractTransferListenerAdapter - Downloaded https://repo.maven.apache.org/maven2/org/slf4j/slf4j-api/1.7.36/slf4j-api-1.7.36.jar
2025-08-10 17:59:43,023 [BasicRepositoryConnector-repo.maven.apache.org-0-0] INFO  o.e.m.c.i.e.AbstractTransferListenerAdapter - Downloading https://repo.maven.apache.org/maven2/com/thoughtworks/qdox/qdox/2.2.0/qdox-2.2.0.jar
2025-08-10 17:59:43,047 [BasicRepositoryConnector-repo.maven.apache.org-0-4] INFO  o.e.m.c.i.e.AbstractTransferListenerAdapter - Downloading https://repo.maven.apache.org/maven2/org/ow2/asm/asm/9.7.1/asm-9.7.1.jar
2025-08-10 17:59:43,047 [BasicRepositoryConnector-repo.maven.apache.org-0-2] INFO  o.e.m.c.i.e.AbstractTransferListenerAdapter - Downloading https://repo.maven.apache.org/maven2/org/apache/maven/shared/maven-shared-incremental/1.1/maven-shared-incremental-1.1.jar
2025-08-10 17:59:43,053 [BasicRepositoryConnector-repo.maven.apache.org-0-2] INFO  o.e.m.c.i.e.AbstractTransferListenerAdapter - Downloaded https://repo.maven.apache.org/maven2/org/apache/maven/shared/maven-shared-incremental/1.1/maven-shared-incremental-1.1.jar
2025-08-10 17:59:43,073 [BasicRepositoryConnector-repo.maven.apache.org-0-1] INFO  o.e.m.c.i.e.AbstractTransferListenerAdapter - Downloading https://repo.maven.apache.org/maven2/commons-io/commons-io/2.11.0/commons-io-2.11.0.jar
2025-08-10 17:59:43,081 [BasicRepositoryConnector-repo.maven.apache.org-0-3] INFO  o.e.m.c.i.e.AbstractTransferListenerAdapter - Downloading https://repo.maven.apache.org/maven2/org/codehaus/plexus/plexus-java/1.4.0/plexus-java-1.4.0.jar
2025-08-10 17:59:43,110 [BasicRepositoryConnector-repo.maven.apache.org-0-2] INFO  o.e.m.c.i.e.AbstractTransferListenerAdapter - Downloading https://repo.maven.apache.org/maven2/org/codehaus/plexus/plexus-compiler-api/2.15.0/plexus-compiler-api-2.15.0.jar
2025-08-10 17:59:43,118 [BasicRepositoryConnector-repo.maven.apache.org-0-3] INFO  o.e.m.c.i.e.AbstractTransferListenerAdapter - Downloaded https://repo.maven.apache.org/maven2/org/codehaus/plexus/plexus-java/1.4.0/plexus-java-1.4.0.jar
2025-08-10 17:59:43,144 [BasicRepositoryConnector-repo.maven.apache.org-0-4] INFO  o.e.m.c.i.e.AbstractTransferListenerAdapter - Downloaded https://repo.maven.apache.org/maven2/org/ow2/asm/asm/9.7.1/asm-9.7.1.jar
2025-08-10 17:59:43,145 [BasicRepositoryConnector-repo.maven.apache.org-0-2] INFO  o.e.m.c.i.e.AbstractTransferListenerAdapter - Downloaded https://repo.maven.apache.org/maven2/org/codehaus/plexus/plexus-compiler-api/2.15.0/plexus-compiler-api-2.15.0.jar
2025-08-10 17:59:43,159 [BasicRepositoryConnector-repo.maven.apache.org-0-0] INFO  o.e.m.c.i.e.AbstractTransferListenerAdapter - Downloaded https://repo.maven.apache.org/maven2/com/thoughtworks/qdox/qdox/2.2.0/qdox-2.2.0.jar
2025-08-10 17:59:43,171 [BasicRepositoryConnector-repo.maven.apache.org-0-3] INFO  o.e.m.c.i.e.AbstractTransferListenerAdapter - Downloading https://repo.maven.apache.org/maven2/org/codehaus/plexus/plexus-compiler-manager/2.15.0/plexus-compiler-manager-2.15.0.jar
2025-08-10 17:59:43,173 [BasicRepositoryConnector-repo.maven.apache.org-0-3] INFO  o.e.m.c.i.e.AbstractTransferListenerAdapter - Downloaded https://repo.maven.apache.org/maven2/org/codehaus/plexus/plexus-compiler-manager/2.15.0/plexus-compiler-manager-2.15.0.jar
2025-08-10 17:59:43,175 [BasicRepositoryConnector-repo.maven.apache.org-0-4] INFO  o.e.m.c.i.e.AbstractTransferListenerAdapter - Downloading https://repo.maven.apache.org/maven2/javax/inject/javax.inject/1/javax.inject-1.jar
2025-08-10 17:59:43,178 [BasicRepositoryConnector-repo.maven.apache.org-0-2] INFO  o.e.m.c.i.e.AbstractTransferListenerAdapter - Downloading https://repo.maven.apache.org/maven2/org/codehaus/plexus/plexus-xml/3.0.1/plexus-xml-3.0.1.jar
2025-08-10 17:59:43,182 [BasicRepositoryConnector-repo.maven.apache.org-0-4] INFO  o.e.m.c.i.e.AbstractTransferListenerAdapter - Downloaded https://repo.maven.apache.org/maven2/javax/inject/javax.inject/1/javax.inject-1.jar
2025-08-10 17:59:43,210 [BasicRepositoryConnector-repo.maven.apache.org-0-0] INFO  o.e.m.c.i.e.AbstractTransferListenerAdapter - Downloading https://repo.maven.apache.org/maven2/org/codehaus/plexus/plexus-compiler-javac/2.15.0/plexus-compiler-javac-2.15.0.jar
2025-08-10 17:59:43,227 [BasicRepositoryConnector-repo.maven.apache.org-0-0] INFO  o.e.m.c.i.e.AbstractTransferListenerAdapter - Downloaded https://repo.maven.apache.org/maven2/org/codehaus/plexus/plexus-compiler-javac/2.15.0/plexus-compiler-javac-2.15.0.jar
2025-08-10 17:59:43,246 [BasicRepositoryConnector-repo.maven.apache.org-0-3] INFO  o.e.m.c.i.e.AbstractTransferListenerAdapter - Downloading https://repo.maven.apache.org/maven2/org/codehaus/plexus/plexus-utils/4.0.1/plexus-utils-4.0.1.jar
2025-08-10 17:59:43,338 [BasicRepositoryConnector-repo.maven.apache.org-0-2] INFO  o.e.m.c.i.e.AbstractTransferListenerAdapter - Downloaded https://repo.maven.apache.org/maven2/org/codehaus/plexus/plexus-xml/3.0.1/plexus-xml-3.0.1.jar
2025-08-10 17:59:43,348 [BasicRepositoryConnector-repo.maven.apache.org-0-1] INFO  o.e.m.c.i.e.AbstractTransferListenerAdapter - Downloaded https://repo.maven.apache.org/maven2/commons-io/commons-io/2.11.0/commons-io-2.11.0.jar
2025-08-10 17:59:43,400 [BasicRepositoryConnector-repo.maven.apache.org-0-3] INFO  o.e.m.c.i.e.AbstractTransferListenerAdapter - Downloaded https://repo.maven.apache.org/maven2/org/codehaus/plexus/plexus-utils/4.0.1/plexus-utils-4.0.1.jar
2025-08-10 17:59:43,595 [Worker-8: 入門コンテンツのインポート] INFO  o.e.m.c.i.l.LifecycleMappingFactory - Using org.eclipse.m2e.jdt.JarLifecycleMapping lifecycle mapping for MavenProject: com.example:demo:0.0.1-SNAPSHOT @ C:\PG練習\Java\demo\pom.xml.
2025-08-10 17:59:43,793 [Worker-8: 入門コンテンツのインポート] INFO  o.e.m.c.i.e.AbstractTransferListenerAdapter - Downloading https://repo.spring.io/snapshot/org/springframework/boot/spring-boot-starter-web/4.0.0-SNAPSHOT/maven-metadata.xml
2025-08-10 17:59:43,798 [Worker-8: 入門コンテンツのインポート] INFO  o.e.m.c.i.e.AbstractTransferListenerAdapter - Downloaded https://repo.spring.io/snapshot/org/springframework/boot/spring-boot-starter-web/4.0.0-SNAPSHOT/maven-metadata.xml
2025-08-10 17:59:44,062 [Worker-8: 入門コンテンツのインポート] INFO  o.e.m.c.i.e.AbstractTransferListenerAdapter - Downloading https://repo.spring.io/snapshot/org/springframework/boot/spring-boot-starter-web/4.0.0-SNAPSHOT/spring-boot-starter-web-4.0.0-20250808.165659-372.pom
2025-08-10 17:59:44,070 [Worker-8: 入門コンテンツのインポート] INFO  o.e.m.c.i.e.AbstractTransferListenerAdapter - Downloaded https://repo.spring.io/snapshot/org/springframework/boot/spring-boot-starter-web/4.0.0-SNAPSHOT/spring-boot-starter-web-4.0.0-20250808.165659-372.pom
2025-08-10 17:59:44,277 [Worker-8: 入門コンテンツのインポート] INFO  o.e.m.c.i.e.AbstractTransferListenerAdapter - Downloading https://repo.spring.io/snapshot/org/springframework/boot/spring-boot-starter-jackson/4.0.0-SNAPSHOT/maven-metadata.xml
2025-08-10 17:59:44,284 [Worker-8: 入門コンテンツのインポート] INFO  o.e.m.c.i.e.AbstractTransferListenerAdapter - Downloaded https://repo.spring.io/snapshot/org/springframework/boot/spring-boot-starter-jackson/4.0.0-SNAPSHOT/maven-metadata.xml
2025-08-10 17:59:44,484 [Worker-8: 入門コンテンツのインポート] INFO  o.e.m.c.i.e.AbstractTransferListenerAdapter - Downloading https://repo.spring.io/snapshot/org/springframework/boot/spring-boot-starter-jackson/4.0.0-SNAPSHOT/spring-boot-starter-jackson-4.0.0-20250808.165659-56.pom
2025-08-10 17:59:44,490 [Worker-8: 入門コンテンツのインポート] INFO  o.e.m.c.i.e.AbstractTransferListenerAdapter - Downloaded https://repo.spring.io/snapshot/org/springframework/boot/spring-boot-starter-jackson/4.0.0-SNAPSHOT/spring-boot-starter-jackson-4.0.0-20250808.165659-56.pom
2025-08-10 17:59:44,705 [Worker-8: 入門コンテンツのインポート] INFO  o.e.m.c.i.e.AbstractTransferListenerAdapter - Downloading https://repo.spring.io/snapshot/org/springframework/boot/spring-boot-starter/4.0.0-SNAPSHOT/maven-metadata.xml
2025-08-10 17:59:44,712 [Worker-8: 入門コンテンツのインポート] INFO  o.e.m.c.i.e.AbstractTransferListenerAdapter - Downloaded https://repo.spring.io/snapshot/org/springframework/boot/spring-boot-starter/4.0.0-SNAPSHOT/maven-metadata.xml
2025-08-10 17:59:44,913 [Worker-8: 入門コンテンツのインポート] INFO  o.e.m.c.i.e.AbstractTransferListenerAdapter - Downloading https://repo.spring.io/snapshot/org/springframework/boot/spring-boot-starter/4.0.0-SNAPSHOT/spring-boot-starter-4.0.0-20250808.165659-372.pom
2025-08-10 17:59:44,920 [Worker-8: 入門コンテンツのインポート] INFO  o.e.m.c.i.e.AbstractTransferListenerAdapter - Downloaded https://repo.spring.io/snapshot/org/springframework/boot/spring-boot-starter/4.0.0-SNAPSHOT/spring-boot-starter-4.0.0-20250808.165659-372.pom
2025-08-10 17:59:45,127 [Worker-8: 入門コンテンツのインポート] INFO  o.e.m.c.i.e.AbstractTransferListenerAdapter - Downloading https://repo.spring.io/snapshot/org/springframework/boot/spring-boot-starter-logging/4.0.0-SNAPSHOT/maven-metadata.xml
2025-08-10 17:59:45,134 [Worker-8: 入門コンテンツのインポート] INFO  o.e.m.c.i.e.AbstractTransferListenerAdapter - Downloaded https://repo.spring.io/snapshot/org/springframework/boot/spring-boot-starter-logging/4.0.0-SNAPSHOT/maven-metadata.xml
2025-08-10 17:59:45,339 [Worker-8: 入門コンテンツのインポート] INFO  o.e.m.c.i.e.AbstractTransferListenerAdapter - Downloading https://repo.spring.io/snapshot/org/springframework/boot/spring-boot-starter-logging/4.0.0-SNAPSHOT/spring-boot-starter-logging-4.0.0-20250808.165659-372.pom
2025-08-10 17:59:45,345 [Worker-8: 入門コンテンツのインポート] INFO  o.e.m.c.i.e.AbstractTransferListenerAdapter - Downloaded https://repo.spring.io/snapshot/org/springframework/boot/spring-boot-starter-logging/4.0.0-SNAPSHOT/spring-boot-starter-logging-4.0.0-20250808.165659-372.pom
2025-08-10 17:59:45,367 [Worker-8: 入門コンテンツのインポート] INFO  o.e.m.c.i.e.AbstractTransferListenerAdapter - Downloading https://repo.maven.apache.org/maven2/ch/qos/logback/logback-classic/1.5.18/logback-classic-1.5.18.pom
2025-08-10 17:59:45,371 [Worker-8: 入門コンテンツのインポート] INFO  o.e.m.c.i.e.AbstractTransferListenerAdapter - Downloaded https://repo.maven.apache.org/maven2/ch/qos/logback/logback-classic/1.5.18/logback-classic-1.5.18.pom
2025-08-10 17:59:45,391 [Worker-8: 入門コンテンツのインポート] INFO  o.e.m.c.i.e.AbstractTransferListenerAdapter - Downloading https://repo.maven.apache.org/maven2/ch/qos/logback/logback-parent/1.5.18/logback-parent-1.5.18.pom
2025-08-10 17:59:45,395 [Worker-8: 入門コンテンツのインポート] INFO  o.e.m.c.i.e.AbstractTransferListenerAdapter - Downloaded https://repo.maven.apache.org/maven2/ch/qos/logback/logback-parent/1.5.18/logback-parent-1.5.18.pom
2025-08-10 17:59:45,415 [Worker-8: 入門コンテンツのインポート] INFO  o.e.m.c.i.e.AbstractTransferListenerAdapter - Downloading https://repo.maven.apache.org/maven2/ch/qos/logback/logback-core/1.5.18/logback-core-1.5.18.pom
2025-08-10 17:59:45,418 [Worker-8: 入門コンテンツのインポート] INFO  o.e.m.c.i.e.AbstractTransferListenerAdapter - Downloaded https://repo.maven.apache.org/maven2/ch/qos/logback/logback-core/1.5.18/logback-core-1.5.18.pom
2025-08-10 17:59:45,437 [Worker-8: 入門コンテンツのインポート] INFO  o.e.m.c.i.e.AbstractTransferListenerAdapter - Downloading https://repo.maven.apache.org/maven2/org/slf4j/slf4j-api/2.0.17/slf4j-api-2.0.17.pom
2025-08-10 17:59:45,439 [Worker-8: 入門コンテンツのインポート] INFO  o.e.m.c.i.e.AbstractTransferListenerAdapter - Downloaded https://repo.maven.apache.org/maven2/org/slf4j/slf4j-api/2.0.17/slf4j-api-2.0.17.pom
2025-08-10 17:59:45,459 [Worker-8: 入門コンテンツのインポート] INFO  o.e.m.c.i.e.AbstractTransferListenerAdapter - Downloading https://repo.maven.apache.org/maven2/org/slf4j/slf4j-parent/2.0.17/slf4j-parent-2.0.17.pom
2025-08-10 17:59:45,465 [Worker-8: 入門コンテンツのインポート] INFO  o.e.m.c.i.e.AbstractTransferListenerAdapter - Downloaded https://repo.maven.apache.org/maven2/org/slf4j/slf4j-parent/2.0.17/slf4j-parent-2.0.17.pom
2025-08-10 17:59:45,490 [Worker-8: 入門コンテンツのインポート] INFO  o.e.m.c.i.e.AbstractTransferListenerAdapter - Downloading https://repo.maven.apache.org/maven2/org/slf4j/slf4j-bom/2.0.17/slf4j-bom-2.0.17.pom
2025-08-10 17:59:45,495 [Worker-8: 入門コンテンツのインポート] INFO  o.e.m.c.i.e.AbstractTransferListenerAdapter - Downloaded https://repo.maven.apache.org/maven2/org/slf4j/slf4j-bom/2.0.17/slf4j-bom-2.0.17.pom
2025-08-10 17:59:45,515 [Worker-8: 入門コンテンツのインポート] INFO  o.e.m.c.i.e.AbstractTransferListenerAdapter - Downloading https://repo.maven.apache.org/maven2/org/apache/logging/log4j/log4j-to-slf4j/2.24.3/log4j-to-slf4j-2.24.3.pom
2025-08-10 17:59:45,517 [Worker-8: 入門コンテンツのインポート] INFO  o.e.m.c.i.e.AbstractTransferListenerAdapter - Downloaded https://repo.maven.apache.org/maven2/org/apache/logging/log4j/log4j-to-slf4j/2.24.3/log4j-to-slf4j-2.24.3.pom
2025-08-10 17:59:45,535 [Worker-8: 入門コンテンツのインポート] INFO  o.e.m.c.i.e.AbstractTransferListenerAdapter - Downloading https://repo.maven.apache.org/maven2/org/apache/logging/log4j/log4j/2.24.3/log4j-2.24.3.pom
2025-08-10 17:59:45,546 [Worker-8: 入門コンテンツのインポート] INFO  o.e.m.c.i.e.AbstractTransferListenerAdapter - Downloaded https://repo.maven.apache.org/maven2/org/apache/logging/log4j/log4j/2.24.3/log4j-2.24.3.pom
2025-08-10 17:59:45,574 [Worker-8: 入門コンテンツのインポート] INFO  o.e.m.c.i.e.AbstractTransferListenerAdapter - Downloading https://repo.maven.apache.org/maven2/org/apache/groovy/groovy-bom/4.0.22/groovy-bom-4.0.22.pom
2025-08-10 17:59:45,583 [Worker-8: 入門コンテンツのインポート] INFO  o.e.m.c.i.e.AbstractTransferListenerAdapter - Downloaded https://repo.maven.apache.org/maven2/org/apache/groovy/groovy-bom/4.0.22/groovy-bom-4.0.22.pom
2025-08-10 17:59:45,601 [Worker-8: 入門コンテンツのインポート] INFO  o.e.m.c.i.e.AbstractTransferListenerAdapter - Downloading https://repo.maven.apache.org/maven2/com/fasterxml/jackson/jackson-bom/2.17.2/jackson-bom-2.17.2.pom
2025-08-10 17:59:45,611 [Worker-8: 入門コンテンツのインポート] INFO  o.e.m.c.i.e.AbstractTransferListenerAdapter - Downloaded https://repo.maven.apache.org/maven2/com/fasterxml/jackson/jackson-bom/2.17.2/jackson-bom-2.17.2.pom
2025-08-10 17:59:45,631 [Worker-8: 入門コンテンツのインポート] INFO  o.e.m.c.i.e.AbstractTransferListenerAdapter - Downloading https://repo.maven.apache.org/maven2/com/fasterxml/jackson/jackson-parent/2.17/jackson-parent-2.17.pom
2025-08-10 17:59:45,633 [Worker-8: 入門コンテンツのインポート] INFO  o.e.m.c.i.e.AbstractTransferListenerAdapter - Downloaded https://repo.maven.apache.org/maven2/com/fasterxml/jackson/jackson-parent/2.17/jackson-parent-2.17.pom
2025-08-10 17:59:45,655 [Worker-8: 入門コンテンツのインポート] INFO  o.e.m.c.i.e.AbstractTransferListenerAdapter - Downloading https://repo.maven.apache.org/maven2/com/fasterxml/oss-parent/58/oss-parent-58.pom
2025-08-10 17:59:45,664 [Worker-8: 入門コンテンツのインポート] INFO  o.e.m.c.i.e.AbstractTransferListenerAdapter - Downloaded https://repo.maven.apache.org/maven2/com/fasterxml/oss-parent/58/oss-parent-58.pom
2025-08-10 17:59:45,686 [Worker-8: 入門コンテンツのインポート] INFO  o.e.m.c.i.e.AbstractTransferListenerAdapter - Downloading https://repo.maven.apache.org/maven2/jakarta/platform/jakarta.jakartaee-bom/9.1.0/jakarta.jakartaee-bom-9.1.0.pom
2025-08-10 17:59:45,688 [Worker-8: 入門コンテンツのインポート] INFO  o.e.m.c.i.e.AbstractTransferListenerAdapter - Downloaded https://repo.maven.apache.org/maven2/jakarta/platform/jakarta.jakartaee-bom/9.1.0/jakarta.jakartaee-bom-9.1.0.pom
2025-08-10 17:59:45,735 [Worker-8: 入門コンテンツのインポート] INFO  o.e.m.c.i.e.AbstractTransferListenerAdapter - Downloading https://repo.maven.apache.org/maven2/jakarta/platform/jakartaee-api-parent/9.1.0/jakartaee-api-parent-9.1.0.pom
2025-08-10 17:59:45,741 [Worker-8: 入門コンテンツのインポート] INFO  o.e.m.c.i.e.AbstractTransferListenerAdapter - Downloaded https://repo.maven.apache.org/maven2/jakarta/platform/jakartaee-api-parent/9.1.0/jakartaee-api-parent-9.1.0.pom
2025-08-10 17:59:45,759 [Worker-8: 入門コンテンツのインポート] INFO  o.e.m.c.i.e.AbstractTransferListenerAdapter - Downloading https://repo.maven.apache.org/maven2/org/eclipse/ee4j/project/1.0.7/project-1.0.7.pom
2025-08-10 17:59:45,766 [Worker-8: 入門コンテンツのインポート] INFO  o.e.m.c.i.e.AbstractTransferListenerAdapter - Downloaded https://repo.maven.apache.org/maven2/org/eclipse/ee4j/project/1.0.7/project-1.0.7.pom
2025-08-10 17:59:45,791 [Worker-8: 入門コンテンツのインポート] INFO  o.e.m.c.i.e.AbstractTransferListenerAdapter - Downloading https://repo.maven.apache.org/maven2/org/mockito/mockito-bom/4.11.0/mockito-bom-4.11.0.pom
2025-08-10 17:59:45,793 [Worker-8: 入門コンテンツのインポート] INFO  o.e.m.c.i.e.AbstractTransferListenerAdapter - Downloaded https://repo.maven.apache.org/maven2/org/mockito/mockito-bom/4.11.0/mockito-bom-4.11.0.pom
2025-08-10 17:59:45,812 [Worker-8: 入門コンテンツのインポート] INFO  o.e.m.c.i.e.AbstractTransferListenerAdapter - Downloading https://repo.maven.apache.org/maven2/org/springframework/spring-framework-bom/5.3.39/spring-framework-bom-5.3.39.pom
2025-08-10 17:59:45,814 [Worker-8: 入門コンテンツのインポート] INFO  o.e.m.c.i.e.AbstractTransferListenerAdapter - Downloaded https://repo.maven.apache.org/maven2/org/springframework/spring-framework-bom/5.3.39/spring-framework-bom-5.3.39.pom
2025-08-10 17:59:45,834 [Worker-8: 入門コンテンツのインポート] INFO  o.e.m.c.i.e.AbstractTransferListenerAdapter - Downloading https://repo.maven.apache.org/maven2/org/apache/logging/log4j/log4j-api/2.24.3/log4j-api-2.24.3.pom
2025-08-10 17:59:45,836 [Worker-8: 入門コンテンツのインポート] INFO  o.e.m.c.i.e.AbstractTransferListenerAdapter - Downloaded https://repo.maven.apache.org/maven2/org/apache/logging/log4j/log4j-api/2.24.3/log4j-api-2.24.3.pom
2025-08-10 17:59:45,858 [Worker-8: 入門コンテンツのインポート] INFO  o.e.m.c.i.e.AbstractTransferListenerAdapter - Downloading https://repo.maven.apache.org/maven2/org/slf4j/jul-to-slf4j/2.0.17/jul-to-slf4j-2.0.17.pom
2025-08-10 17:59:45,860 [Worker-8: 入門コンテンツのインポート] INFO  o.e.m.c.i.e.AbstractTransferListenerAdapter - Downloaded https://repo.maven.apache.org/maven2/org/slf4j/jul-to-slf4j/2.0.17/jul-to-slf4j-2.0.17.pom
2025-08-10 17:59:46,063 [Worker-8: 入門コンテンツのインポート] INFO  o.e.m.c.i.e.AbstractTransferListenerAdapter - Downloading https://repo.spring.io/snapshot/org/springframework/boot/spring-boot-autoconfigure/4.0.0-SNAPSHOT/maven-metadata.xml
2025-08-10 17:59:46,068 [Worker-8: 入門コンテンツのインポート] INFO  o.e.m.c.i.e.AbstractTransferListenerAdapter - Downloaded https://repo.spring.io/snapshot/org/springframework/boot/spring-boot-autoconfigure/4.0.0-SNAPSHOT/maven-metadata.xml
2025-08-10 17:59:46,270 [Worker-8: 入門コンテンツのインポート] INFO  o.e.m.c.i.e.AbstractTransferListenerAdapter - Downloading https://repo.spring.io/snapshot/org/springframework/boot/spring-boot-autoconfigure/4.0.0-SNAPSHOT/spring-boot-autoconfigure-4.0.0-20250808.165659-372.pom
2025-08-10 17:59:46,276 [Worker-8: 入門コンテンツのインポート] INFO  o.e.m.c.i.e.AbstractTransferListenerAdapter - Downloaded https://repo.spring.io/snapshot/org/springframework/boot/spring-boot-autoconfigure/4.0.0-SNAPSHOT/spring-boot-autoconfigure-4.0.0-20250808.165659-372.pom
2025-08-10 17:59:46,480 [Worker-8: 入門コンテンツのインポート] INFO  o.e.m.c.i.e.AbstractTransferListenerAdapter - Downloading https://repo.spring.io/snapshot/org/springframework/boot/spring-boot/4.0.0-SNAPSHOT/maven-metadata.xml
2025-08-10 17:59:46,485 [Worker-8: 入門コンテンツのインポート] INFO  o.e.m.c.i.e.AbstractTransferListenerAdapter - Downloaded https://repo.spring.io/snapshot/org/springframework/boot/spring-boot/4.0.0-SNAPSHOT/maven-metadata.xml
2025-08-10 17:59:46,686 [Worker-8: 入門コンテンツのインポート] INFO  o.e.m.c.i.e.AbstractTransferListenerAdapter - Downloading https://repo.spring.io/snapshot/org/springframework/boot/spring-boot/4.0.0-SNAPSHOT/spring-boot-4.0.0-20250808.165659-372.pom
2025-08-10 17:59:46,692 [Worker-8: 入門コンテンツのインポート] INFO  o.e.m.c.i.e.AbstractTransferListenerAdapter - Downloaded https://repo.spring.io/snapshot/org/springframework/boot/spring-boot/4.0.0-SNAPSHOT/spring-boot-4.0.0-20250808.165659-372.pom
2025-08-10 17:59:46,899 [Worker-8: 入門コンテンツのインポート] INFO  o.e.m.c.i.e.AbstractTransferListenerAdapter - Downloading https://repo.spring.io/snapshot/org/springframework/spring-core/7.0.0-SNAPSHOT/maven-metadata.xml
2025-08-10 17:59:46,907 [Worker-8: 入門コンテンツのインポート] INFO  o.e.m.c.i.e.AbstractTransferListenerAdapter - Downloaded https://repo.spring.io/snapshot/org/springframework/spring-core/7.0.0-SNAPSHOT/maven-metadata.xml
2025-08-10 17:59:47,108 [Worker-8: 入門コンテンツのインポート] INFO  o.e.m.c.i.e.AbstractTransferListenerAdapter - Downloading https://repo.spring.io/snapshot/org/springframework/spring-core/7.0.0-SNAPSHOT/spring-core-7.0.0-20250806.191428-793.pom
2025-08-10 17:59:47,113 [Worker-8: 入門コンテンツのインポート] INFO  o.e.m.c.i.e.AbstractTransferListenerAdapter - Downloaded https://repo.spring.io/snapshot/org/springframework/spring-core/7.0.0-SNAPSHOT/spring-core-7.0.0-20250806.191428-793.pom
2025-08-10 17:59:47,137 [Worker-8: 入門コンテンツのインポート] INFO  o.e.m.c.i.e.AbstractTransferListenerAdapter - Downloading https://repo.maven.apache.org/maven2/commons-logging/commons-logging/1.3.5/commons-logging-1.3.5.pom
2025-08-10 17:59:47,141 [Worker-8: 入門コンテンツのインポート] INFO  o.e.m.c.i.e.AbstractTransferListenerAdapter - Downloaded https://repo.maven.apache.org/maven2/commons-logging/commons-logging/1.3.5/commons-logging-1.3.5.pom
2025-08-10 17:59:47,160 [Worker-8: 入門コンテンツのインポート] INFO  o.e.m.c.i.e.AbstractTransferListenerAdapter - Downloading https://repo.maven.apache.org/maven2/org/apache/commons/commons-parent/81/commons-parent-81.pom
2025-08-10 17:59:47,171 [Worker-8: 入門コンテンツのインポート] INFO  o.e.m.c.i.e.AbstractTransferListenerAdapter - Downloaded https://repo.maven.apache.org/maven2/org/apache/commons/commons-parent/81/commons-parent-81.pom
2025-08-10 17:59:47,194 [Worker-8: 入門コンテンツのインポート] INFO  o.e.m.c.i.e.AbstractTransferListenerAdapter - Downloading https://repo.maven.apache.org/maven2/org/jspecify/jspecify/1.0.0/jspecify-1.0.0.pom
2025-08-10 17:59:47,196 [Worker-8: 入門コンテンツのインポート] INFO  o.e.m.c.i.e.AbstractTransferListenerAdapter - Downloaded https://repo.maven.apache.org/maven2/org/jspecify/jspecify/1.0.0/jspecify-1.0.0.pom
2025-08-10 17:59:47,399 [Worker-8: 入門コンテンツのインポート] INFO  o.e.m.c.i.e.AbstractTransferListenerAdapter - Downloading https://repo.spring.io/snapshot/org/springframework/spring-context/7.0.0-SNAPSHOT/maven-metadata.xml
2025-08-10 17:59:47,406 [Worker-8: 入門コンテンツのインポート] INFO  o.e.m.c.i.e.AbstractTransferListenerAdapter - Downloaded https://repo.spring.io/snapshot/org/springframework/spring-context/7.0.0-SNAPSHOT/maven-metadata.xml
2025-08-10 17:59:47,606 [Worker-8: 入門コンテンツのインポート] INFO  o.e.m.c.i.e.AbstractTransferListenerAdapter - Downloading https://repo.spring.io/snapshot/org/springframework/spring-context/7.0.0-SNAPSHOT/spring-context-7.0.0-20250806.191428-793.pom
2025-08-10 17:59:47,612 [Worker-8: 入門コンテンツのインポート] INFO  o.e.m.c.i.e.AbstractTransferListenerAdapter - Downloaded https://repo.spring.io/snapshot/org/springframework/spring-context/7.0.0-SNAPSHOT/spring-context-7.0.0-20250806.191428-793.pom
2025-08-10 17:59:47,842 [Worker-8: 入門コンテンツのインポート] INFO  o.e.m.c.i.e.AbstractTransferListenerAdapter - Downloading https://repo.spring.io/snapshot/org/springframework/spring-aop/7.0.0-SNAPSHOT/maven-metadata.xml
2025-08-10 17:59:47,847 [Worker-8: 入門コンテンツのインポート] INFO  o.e.m.c.i.e.AbstractTransferListenerAdapter - Downloaded https://repo.spring.io/snapshot/org/springframework/spring-aop/7.0.0-SNAPSHOT/maven-metadata.xml
2025-08-10 17:59:48,051 [Worker-8: 入門コンテンツのインポート] INFO  o.e.m.c.i.e.AbstractTransferListenerAdapter - Downloading https://repo.spring.io/snapshot/org/springframework/spring-aop/7.0.0-SNAPSHOT/spring-aop-7.0.0-20250806.191428-793.pom
2025-08-10 17:59:48,057 [Worker-8: 入門コンテンツのインポート] INFO  o.e.m.c.i.e.AbstractTransferListenerAdapter - Downloaded https://repo.spring.io/snapshot/org/springframework/spring-aop/7.0.0-SNAPSHOT/spring-aop-7.0.0-20250806.191428-793.pom
2025-08-10 17:59:48,260 [Worker-8: 入門コンテンツのインポート] INFO  o.e.m.c.i.e.AbstractTransferListenerAdapter - Downloading https://repo.spring.io/snapshot/org/springframework/spring-beans/7.0.0-SNAPSHOT/maven-metadata.xml
2025-08-10 17:59:48,266 [Worker-8: 入門コンテンツのインポート] INFO  o.e.m.c.i.e.AbstractTransferListenerAdapter - Downloaded https://repo.spring.io/snapshot/org/springframework/spring-beans/7.0.0-SNAPSHOT/maven-metadata.xml
2025-08-10 17:59:48,464 [Worker-8: 入門コンテンツのインポート] INFO  o.e.m.c.i.e.AbstractTransferListenerAdapter - Downloading https://repo.spring.io/snapshot/org/springframework/spring-beans/7.0.0-SNAPSHOT/spring-beans-7.0.0-20250806.191428-793.pom
2025-08-10 17:59:48,466 [Worker-8: 入門コンテンツのインポート] INFO  o.e.m.c.i.e.AbstractTransferListenerAdapter - Downloaded https://repo.spring.io/snapshot/org/springframework/spring-beans/7.0.0-SNAPSHOT/spring-beans-7.0.0-20250806.191428-793.pom
2025-08-10 17:59:48,672 [Worker-8: 入門コンテンツのインポート] INFO  o.e.m.c.i.e.AbstractTransferListenerAdapter - Downloading https://repo.spring.io/snapshot/org/springframework/spring-expression/7.0.0-SNAPSHOT/maven-metadata.xml
2025-08-10 17:59:48,675 [Worker-8: 入門コンテンツのインポート] INFO  o.e.m.c.i.e.AbstractTransferListenerAdapter - Downloaded https://repo.spring.io/snapshot/org/springframework/spring-expression/7.0.0-SNAPSHOT/maven-metadata.xml
2025-08-10 17:59:48,877 [Worker-8: 入門コンテンツのインポート] INFO  o.e.m.c.i.e.AbstractTransferListenerAdapter - Downloading https://repo.spring.io/snapshot/org/springframework/spring-expression/7.0.0-SNAPSHOT/spring-expression-7.0.0-20250806.191428-793.pom
2025-08-10 17:59:48,879 [Worker-8: 入門コンテンツのインポート] INFO  o.e.m.c.i.e.AbstractTransferListenerAdapter - Downloaded https://repo.spring.io/snapshot/org/springframework/spring-expression/7.0.0-SNAPSHOT/spring-expression-7.0.0-20250806.191428-793.pom
2025-08-10 17:59:49,082 [Worker-8: 入門コンテンツのインポート] INFO  o.e.m.c.i.e.AbstractTransferListenerAdapter - Downloading https://repo.spring.io/snapshot/io/micrometer/micrometer-observation/1.16.0-SNAPSHOT/maven-metadata.xml
2025-08-10 17:59:49,084 [Worker-8: 入門コンテンツのインポート] INFO  o.e.m.c.i.e.AbstractTransferListenerAdapter - Downloaded https://repo.spring.io/snapshot/io/micrometer/micrometer-observation/1.16.0-SNAPSHOT/maven-metadata.xml
2025-08-10 17:59:49,288 [Worker-8: 入門コンテンツのインポート] INFO  o.e.m.c.i.e.AbstractTransferListenerAdapter - Downloading https://repo.spring.io/snapshot/io/micrometer/micrometer-observation/1.16.0-SNAPSHOT/micrometer-observation-1.16.0-20250808.223947-197.pom
2025-08-10 17:59:49,294 [Worker-8: 入門コンテンツのインポート] INFO  o.e.m.c.i.e.AbstractTransferListenerAdapter - Downloaded https://repo.spring.io/snapshot/io/micrometer/micrometer-observation/1.16.0-SNAPSHOT/micrometer-observation-1.16.0-20250808.223947-197.pom
2025-08-10 17:59:49,503 [Worker-8: 入門コンテンツのインポート] INFO  o.e.m.c.i.e.AbstractTransferListenerAdapter - Downloading https://repo.spring.io/snapshot/io/micrometer/micrometer-commons/1.16.0-SNAPSHOT/maven-metadata.xml
2025-08-10 17:59:49,510 [Worker-8: 入門コンテンツのインポート] INFO  o.e.m.c.i.e.AbstractTransferListenerAdapter - Downloaded https://repo.spring.io/snapshot/io/micrometer/micrometer-commons/1.16.0-SNAPSHOT/maven-metadata.xml
2025-08-10 17:59:49,711 [Worker-8: 入門コンテンツのインポート] INFO  o.e.m.c.i.e.AbstractTransferListenerAdapter - Downloading https://repo.spring.io/snapshot/io/micrometer/micrometer-commons/1.16.0-SNAPSHOT/micrometer-commons-1.16.0-20250808.223947-196.pom
2025-08-10 17:59:49,717 [Worker-8: 入門コンテンツのインポート] INFO  o.e.m.c.i.e.AbstractTransferListenerAdapter - Downloaded https://repo.spring.io/snapshot/io/micrometer/micrometer-commons/1.16.0-SNAPSHOT/micrometer-commons-1.16.0-20250808.223947-196.pom
2025-08-10 17:59:49,748 [Worker-8: 入門コンテンツのインポート] INFO  o.e.m.c.i.e.AbstractTransferListenerAdapter - Downloading https://repo.maven.apache.org/maven2/jakarta/annotation/jakarta.annotation-api/3.0.0/jakarta.annotation-api-3.0.0.pom
2025-08-10 17:59:49,750 [Worker-8: 入門コンテンツのインポート] INFO  o.e.m.c.i.e.AbstractTransferListenerAdapter - Downloaded https://repo.maven.apache.org/maven2/jakarta/annotation/jakarta.annotation-api/3.0.0/jakarta.annotation-api-3.0.0.pom
2025-08-10 17:59:49,770 [Worker-8: 入門コンテンツのインポート] INFO  o.e.m.c.i.e.AbstractTransferListenerAdapter - Downloading https://repo.maven.apache.org/maven2/org/yaml/snakeyaml/2.4/snakeyaml-2.4.pom
2025-08-10 17:59:49,777 [Worker-8: 入門コンテンツのインポート] INFO  o.e.m.c.i.e.AbstractTransferListenerAdapter - Downloaded https://repo.maven.apache.org/maven2/org/yaml/snakeyaml/2.4/snakeyaml-2.4.pom
2025-08-10 17:59:49,980 [Worker-8: 入門コンテンツのインポート] INFO  o.e.m.c.i.e.AbstractTransferListenerAdapter - Downloading https://repo.spring.io/snapshot/org/springframework/boot/spring-boot-jackson/4.0.0-SNAPSHOT/maven-metadata.xml
2025-08-10 17:59:49,986 [Worker-8: 入門コンテンツのインポート] INFO  o.e.m.c.i.e.AbstractTransferListenerAdapter - Downloaded https://repo.spring.io/snapshot/org/springframework/boot/spring-boot-jackson/4.0.0-SNAPSHOT/maven-metadata.xml
2025-08-10 17:59:50,190 [Worker-8: 入門コンテンツのインポート] INFO  o.e.m.c.i.e.AbstractTransferListenerAdapter - Downloading https://repo.spring.io/snapshot/org/springframework/boot/spring-boot-jackson/4.0.0-SNAPSHOT/spring-boot-jackson-4.0.0-20250808.165659-199.pom
2025-08-10 17:59:50,195 [Worker-8: 入門コンテンツのインポート] INFO  o.e.m.c.i.e.AbstractTransferListenerAdapter - Downloaded https://repo.spring.io/snapshot/org/springframework/boot/spring-boot-jackson/4.0.0-SNAPSHOT/spring-boot-jackson-4.0.0-20250808.165659-199.pom
2025-08-10 17:59:50,220 [Worker-8: 入門コンテンツのインポート] INFO  o.e.m.c.i.e.AbstractTransferListenerAdapter - Downloading https://repo.maven.apache.org/maven2/com/fasterxml/jackson/core/jackson-databind/2.19.2/jackson-databind-2.19.2.pom
2025-08-10 17:59:50,227 [Worker-8: 入門コンテンツのインポート] INFO  o.e.m.c.i.e.AbstractTransferListenerAdapter - Downloaded https://repo.maven.apache.org/maven2/com/fasterxml/jackson/core/jackson-databind/2.19.2/jackson-databind-2.19.2.pom
2025-08-10 17:59:50,244 [Worker-8: 入門コンテンツのインポート] INFO  o.e.m.c.i.e.AbstractTransferListenerAdapter - Downloading https://repo.maven.apache.org/maven2/com/fasterxml/jackson/jackson-base/2.19.2/jackson-base-2.19.2.pom
2025-08-10 17:59:50,250 [Worker-8: 入門コンテンツのインポート] INFO  o.e.m.c.i.e.AbstractTransferListenerAdapter - Downloaded https://repo.maven.apache.org/maven2/com/fasterxml/jackson/jackson-base/2.19.2/jackson-base-2.19.2.pom
2025-08-10 17:59:50,274 [Worker-8: 入門コンテンツのインポート] INFO  o.e.m.c.i.e.AbstractTransferListenerAdapter - Downloading https://repo.maven.apache.org/maven2/com/fasterxml/jackson/core/jackson-annotations/2.19.2/jackson-annotations-2.19.2.pom
2025-08-10 17:59:50,278 [Worker-8: 入門コンテンツのインポート] INFO  o.e.m.c.i.e.AbstractTransferListenerAdapter - Downloaded https://repo.maven.apache.org/maven2/com/fasterxml/jackson/core/jackson-annotations/2.19.2/jackson-annotations-2.19.2.pom
2025-08-10 17:59:50,302 [Worker-8: 入門コンテンツのインポート] INFO  o.e.m.c.i.e.AbstractTransferListenerAdapter - Downloading https://repo.maven.apache.org/maven2/com/fasterxml/jackson/core/jackson-core/2.19.2/jackson-core-2.19.2.pom
2025-08-10 17:59:50,305 [Worker-8: 入門コンテンツのインポート] INFO  o.e.m.c.i.e.AbstractTransferListenerAdapter - Downloaded https://repo.maven.apache.org/maven2/com/fasterxml/jackson/core/jackson-core/2.19.2/jackson-core-2.19.2.pom
2025-08-10 17:59:50,509 [Worker-8: 入門コンテンツのインポート] INFO  o.e.m.c.i.e.AbstractTransferListenerAdapter - Downloading https://repo.spring.io/snapshot/org/springframework/spring-web/7.0.0-SNAPSHOT/maven-metadata.xml
2025-08-10 17:59:50,515 [Worker-8: 入門コンテンツのインポート] INFO  o.e.m.c.i.e.AbstractTransferListenerAdapter - Downloaded https://repo.spring.io/snapshot/org/springframework/spring-web/7.0.0-SNAPSHOT/maven-metadata.xml
2025-08-10 17:59:50,744 [Worker-8: 入門コンテンツのインポート] INFO  o.e.m.c.i.e.AbstractTransferListenerAdapter - Downloading https://repo.spring.io/snapshot/org/springframework/spring-web/7.0.0-SNAPSHOT/spring-web-7.0.0-20250806.191428-793.pom
2025-08-10 17:59:50,749 [Worker-8: 入門コンテンツのインポート] INFO  o.e.m.c.i.e.AbstractTransferListenerAdapter - Downloaded https://repo.spring.io/snapshot/org/springframework/spring-web/7.0.0-SNAPSHOT/spring-web-7.0.0-20250806.191428-793.pom
2025-08-10 17:59:50,775 [Worker-8: 入門コンテンツのインポート] INFO  o.e.m.c.i.e.AbstractTransferListenerAdapter - Downloading https://repo.maven.apache.org/maven2/com/fasterxml/jackson/datatype/jackson-datatype-jdk8/2.19.2/jackson-datatype-jdk8-2.19.2.pom
2025-08-10 17:59:50,777 [Worker-8: 入門コンテンツのインポート] INFO  o.e.m.c.i.e.AbstractTransferListenerAdapter - Downloaded https://repo.maven.apache.org/maven2/com/fasterxml/jackson/datatype/jackson-datatype-jdk8/2.19.2/jackson-datatype-jdk8-2.19.2.pom
2025-08-10 17:59:50,798 [Worker-8: 入門コンテンツのインポート] INFO  o.e.m.c.i.e.AbstractTransferListenerAdapter - Downloading https://repo.maven.apache.org/maven2/com/fasterxml/jackson/module/jackson-modules-java8/2.19.2/jackson-modules-java8-2.19.2.pom
2025-08-10 17:59:50,799 [Worker-8: 入門コンテンツのインポート] INFO  o.e.m.c.i.e.AbstractTransferListenerAdapter - Downloaded https://repo.maven.apache.org/maven2/com/fasterxml/jackson/module/jackson-modules-java8/2.19.2/jackson-modules-java8-2.19.2.pom
2025-08-10 17:59:50,850 [Worker-8: 入門コンテンツのインポート] INFO  o.e.m.c.i.e.AbstractTransferListenerAdapter - Downloading https://repo.maven.apache.org/maven2/com/fasterxml/jackson/datatype/jackson-datatype-jsr310/2.19.2/jackson-datatype-jsr310-2.19.2.pom
2025-08-10 17:59:50,855 [Worker-8: 入門コンテンツのインポート] INFO  o.e.m.c.i.e.AbstractTransferListenerAdapter - Downloaded https://repo.maven.apache.org/maven2/com/fasterxml/jackson/datatype/jackson-datatype-jsr310/2.19.2/jackson-datatype-jsr310-2.19.2.pom
2025-08-10 17:59:50,879 [Worker-8: 入門コンテンツのインポート] INFO  o.e.m.c.i.e.AbstractTransferListenerAdapter - Downloading https://repo.maven.apache.org/maven2/com/fasterxml/jackson/module/jackson-module-parameter-names/2.19.2/jackson-module-parameter-names-2.19.2.pom
2025-08-10 17:59:50,881 [Worker-8: 入門コンテンツのインポート] INFO  o.e.m.c.i.e.AbstractTransferListenerAdapter - Downloaded https://repo.maven.apache.org/maven2/com/fasterxml/jackson/module/jackson-module-parameter-names/2.19.2/jackson-module-parameter-names-2.19.2.pom
2025-08-10 17:59:51,083 [Worker-8: 入門コンテンツのインポート] INFO  o.e.m.c.i.e.AbstractTransferListenerAdapter - Downloading https://repo.spring.io/snapshot/org/springframework/boot/spring-boot-starter-tomcat/4.0.0-SNAPSHOT/maven-metadata.xml
2025-08-10 17:59:51,091 [Worker-8: 入門コンテンツのインポート] INFO  o.e.m.c.i.e.AbstractTransferListenerAdapter - Downloaded https://repo.spring.io/snapshot/org/springframework/boot/spring-boot-starter-tomcat/4.0.0-SNAPSHOT/maven-metadata.xml
2025-08-10 17:59:51,291 [Worker-8: 入門コンテンツのインポート] INFO  o.e.m.c.i.e.AbstractTransferListenerAdapter - Downloading https://repo.spring.io/snapshot/org/springframework/boot/spring-boot-starter-tomcat/4.0.0-SNAPSHOT/spring-boot-starter-tomcat-4.0.0-20250808.165659-372.pom
2025-08-10 17:59:51,298 [Worker-8: 入門コンテンツのインポート] INFO  o.e.m.c.i.e.AbstractTransferListenerAdapter - Downloaded https://repo.spring.io/snapshot/org/springframework/boot/spring-boot-starter-tomcat/4.0.0-SNAPSHOT/spring-boot-starter-tomcat-4.0.0-20250808.165659-372.pom
2025-08-10 17:59:51,504 [Worker-8: 入門コンテンツのインポート] INFO  o.e.m.c.i.e.AbstractTransferListenerAdapter - Downloading https://repo.spring.io/snapshot/org/springframework/boot/spring-boot-tomcat/4.0.0-SNAPSHOT/maven-metadata.xml
2025-08-10 17:59:51,511 [Worker-8: 入門コンテンツのインポート] INFO  o.e.m.c.i.e.AbstractTransferListenerAdapter - Downloaded https://repo.spring.io/snapshot/org/springframework/boot/spring-boot-tomcat/4.0.0-SNAPSHOT/maven-metadata.xml
2025-08-10 17:59:51,717 [Worker-8: 入門コンテンツのインポート] INFO  o.e.m.c.i.e.AbstractTransferListenerAdapter - Downloading https://repo.spring.io/snapshot/org/springframework/boot/spring-boot-tomcat/4.0.0-SNAPSHOT/spring-boot-tomcat-4.0.0-20250808.165659-210.pom
2025-08-10 17:59:51,722 [Worker-8: 入門コンテンツのインポート] INFO  o.e.m.c.i.e.AbstractTransferListenerAdapter - Downloaded https://repo.spring.io/snapshot/org/springframework/boot/spring-boot-tomcat/4.0.0-SNAPSHOT/spring-boot-tomcat-4.0.0-20250808.165659-210.pom
2025-08-10 17:59:51,929 [Worker-8: 入門コンテンツのインポート] INFO  o.e.m.c.i.e.AbstractTransferListenerAdapter - Downloading https://repo.spring.io/snapshot/org/springframework/boot/spring-boot-web-server/4.0.0-SNAPSHOT/maven-metadata.xml
2025-08-10 17:59:51,933 [Worker-8: 入門コンテンツのインポート] INFO  o.e.m.c.i.e.AbstractTransferListenerAdapter - Downloaded https://repo.spring.io/snapshot/org/springframework/boot/spring-boot-web-server/4.0.0-SNAPSHOT/maven-metadata.xml
2025-08-10 17:59:52,136 [Worker-8: 入門コンテンツのインポート] INFO  o.e.m.c.i.e.AbstractTransferListenerAdapter - Downloading https://repo.spring.io/snapshot/org/springframework/boot/spring-boot-web-server/4.0.0-SNAPSHOT/spring-boot-web-server-4.0.0-20250808.165659-129.pom
2025-08-10 17:59:52,141 [Worker-8: 入門コンテンツのインポート] INFO  o.e.m.c.i.e.AbstractTransferListenerAdapter - Downloaded https://repo.spring.io/snapshot/org/springframework/boot/spring-boot-web-server/4.0.0-SNAPSHOT/spring-boot-web-server-4.0.0-20250808.165659-129.pom
2025-08-10 17:59:52,168 [Worker-8: 入門コンテンツのインポート] INFO  o.e.m.c.i.e.AbstractTransferListenerAdapter - Downloading https://repo.maven.apache.org/maven2/org/apache/tomcat/embed/tomcat-embed-core/11.0.10/tomcat-embed-core-11.0.10.pom
2025-08-10 17:59:52,171 [Worker-8: 入門コンテンツのインポート] INFO  o.e.m.c.i.e.AbstractTransferListenerAdapter - Downloaded https://repo.maven.apache.org/maven2/org/apache/tomcat/embed/tomcat-embed-core/11.0.10/tomcat-embed-core-11.0.10.pom
2025-08-10 17:59:52,191 [Worker-8: 入門コンテンツのインポート] INFO  o.e.m.c.i.e.AbstractTransferListenerAdapter - Downloading https://repo.maven.apache.org/maven2/org/apache/tomcat/embed/tomcat-embed-el/11.0.10/tomcat-embed-el-11.0.10.pom
2025-08-10 17:59:52,193 [Worker-8: 入門コンテンツのインポート] INFO  o.e.m.c.i.e.AbstractTransferListenerAdapter - Downloaded https://repo.maven.apache.org/maven2/org/apache/tomcat/embed/tomcat-embed-el/11.0.10/tomcat-embed-el-11.0.10.pom
2025-08-10 17:59:52,212 [Worker-8: 入門コンテンツのインポート] INFO  o.e.m.c.i.e.AbstractTransferListenerAdapter - Downloading https://repo.maven.apache.org/maven2/org/apache/tomcat/embed/tomcat-embed-websocket/11.0.10/tomcat-embed-websocket-11.0.10.pom
2025-08-10 17:59:52,215 [Worker-8: 入門コンテンツのインポート] INFO  o.e.m.c.i.e.AbstractTransferListenerAdapter - Downloaded https://repo.maven.apache.org/maven2/org/apache/tomcat/embed/tomcat-embed-websocket/11.0.10/tomcat-embed-websocket-11.0.10.pom
2025-08-10 17:59:52,421 [Worker-8: 入門コンテンツのインポート] INFO  o.e.m.c.i.e.AbstractTransferListenerAdapter - Downloading https://repo.spring.io/snapshot/org/springframework/boot/spring-boot-http-converter/4.0.0-SNAPSHOT/maven-metadata.xml
2025-08-10 17:59:52,427 [Worker-8: 入門コンテンツのインポート] INFO  o.e.m.c.i.e.AbstractTransferListenerAdapter - Downloaded https://repo.spring.io/snapshot/org/springframework/boot/spring-boot-http-converter/4.0.0-SNAPSHOT/maven-metadata.xml
2025-08-10 17:59:52,628 [Worker-8: 入門コンテンツのインポート] INFO  o.e.m.c.i.e.AbstractTransferListenerAdapter - Downloading https://repo.spring.io/snapshot/org/springframework/boot/spring-boot-http-converter/4.0.0-SNAPSHOT/spring-boot-http-converter-4.0.0-20250808.165659-124.pom
2025-08-10 17:59:52,634 [Worker-8: 入門コンテンツのインポート] INFO  o.e.m.c.i.e.AbstractTransferListenerAdapter - Downloaded https://repo.spring.io/snapshot/org/springframework/boot/spring-boot-http-converter/4.0.0-SNAPSHOT/spring-boot-http-converter-4.0.0-20250808.165659-124.pom
2025-08-10 17:59:52,844 [Worker-8: 入門コンテンツのインポート] INFO  o.e.m.c.i.e.AbstractTransferListenerAdapter - Downloading https://repo.spring.io/snapshot/org/springframework/boot/spring-boot-webmvc/4.0.0-SNAPSHOT/maven-metadata.xml
2025-08-10 17:59:52,850 [Worker-8: 入門コンテンツのインポート] INFO  o.e.m.c.i.e.AbstractTransferListenerAdapter - Downloaded https://repo.spring.io/snapshot/org/springframework/boot/spring-boot-webmvc/4.0.0-SNAPSHOT/maven-metadata.xml
2025-08-10 17:59:53,055 [Worker-8: 入門コンテンツのインポート] INFO  o.e.m.c.i.e.AbstractTransferListenerAdapter - Downloading https://repo.spring.io/snapshot/org/springframework/boot/spring-boot-webmvc/4.0.0-SNAPSHOT/spring-boot-webmvc-4.0.0-20250808.165659-159.pom
2025-08-10 17:59:53,059 [Worker-8: 入門コンテンツのインポート] INFO  o.e.m.c.i.e.AbstractTransferListenerAdapter - Downloaded https://repo.spring.io/snapshot/org/springframework/boot/spring-boot-webmvc/4.0.0-SNAPSHOT/spring-boot-webmvc-4.0.0-20250808.165659-159.pom
2025-08-10 17:59:53,269 [Worker-8: 入門コンテンツのインポート] INFO  o.e.m.c.i.e.AbstractTransferListenerAdapter - Downloading https://repo.spring.io/snapshot/org/springframework/boot/spring-boot-servlet/4.0.0-SNAPSHOT/maven-metadata.xml
2025-08-10 17:59:53,275 [Worker-8: 入門コンテンツのインポート] INFO  o.e.m.c.i.e.AbstractTransferListenerAdapter - Downloaded https://repo.spring.io/snapshot/org/springframework/boot/spring-boot-servlet/4.0.0-SNAPSHOT/maven-metadata.xml
2025-08-10 17:59:53,478 [Worker-8: 入門コンテンツのインポート] INFO  o.e.m.c.i.e.AbstractTransferListenerAdapter - Downloading https://repo.spring.io/snapshot/org/springframework/boot/spring-boot-servlet/4.0.0-SNAPSHOT/spring-boot-servlet-4.0.0-20250808.165659-114.pom
2025-08-10 17:59:53,482 [Worker-8: 入門コンテンツのインポート] INFO  o.e.m.c.i.e.AbstractTransferListenerAdapter - Downloaded https://repo.spring.io/snapshot/org/springframework/boot/spring-boot-servlet/4.0.0-SNAPSHOT/spring-boot-servlet-4.0.0-20250808.165659-114.pom
2025-08-10 17:59:53,688 [Worker-8: 入門コンテンツのインポート] INFO  o.e.m.c.i.e.AbstractTransferListenerAdapter - Downloading https://repo.spring.io/snapshot/org/springframework/spring-webmvc/7.0.0-SNAPSHOT/maven-metadata.xml
2025-08-10 17:59:53,694 [Worker-8: 入門コンテンツのインポート] INFO  o.e.m.c.i.e.AbstractTransferListenerAdapter - Downloaded https://repo.spring.io/snapshot/org/springframework/spring-webmvc/7.0.0-SNAPSHOT/maven-metadata.xml
2025-08-10 17:59:53,900 [Worker-8: 入門コンテンツのインポート] INFO  o.e.m.c.i.e.AbstractTransferListenerAdapter - Downloading https://repo.spring.io/snapshot/org/springframework/spring-webmvc/7.0.0-SNAPSHOT/spring-webmvc-7.0.0-20250806.191428-793.pom
2025-08-10 17:59:53,906 [Worker-8: 入門コンテンツのインポート] INFO  o.e.m.c.i.e.AbstractTransferListenerAdapter - Downloaded https://repo.spring.io/snapshot/org/springframework/spring-webmvc/7.0.0-SNAPSHOT/spring-webmvc-7.0.0-20250806.191428-793.pom
2025-08-10 17:59:54,120 [Worker-8: 入門コンテンツのインポート] INFO  o.e.m.c.i.e.AbstractTransferListenerAdapter - Downloading https://repo.spring.io/snapshot/org/springframework/boot/spring-boot-devtools/4.0.0-SNAPSHOT/maven-metadata.xml
2025-08-10 17:59:54,126 [Worker-8: 入門コンテンツのインポート] INFO  o.e.m.c.i.e.AbstractTransferListenerAdapter - Downloaded https://repo.spring.io/snapshot/org/springframework/boot/spring-boot-devtools/4.0.0-SNAPSHOT/maven-metadata.xml
2025-08-10 17:59:54,326 [Worker-8: 入門コンテンツのインポート] INFO  o.e.m.c.i.e.AbstractTransferListenerAdapter - Downloading https://repo.spring.io/snapshot/org/springframework/boot/spring-boot-devtools/4.0.0-SNAPSHOT/spring-boot-devtools-4.0.0-20250808.165659-372.pom
2025-08-10 17:59:54,332 [Worker-8: 入門コンテンツのインポート] INFO  o.e.m.c.i.e.AbstractTransferListenerAdapter - Downloaded https://repo.spring.io/snapshot/org/springframework/boot/spring-boot-devtools/4.0.0-SNAPSHOT/spring-boot-devtools-4.0.0-20250808.165659-372.pom
2025-08-10 17:59:54,358 [Worker-8: 入門コンテンツのインポート] INFO  o.e.m.c.i.e.AbstractTransferListenerAdapter - Downloading https://repo.maven.apache.org/maven2/com/mysql/mysql-connector-j/9.4.0/mysql-connector-j-9.4.0.pom
2025-08-10 17:59:54,361 [Worker-8: 入門コンテンツのインポート] INFO  o.e.m.c.i.e.AbstractTransferListenerAdapter - Downloaded https://repo.maven.apache.org/maven2/com/mysql/mysql-connector-j/9.4.0/mysql-connector-j-9.4.0.pom
2025-08-10 17:59:54,380 [Worker-8: 入門コンテンツのインポート] INFO  o.e.m.c.i.e.AbstractTransferListenerAdapter - Downloading https://repo.maven.apache.org/maven2/org/projectlombok/lombok/1.18.38/lombok-1.18.38.pom
2025-08-10 17:59:54,382 [Worker-8: 入門コンテンツのインポート] INFO  o.e.m.c.i.e.AbstractTransferListenerAdapter - Downloaded https://repo.maven.apache.org/maven2/org/projectlombok/lombok/1.18.38/lombok-1.18.38.pom
2025-08-10 17:59:54,605 [Worker-8: 入門コンテンツのインポート] INFO  o.e.m.c.i.e.AbstractTransferListenerAdapter - Downloading https://repo.spring.io/snapshot/org/springframework/boot/spring-boot-starter-test/4.0.0-SNAPSHOT/maven-metadata.xml
2025-08-10 17:59:54,611 [Worker-8: 入門コンテンツのインポート] INFO  o.e.m.c.i.e.AbstractTransferListenerAdapter - Downloaded https://repo.spring.io/snapshot/org/springframework/boot/spring-boot-starter-test/4.0.0-SNAPSHOT/maven-metadata.xml
2025-08-10 17:59:54,808 [Worker-8: 入門コンテンツのインポート] INFO  o.e.m.c.i.e.AbstractTransferListenerAdapter - Downloading https://repo.spring.io/snapshot/org/springframework/boot/spring-boot-starter-test/4.0.0-SNAPSHOT/spring-boot-starter-test-4.0.0-20250808.165659-372.pom
2025-08-10 17:59:54,812 [Worker-8: 入門コンテンツのインポート] INFO  o.e.m.c.i.e.AbstractTransferListenerAdapter - Downloaded https://repo.spring.io/snapshot/org/springframework/boot/spring-boot-starter-test/4.0.0-SNAPSHOT/spring-boot-starter-test-4.0.0-20250808.165659-372.pom
2025-08-10 17:59:55,017 [Worker-8: 入門コンテンツのインポート] INFO  o.e.m.c.i.e.AbstractTransferListenerAdapter - Downloading https://repo.spring.io/snapshot/org/springframework/boot/spring-boot-test/4.0.0-SNAPSHOT/maven-metadata.xml
2025-08-10 17:59:55,023 [Worker-8: 入門コンテンツのインポート] INFO  o.e.m.c.i.e.AbstractTransferListenerAdapter - Downloaded https://repo.spring.io/snapshot/org/springframework/boot/spring-boot-test/4.0.0-SNAPSHOT/maven-metadata.xml
2025-08-10 17:59:55,223 [Worker-8: 入門コンテンツのインポート] INFO  o.e.m.c.i.e.AbstractTransferListenerAdapter - Downloading https://repo.spring.io/snapshot/org/springframework/boot/spring-boot-test/4.0.0-SNAPSHOT/spring-boot-test-4.0.0-20250808.165659-372.pom
2025-08-10 17:59:55,229 [Worker-8: 入門コンテンツのインポート] INFO  o.e.m.c.i.e.AbstractTransferListenerAdapter - Downloaded https://repo.spring.io/snapshot/org/springframework/boot/spring-boot-test/4.0.0-SNAPSHOT/spring-boot-test-4.0.0-20250808.165659-372.pom
2025-08-10 17:59:55,437 [Worker-8: 入門コンテンツのインポート] INFO  o.e.m.c.i.e.AbstractTransferListenerAdapter - Downloading https://repo.spring.io/snapshot/org/springframework/spring-test/7.0.0-SNAPSHOT/maven-metadata.xml
2025-08-10 17:59:55,442 [Worker-8: 入門コンテンツのインポート] INFO  o.e.m.c.i.e.AbstractTransferListenerAdapter - Downloaded https://repo.spring.io/snapshot/org/springframework/spring-test/7.0.0-SNAPSHOT/maven-metadata.xml
2025-08-10 17:59:55,642 [Worker-8: 入門コンテンツのインポート] INFO  o.e.m.c.i.e.AbstractTransferListenerAdapter - Downloading https://repo.spring.io/snapshot/org/springframework/spring-test/7.0.0-SNAPSHOT/spring-test-7.0.0-20250806.191428-793.pom
2025-08-10 17:59:55,647 [Worker-8: 入門コンテンツのインポート] INFO  o.e.m.c.i.e.AbstractTransferListenerAdapter - Downloaded https://repo.spring.io/snapshot/org/springframework/spring-test/7.0.0-SNAPSHOT/spring-test-7.0.0-20250806.191428-793.pom
2025-08-10 17:59:55,858 [Worker-8: 入門コンテンツのインポート] INFO  o.e.m.c.i.e.AbstractTransferListenerAdapter - Downloading https://repo.spring.io/snapshot/org/springframework/boot/spring-boot-restclient-test/4.0.0-SNAPSHOT/maven-metadata.xml
2025-08-10 17:59:55,863 [Worker-8: 入門コンテンツのインポート] INFO  o.e.m.c.i.e.AbstractTransferListenerAdapter - Downloaded https://repo.spring.io/snapshot/org/springframework/boot/spring-boot-restclient-test/4.0.0-SNAPSHOT/maven-metadata.xml
2025-08-10 17:59:56,064 [Worker-8: 入門コンテンツのインポート] INFO  o.e.m.c.i.e.AbstractTransferListenerAdapter - Downloading https://repo.spring.io/snapshot/org/springframework/boot/spring-boot-restclient-test/4.0.0-SNAPSHOT/spring-boot-restclient-test-4.0.0-20250808.165659-114.pom
2025-08-10 17:59:56,069 [Worker-8: 入門コンテンツのインポート] INFO  o.e.m.c.i.e.AbstractTransferListenerAdapter - Downloaded https://repo.spring.io/snapshot/org/springframework/boot/spring-boot-restclient-test/4.0.0-SNAPSHOT/spring-boot-restclient-test-4.0.0-20250808.165659-114.pom
2025-08-10 17:59:56,275 [Worker-8: 入門コンテンツのインポート] INFO  o.e.m.c.i.e.AbstractTransferListenerAdapter - Downloading https://repo.spring.io/snapshot/org/springframework/boot/spring-boot-test-autoconfigure/4.0.0-SNAPSHOT/maven-metadata.xml
2025-08-10 17:59:56,280 [Worker-8: 入門コンテンツのインポート] INFO  o.e.m.c.i.e.AbstractTransferListenerAdapter - Downloaded https://repo.spring.io/snapshot/org/springframework/boot/spring-boot-test-autoconfigure/4.0.0-SNAPSHOT/maven-metadata.xml
2025-08-10 17:59:56,480 [Worker-8: 入門コンテンツのインポート] INFO  o.e.m.c.i.e.AbstractTransferListenerAdapter - Downloading https://repo.spring.io/snapshot/org/springframework/boot/spring-boot-test-autoconfigure/4.0.0-SNAPSHOT/spring-boot-test-autoconfigure-4.0.0-20250808.165659-372.pom
2025-08-10 17:59:56,485 [Worker-8: 入門コンテンツのインポート] INFO  o.e.m.c.i.e.AbstractTransferListenerAdapter - Downloaded https://repo.spring.io/snapshot/org/springframework/boot/spring-boot-test-autoconfigure/4.0.0-SNAPSHOT/spring-boot-test-autoconfigure-4.0.0-20250808.165659-372.pom
2025-08-10 17:59:56,694 [Worker-8: 入門コンテンツのインポート] INFO  o.e.m.c.i.e.AbstractTransferListenerAdapter - Downloading https://repo.spring.io/snapshot/org/springframework/boot/spring-boot-web-server-test/4.0.0-SNAPSHOT/maven-metadata.xml
2025-08-10 17:59:56,699 [Worker-8: 入門コンテンツのインポート] INFO  o.e.m.c.i.e.AbstractTransferListenerAdapter - Downloaded https://repo.spring.io/snapshot/org/springframework/boot/spring-boot-web-server-test/4.0.0-SNAPSHOT/maven-metadata.xml
2025-08-10 17:59:56,900 [Worker-8: 入門コンテンツのインポート] INFO  o.e.m.c.i.e.AbstractTransferListenerAdapter - Downloading https://repo.spring.io/snapshot/org/springframework/boot/spring-boot-web-server-test/4.0.0-SNAPSHOT/spring-boot-web-server-test-4.0.0-20250808.165659-127.pom
2025-08-10 17:59:56,907 [Worker-8: 入門コンテンツのインポート] INFO  o.e.m.c.i.e.AbstractTransferListenerAdapter - Downloaded https://repo.spring.io/snapshot/org/springframework/boot/spring-boot-web-server-test/4.0.0-SNAPSHOT/spring-boot-web-server-test-4.0.0-20250808.165659-127.pom
2025-08-10 17:59:56,932 [Worker-8: 入門コンテンツのインポート] INFO  o.e.m.c.i.e.AbstractTransferListenerAdapter - Downloading https://repo.maven.apache.org/maven2/com/jayway/jsonpath/json-path/2.9.0/json-path-2.9.0.pom
2025-08-10 17:59:56,934 [Worker-8: 入門コンテンツのインポート] INFO  o.e.m.c.i.e.AbstractTransferListenerAdapter - Downloaded https://repo.maven.apache.org/maven2/com/jayway/jsonpath/json-path/2.9.0/json-path-2.9.0.pom
2025-08-10 17:59:56,958 [Worker-8: 入門コンテンツのインポート] INFO  o.e.m.c.i.e.AbstractTransferListenerAdapter - Downloading https://repo.maven.apache.org/maven2/net/minidev/json-smart/2.6.0/json-smart-2.6.0.pom
2025-08-10 17:59:56,960 [Worker-8: 入門コンテンツのインポート] INFO  o.e.m.c.i.e.AbstractTransferListenerAdapter - Downloaded https://repo.maven.apache.org/maven2/net/minidev/json-smart/2.6.0/json-smart-2.6.0.pom
2025-08-10 17:59:56,983 [Worker-8: 入門コンテンツのインポート] INFO  o.e.m.c.i.e.AbstractTransferListenerAdapter - Downloading https://repo.maven.apache.org/maven2/net/minidev/accessors-smart/2.6.0/accessors-smart-2.6.0.pom
2025-08-10 17:59:56,986 [Worker-8: 入門コンテンツのインポート] INFO  o.e.m.c.i.e.AbstractTransferListenerAdapter - Downloaded https://repo.maven.apache.org/maven2/net/minidev/accessors-smart/2.6.0/accessors-smart-2.6.0.pom
2025-08-10 17:59:57,006 [Worker-8: 入門コンテンツのインポート] INFO  o.e.m.c.i.e.AbstractTransferListenerAdapter - Downloading https://repo.maven.apache.org/maven2/jakarta/xml/bind/jakarta.xml.bind-api/4.0.2/jakarta.xml.bind-api-4.0.2.pom
2025-08-10 17:59:57,011 [Worker-8: 入門コンテンツのインポート] INFO  o.e.m.c.i.e.AbstractTransferListenerAdapter - Downloaded https://repo.maven.apache.org/maven2/jakarta/xml/bind/jakarta.xml.bind-api/4.0.2/jakarta.xml.bind-api-4.0.2.pom
2025-08-10 17:59:57,032 [Worker-8: 入門コンテンツのインポート] INFO  o.e.m.c.i.e.AbstractTransferListenerAdapter - Downloading https://repo.maven.apache.org/maven2/jakarta/xml/bind/jakarta.xml.bind-api-parent/4.0.2/jakarta.xml.bind-api-parent-4.0.2.pom
2025-08-10 17:59:57,034 [Worker-8: 入門コンテンツのインポート] INFO  o.e.m.c.i.e.AbstractTransferListenerAdapter - Downloaded https://repo.maven.apache.org/maven2/jakarta/xml/bind/jakarta.xml.bind-api-parent/4.0.2/jakarta.xml.bind-api-parent-4.0.2.pom
2025-08-10 17:59:57,054 [Worker-8: 入門コンテンツのインポート] INFO  o.e.m.c.i.e.AbstractTransferListenerAdapter - Downloading https://repo.maven.apache.org/maven2/jakarta/activation/jakarta.activation-api/2.1.3/jakarta.activation-api-2.1.3.pom
2025-08-10 17:59:57,065 [Worker-8: 入門コンテンツのインポート] INFO  o.e.m.c.i.e.AbstractTransferListenerAdapter - Downloaded https://repo.maven.apache.org/maven2/jakarta/activation/jakarta.activation-api/2.1.3/jakarta.activation-api-2.1.3.pom
2025-08-10 17:59:57,087 [Worker-8: 入門コンテンツのインポート] INFO  o.e.m.c.i.e.AbstractTransferListenerAdapter - Downloading https://repo.maven.apache.org/maven2/org/assertj/assertj-core/3.27.4/assertj-core-3.27.4.pom
2025-08-10 17:59:57,090 [Worker-8: 入門コンテンツのインポート] INFO  o.e.m.c.i.e.AbstractTransferListenerAdapter - Downloaded https://repo.maven.apache.org/maven2/org/assertj/assertj-core/3.27.4/assertj-core-3.27.4.pom
2025-08-10 17:59:57,112 [Worker-8: 入門コンテンツのインポート] INFO  o.e.m.c.i.e.AbstractTransferListenerAdapter - Downloading https://repo.maven.apache.org/maven2/net/bytebuddy/byte-buddy/1.17.6/byte-buddy-1.17.6.pom
2025-08-10 17:59:57,120 [Worker-8: 入門コンテンツのインポート] INFO  o.e.m.c.i.e.AbstractTransferListenerAdapter - Downloaded https://repo.maven.apache.org/maven2/net/bytebuddy/byte-buddy/1.17.6/byte-buddy-1.17.6.pom
2025-08-10 17:59:57,141 [Worker-8: 入門コンテンツのインポート] INFO  o.e.m.c.i.e.AbstractTransferListenerAdapter - Downloading https://repo.maven.apache.org/maven2/net/bytebuddy/byte-buddy-parent/1.17.6/byte-buddy-parent-1.17.6.pom
2025-08-10 17:59:57,155 [Worker-8: 入門コンテンツのインポート] INFO  o.e.m.c.i.e.AbstractTransferListenerAdapter - Downloaded https://repo.maven.apache.org/maven2/net/bytebuddy/byte-buddy-parent/1.17.6/byte-buddy-parent-1.17.6.pom
2025-08-10 17:59:57,179 [Worker-8: 入門コンテンツのインポート] INFO  o.e.m.c.i.e.AbstractTransferListenerAdapter - Downloading https://repo.maven.apache.org/maven2/org/awaitility/awaitility/4.3.0/awaitility-4.3.0.pom
2025-08-10 17:59:57,181 [Worker-8: 入門コンテンツのインポート] INFO  o.e.m.c.i.e.AbstractTransferListenerAdapter - Downloaded https://repo.maven.apache.org/maven2/org/awaitility/awaitility/4.3.0/awaitility-4.3.0.pom
2025-08-10 17:59:57,203 [Worker-8: 入門コンテンツのインポート] INFO  o.e.m.c.i.e.AbstractTransferListenerAdapter - Downloading https://repo.maven.apache.org/maven2/org/awaitility/awaitility-parent/4.3.0/awaitility-parent-4.3.0.pom
2025-08-10 17:59:57,207 [Worker-8: 入門コンテンツのインポート] INFO  o.e.m.c.i.e.AbstractTransferListenerAdapter - Downloaded https://repo.maven.apache.org/maven2/org/awaitility/awaitility-parent/4.3.0/awaitility-parent-4.3.0.pom
2025-08-10 17:59:57,228 [Worker-8: 入門コンテンツのインポート] INFO  o.e.m.c.i.e.AbstractTransferListenerAdapter - Downloading https://repo.maven.apache.org/maven2/org/hamcrest/hamcrest/3.0/hamcrest-3.0.pom
2025-08-10 17:59:57,231 [Worker-8: 入門コンテンツのインポート] INFO  o.e.m.c.i.e.AbstractTransferListenerAdapter - Downloaded https://repo.maven.apache.org/maven2/org/hamcrest/hamcrest/3.0/hamcrest-3.0.pom
2025-08-10 17:59:57,253 [Worker-8: 入門コンテンツのインポート] INFO  o.e.m.c.i.e.AbstractTransferListenerAdapter - Downloading https://repo.maven.apache.org/maven2/org/junit/jupiter/junit-jupiter/5.13.4/junit-jupiter-5.13.4.pom
2025-08-10 17:59:57,255 [Worker-8: 入門コンテンツのインポート] INFO  o.e.m.c.i.e.AbstractTransferListenerAdapter - Downloaded https://repo.maven.apache.org/maven2/org/junit/jupiter/junit-jupiter/5.13.4/junit-jupiter-5.13.4.pom
2025-08-10 17:59:57,275 [Worker-8: 入門コンテンツのインポート] INFO  o.e.m.c.i.e.AbstractTransferListenerAdapter - Downloading https://repo.maven.apache.org/maven2/org/junit/jupiter/junit-jupiter-api/5.13.4/junit-jupiter-api-5.13.4.pom
2025-08-10 17:59:57,277 [Worker-8: 入門コンテンツのインポート] INFO  o.e.m.c.i.e.AbstractTransferListenerAdapter - Downloaded https://repo.maven.apache.org/maven2/org/junit/jupiter/junit-jupiter-api/5.13.4/junit-jupiter-api-5.13.4.pom
2025-08-10 17:59:57,300 [Worker-8: 入門コンテンツのインポート] INFO  o.e.m.c.i.e.AbstractTransferListenerAdapter - Downloading https://repo.maven.apache.org/maven2/org/opentest4j/opentest4j/1.3.0/opentest4j-1.3.0.pom
2025-08-10 17:59:57,302 [Worker-8: 入門コンテンツのインポート] INFO  o.e.m.c.i.e.AbstractTransferListenerAdapter - Downloaded https://repo.maven.apache.org/maven2/org/opentest4j/opentest4j/1.3.0/opentest4j-1.3.0.pom
2025-08-10 17:59:57,325 [Worker-8: 入門コンテンツのインポート] INFO  o.e.m.c.i.e.AbstractTransferListenerAdapter - Downloading https://repo.maven.apache.org/maven2/org/junit/platform/junit-platform-commons/1.13.4/junit-platform-commons-1.13.4.pom
2025-08-10 17:59:57,327 [Worker-8: 入門コンテンツのインポート] INFO  o.e.m.c.i.e.AbstractTransferListenerAdapter - Downloaded https://repo.maven.apache.org/maven2/org/junit/platform/junit-platform-commons/1.13.4/junit-platform-commons-1.13.4.pom
2025-08-10 17:59:57,349 [Worker-8: 入門コンテンツのインポート] INFO  o.e.m.c.i.e.AbstractTransferListenerAdapter - Downloading https://repo.maven.apache.org/maven2/org/apiguardian/apiguardian-api/1.1.2/apiguardian-api-1.1.2.pom
2025-08-10 17:59:57,351 [Worker-8: 入門コンテンツのインポート] INFO  o.e.m.c.i.e.AbstractTransferListenerAdapter - Downloaded https://repo.maven.apache.org/maven2/org/apiguardian/apiguardian-api/1.1.2/apiguardian-api-1.1.2.pom
2025-08-10 17:59:57,371 [Worker-8: 入門コンテンツのインポート] INFO  o.e.m.c.i.e.AbstractTransferListenerAdapter - Downloading https://repo.maven.apache.org/maven2/org/junit/jupiter/junit-jupiter-params/5.13.4/junit-jupiter-params-5.13.4.pom
2025-08-10 17:59:57,373 [Worker-8: 入門コンテンツのインポート] INFO  o.e.m.c.i.e.AbstractTransferListenerAdapter - Downloaded https://repo.maven.apache.org/maven2/org/junit/jupiter/junit-jupiter-params/5.13.4/junit-jupiter-params-5.13.4.pom
2025-08-10 17:59:57,422 [Worker-8: 入門コンテンツのインポート] INFO  o.e.m.c.i.e.AbstractTransferListenerAdapter - Downloading https://repo.maven.apache.org/maven2/org/junit/jupiter/junit-jupiter-engine/5.13.4/junit-jupiter-engine-5.13.4.pom
2025-08-10 17:59:57,426 [Worker-8: 入門コンテンツのインポート] INFO  o.e.m.c.i.e.AbstractTransferListenerAdapter - Downloaded https://repo.maven.apache.org/maven2/org/junit/jupiter/junit-jupiter-engine/5.13.4/junit-jupiter-engine-5.13.4.pom
2025-08-10 17:59:57,450 [Worker-8: 入門コンテンツのインポート] INFO  o.e.m.c.i.e.AbstractTransferListenerAdapter - Downloading https://repo.maven.apache.org/maven2/org/junit/platform/junit-platform-engine/1.13.4/junit-platform-engine-1.13.4.pom
2025-08-10 17:59:57,452 [Worker-8: 入門コンテンツのインポート] INFO  o.e.m.c.i.e.AbstractTransferListenerAdapter - Downloaded https://repo.maven.apache.org/maven2/org/junit/platform/junit-platform-engine/1.13.4/junit-platform-engine-1.13.4.pom
2025-08-10 17:59:57,476 [Worker-8: 入門コンテンツのインポート] INFO  o.e.m.c.i.e.AbstractTransferListenerAdapter - Downloading https://repo.maven.apache.org/maven2/org/mockito/mockito-core/5.18.0/mockito-core-5.18.0.pom
2025-08-10 17:59:57,479 [Worker-8: 入門コンテンツのインポート] INFO  o.e.m.c.i.e.AbstractTransferListenerAdapter - Downloaded https://repo.maven.apache.org/maven2/org/mockito/mockito-core/5.18.0/mockito-core-5.18.0.pom
2025-08-10 17:59:57,501 [Worker-8: 入門コンテンツのインポート] INFO  o.e.m.c.i.e.AbstractTransferListenerAdapter - Downloading https://repo.maven.apache.org/maven2/net/bytebuddy/byte-buddy-agent/1.17.6/byte-buddy-agent-1.17.6.pom
2025-08-10 17:59:57,504 [Worker-8: 入門コンテンツのインポート] INFO  o.e.m.c.i.e.AbstractTransferListenerAdapter - Downloaded https://repo.maven.apache.org/maven2/net/bytebuddy/byte-buddy-agent/1.17.6/byte-buddy-agent-1.17.6.pom
2025-08-10 17:59:57,528 [Worker-8: 入門コンテンツのインポート] INFO  o.e.m.c.i.e.AbstractTransferListenerAdapter - Downloading https://repo.maven.apache.org/maven2/org/objenesis/objenesis/3.3/objenesis-3.3.pom
2025-08-10 17:59:57,530 [Worker-8: 入門コンテンツのインポート] INFO  o.e.m.c.i.e.AbstractTransferListenerAdapter - Downloaded https://repo.maven.apache.org/maven2/org/objenesis/objenesis/3.3/objenesis-3.3.pom
2025-08-10 17:59:57,550 [Worker-8: 入門コンテンツのインポート] INFO  o.e.m.c.i.e.AbstractTransferListenerAdapter - Downloading https://repo.maven.apache.org/maven2/org/objenesis/objenesis-parent/3.3/objenesis-parent-3.3.pom
2025-08-10 17:59:57,558 [Worker-8: 入門コンテンツのインポート] INFO  o.e.m.c.i.e.AbstractTransferListenerAdapter - Downloaded https://repo.maven.apache.org/maven2/org/objenesis/objenesis-parent/3.3/objenesis-parent-3.3.pom
2025-08-10 17:59:57,581 [Worker-8: 入門コンテンツのインポート] INFO  o.e.m.c.i.e.AbstractTransferListenerAdapter - Downloading https://repo.maven.apache.org/maven2/org/mockito/mockito-junit-jupiter/5.18.0/mockito-junit-jupiter-5.18.0.pom
2025-08-10 17:59:57,584 [Worker-8: 入門コンテンツのインポート] INFO  o.e.m.c.i.e.AbstractTransferListenerAdapter - Downloaded https://repo.maven.apache.org/maven2/org/mockito/mockito-junit-jupiter/5.18.0/mockito-junit-jupiter-5.18.0.pom
2025-08-10 17:59:57,610 [Worker-8: 入門コンテンツのインポート] INFO  o.e.m.c.i.e.AbstractTransferListenerAdapter - Downloading https://repo.maven.apache.org/maven2/org/skyscreamer/jsonassert/1.5.3/jsonassert-1.5.3.pom
2025-08-10 17:59:57,612 [Worker-8: 入門コンテンツのインポート] INFO  o.e.m.c.i.e.AbstractTransferListenerAdapter - Downloaded https://repo.maven.apache.org/maven2/org/skyscreamer/jsonassert/1.5.3/jsonassert-1.5.3.pom
2025-08-10 17:59:57,635 [Worker-8: 入門コンテンツのインポート] INFO  o.e.m.c.i.e.AbstractTransferListenerAdapter - Downloading https://repo.maven.apache.org/maven2/com/vaadin/external/google/android-json/0.0.20131108.vaadin1/android-json-0.0.20131108.vaadin1.pom
2025-08-10 17:59:57,640 [Worker-8: 入門コンテンツのインポート] INFO  o.e.m.c.i.e.AbstractTransferListenerAdapter - Downloaded https://repo.maven.apache.org/maven2/com/vaadin/external/google/android-json/0.0.20131108.vaadin1/android-json-0.0.20131108.vaadin1.pom
2025-08-10 17:59:57,664 [Worker-8: 入門コンテンツのインポート] INFO  o.e.m.c.i.e.AbstractTransferListenerAdapter - Downloading https://repo.maven.apache.org/maven2/org/xmlunit/xmlunit-core/2.10.3/xmlunit-core-2.10.3.pom
2025-08-10 17:59:57,667 [Worker-8: 入門コンテンツのインポート] INFO  o.e.m.c.i.e.AbstractTransferListenerAdapter - Downloaded https://repo.maven.apache.org/maven2/org/xmlunit/xmlunit-core/2.10.3/xmlunit-core-2.10.3.pom
2025-08-10 17:59:57,690 [Worker-8: 入門コンテンツのインポート] INFO  o.e.m.c.i.e.AbstractTransferListenerAdapter - Downloading https://repo.maven.apache.org/maven2/org/xmlunit/xmlunit-parent/2.10.3/xmlunit-parent-2.10.3.pom
2025-08-10 17:59:57,694 [Worker-8: 入門コンテンツのインポート] INFO  o.e.m.c.i.e.AbstractTransferListenerAdapter - Downloaded https://repo.maven.apache.org/maven2/org/xmlunit/xmlunit-parent/2.10.3/xmlunit-parent-2.10.3.pom
2025-08-10 17:59:57,906 [Worker-8: 入門コンテンツのインポート] INFO  o.e.m.c.i.e.AbstractTransferListenerAdapter - Downloading https://repo.spring.io/snapshot/org/springframework/boot/spring-boot-starter-web/4.0.0-SNAPSHOT/spring-boot-starter-web-4.0.0-20250808.165659-372.jar
2025-08-10 17:59:57,912 [Worker-8: 入門コンテンツのインポート] INFO  o.e.m.c.i.e.AbstractTransferListenerAdapter - Downloaded https://repo.spring.io/snapshot/org/springframework/boot/spring-boot-starter-web/4.0.0-SNAPSHOT/spring-boot-starter-web-4.0.0-20250808.165659-372.jar
2025-08-10 17:59:58,111 [BasicRepositoryConnector-repo.spring.io-1-0] INFO  o.e.m.c.i.e.AbstractTransferListenerAdapter - Downloading https://repo.spring.io/snapshot/org/springframework/boot/spring-boot-starter-jackson/4.0.0-SNAPSHOT/spring-boot-starter-jackson-4.0.0-20250808.165659-56.jar
2025-08-10 17:59:58,117 [BasicRepositoryConnector-repo.spring.io-1-0] INFO  o.e.m.c.i.e.AbstractTransferListenerAdapter - Downloaded https://repo.spring.io/snapshot/org/springframework/boot/spring-boot-starter-jackson/4.0.0-SNAPSHOT/spring-boot-starter-jackson-4.0.0-20250808.165659-56.jar
2025-08-10 17:59:58,311 [BasicRepositoryConnector-repo.spring.io-1-0] INFO  o.e.m.c.i.e.AbstractTransferListenerAdapter - Downloading https://repo.spring.io/snapshot/org/springframework/boot/spring-boot-http-converter/4.0.0-SNAPSHOT/spring-boot-http-converter-4.0.0-20250808.165659-124.jar
2025-08-10 17:59:58,500 [BasicRepositoryConnector-repo.spring.io-1-0] INFO  o.e.m.c.i.e.AbstractTransferListenerAdapter - Downloaded https://repo.spring.io/snapshot/org/springframework/boot/spring-boot-http-converter/4.0.0-SNAPSHOT/spring-boot-http-converter-4.0.0-20250808.165659-124.jar
2025-08-10 17:59:58,618 [BasicRepositoryConnector-repo.spring.io-1-1] INFO  o.e.m.c.i.e.AbstractTransferListenerAdapter - Downloading https://repo.spring.io/snapshot/org/springframework/boot/spring-boot-jackson/4.0.0-SNAPSHOT/spring-boot-jackson-4.0.0-20250808.165659-199.jar
2025-08-10 17:59:58,661 [BasicRepositoryConnector-repo.spring.io-1-3] INFO  o.e.m.c.i.e.AbstractTransferListenerAdapter - Downloading https://repo.spring.io/snapshot/org/springframework/boot/spring-boot-tomcat/4.0.0-SNAPSHOT/spring-boot-tomcat-4.0.0-20250808.165659-210.jar
2025-08-10 17:59:58,661 [BasicRepositoryConnector-repo.spring.io-1-2] INFO  o.e.m.c.i.e.AbstractTransferListenerAdapter - Downloading https://repo.spring.io/snapshot/org/springframework/boot/spring-boot-starter-tomcat/4.0.0-SNAPSHOT/spring-boot-starter-tomcat-4.0.0-20250808.165659-372.jar
2025-08-10 17:59:58,664 [BasicRepositoryConnector-repo.spring.io-1-2] INFO  o.e.m.c.i.e.AbstractTransferListenerAdapter - Downloaded https://repo.spring.io/snapshot/org/springframework/boot/spring-boot-starter-tomcat/4.0.0-SNAPSHOT/spring-boot-starter-tomcat-4.0.0-20250808.165659-372.jar
2025-08-10 17:59:58,664 [BasicRepositoryConnector-repo.spring.io-1-4] INFO  o.e.m.c.i.e.AbstractTransferListenerAdapter - Downloading https://repo.spring.io/snapshot/org/springframework/boot/spring-boot-web-server/4.0.0-SNAPSHOT/spring-boot-web-server-4.0.0-20250808.165659-129.jar
2025-08-10 17:59:58,959 [BasicRepositoryConnector-repo.spring.io-1-1] INFO  o.e.m.c.i.e.AbstractTransferListenerAdapter - Downloaded https://repo.spring.io/snapshot/org/springframework/boot/spring-boot-jackson/4.0.0-SNAPSHOT/spring-boot-jackson-4.0.0-20250808.165659-199.jar
2025-08-10 17:59:59,134 [BasicRepositoryConnector-repo.spring.io-1-1] INFO  o.e.m.c.i.e.AbstractTransferListenerAdapter - Downloading https://repo.spring.io/snapshot/io/micrometer/micrometer-observation/1.16.0-SNAPSHOT/micrometer-observation-1.16.0-20250808.223947-197.jar
2025-08-10 17:59:59,195 [BasicRepositoryConnector-repo.spring.io-1-3] INFO  o.e.m.c.i.e.AbstractTransferListenerAdapter - Downloaded https://repo.spring.io/snapshot/org/springframework/boot/spring-boot-tomcat/4.0.0-SNAPSHOT/spring-boot-tomcat-4.0.0-20250808.165659-210.jar
2025-08-10 17:59:59,219 [BasicRepositoryConnector-repo.spring.io-1-4] INFO  o.e.m.c.i.e.AbstractTransferListenerAdapter - Downloaded https://repo.spring.io/snapshot/org/springframework/boot/spring-boot-web-server/4.0.0-SNAPSHOT/spring-boot-web-server-4.0.0-20250808.165659-129.jar
2025-08-10 17:59:59,310 [BasicRepositoryConnector-repo.spring.io-1-1] INFO  o.e.m.c.i.e.AbstractTransferListenerAdapter - Downloaded https://repo.spring.io/snapshot/io/micrometer/micrometer-observation/1.16.0-SNAPSHOT/micrometer-observation-1.16.0-20250808.223947-197.jar
2025-08-10 17:59:59,368 [BasicRepositoryConnector-repo.spring.io-1-0] INFO  o.e.m.c.i.e.AbstractTransferListenerAdapter - Downloading https://repo.spring.io/snapshot/org/springframework/spring-web/7.0.0-SNAPSHOT/spring-web-7.0.0-20250806.191428-793.jar
2025-08-10 17:59:59,380 [BasicRepositoryConnector-repo.spring.io-1-3] INFO  o.e.m.c.i.e.AbstractTransferListenerAdapter - Downloading https://repo.spring.io/snapshot/io/micrometer/micrometer-commons/1.16.0-SNAPSHOT/micrometer-commons-1.16.0-20250808.223947-196.jar
2025-08-10 17:59:59,389 [BasicRepositoryConnector-repo.spring.io-1-3] INFO  o.e.m.c.i.e.AbstractTransferListenerAdapter - Downloaded https://repo.spring.io/snapshot/io/micrometer/micrometer-commons/1.16.0-SNAPSHOT/micrometer-commons-1.16.0-20250808.223947-196.jar
2025-08-10 17:59:59,415 [BasicRepositoryConnector-repo.spring.io-1-4] INFO  o.e.m.c.i.e.AbstractTransferListenerAdapter - Downloading https://repo.spring.io/snapshot/org/springframework/boot/spring-boot-webmvc/4.0.0-SNAPSHOT/spring-boot-webmvc-4.0.0-20250808.165659-159.jar
2025-08-10 17:59:59,487 [BasicRepositoryConnector-repo.spring.io-1-1] INFO  o.e.m.c.i.e.AbstractTransferListenerAdapter - Downloading https://repo.spring.io/snapshot/org/springframework/boot/spring-boot-servlet/4.0.0-SNAPSHOT/spring-boot-servlet-4.0.0-20250808.165659-114.jar
2025-08-10 17:59:59,494 [BasicRepositoryConnector-repo.spring.io-1-1] INFO  o.e.m.c.i.e.AbstractTransferListenerAdapter - Downloaded https://repo.spring.io/snapshot/org/springframework/boot/spring-boot-servlet/4.0.0-SNAPSHOT/spring-boot-servlet-4.0.0-20250808.165659-114.jar
2025-08-10 17:59:59,510 [BasicRepositoryConnector-repo.spring.io-1-2] INFO  o.e.m.c.i.e.AbstractTransferListenerAdapter - Downloading https://repo.spring.io/snapshot/org/springframework/spring-beans/7.0.0-SNAPSHOT/spring-beans-7.0.0-20250806.191428-793.jar
2025-08-10 17:59:59,613 [BasicRepositoryConnector-repo.spring.io-1-4] INFO  o.e.m.c.i.e.AbstractTransferListenerAdapter - Downloaded https://repo.spring.io/snapshot/org/springframework/boot/spring-boot-webmvc/4.0.0-SNAPSHOT/spring-boot-webmvc-4.0.0-20250808.165659-159.jar
2025-08-10 18:00:00,210 [BasicRepositoryConnector-repo.spring.io-1-3] INFO  o.e.m.c.i.e.AbstractTransferListenerAdapter - Downloading https://repo.spring.io/snapshot/org/springframework/spring-webmvc/7.0.0-SNAPSHOT/spring-webmvc-7.0.0-20250806.191428-793.jar
2025-08-10 18:00:00,280 [BasicRepositoryConnector-repo.spring.io-1-1] INFO  o.e.m.c.i.e.AbstractTransferListenerAdapter - Downloading https://repo.spring.io/snapshot/org/springframework/spring-aop/7.0.0-SNAPSHOT/spring-aop-7.0.0-20250806.191428-793.jar
2025-08-10 18:00:00,474 [BasicRepositoryConnector-repo.spring.io-1-4] INFO  o.e.m.c.i.e.AbstractTransferListenerAdapter - Downloading https://repo.spring.io/snapshot/org/springframework/spring-expression/7.0.0-SNAPSHOT/spring-expression-7.0.0-20250806.191428-793.jar
2025-08-10 18:00:00,826 [BasicRepositoryConnector-repo.spring.io-1-2] INFO  o.e.m.c.i.e.AbstractTransferListenerAdapter - Downloaded https://repo.spring.io/snapshot/org/springframework/spring-beans/7.0.0-SNAPSHOT/spring-beans-7.0.0-20250806.191428-793.jar
2025-08-10 18:00:01,245 [BasicRepositoryConnector-repo.spring.io-1-4] INFO  o.e.m.c.i.e.AbstractTransferListenerAdapter - Downloaded https://repo.spring.io/snapshot/org/springframework/spring-expression/7.0.0-SNAPSHOT/spring-expression-7.0.0-20250806.191428-793.jar
2025-08-10 18:00:01,266 [BasicRepositoryConnector-repo.spring.io-1-2] INFO  o.e.m.c.i.e.AbstractTransferListenerAdapter - Downloading https://repo.spring.io/snapshot/org/springframework/boot/spring-boot-devtools/4.0.0-SNAPSHOT/spring-boot-devtools-4.0.0-20250808.165659-372.jar
2025-08-10 18:00:01,434 [BasicRepositoryConnector-repo.spring.io-1-0] INFO  o.e.m.c.i.e.AbstractTransferListenerAdapter - Downloaded https://repo.spring.io/snapshot/org/springframework/spring-web/7.0.0-SNAPSHOT/spring-web-7.0.0-20250806.191428-793.jar
2025-08-10 18:00:01,487 [BasicRepositoryConnector-repo.spring.io-1-2] INFO  o.e.m.c.i.e.AbstractTransferListenerAdapter - Downloaded https://repo.spring.io/snapshot/org/springframework/boot/spring-boot-devtools/4.0.0-SNAPSHOT/spring-boot-devtools-4.0.0-20250808.165659-372.jar
2025-08-10 18:00:01,532 [BasicRepositoryConnector-repo.spring.io-1-3] INFO  o.e.m.c.i.e.AbstractTransferListenerAdapter - Downloaded https://repo.spring.io/snapshot/org/springframework/spring-webmvc/7.0.0-SNAPSHOT/spring-webmvc-7.0.0-20250806.191428-793.jar
2025-08-10 18:00:01,607 [BasicRepositoryConnector-repo.spring.io-1-1] INFO  o.e.m.c.i.e.AbstractTransferListenerAdapter - Downloaded https://repo.spring.io/snapshot/org/springframework/spring-aop/7.0.0-SNAPSHOT/spring-aop-7.0.0-20250806.191428-793.jar
2025-08-10 18:00:01,619 [BasicRepositoryConnector-repo.spring.io-1-4] INFO  o.e.m.c.i.e.AbstractTransferListenerAdapter - Downloading https://repo.spring.io/snapshot/org/springframework/boot/spring-boot/4.0.0-SNAPSHOT/spring-boot-4.0.0-20250808.165659-372.jar
2025-08-10 18:00:01,718 [BasicRepositoryConnector-repo.spring.io-1-3] INFO  o.e.m.c.i.e.AbstractTransferListenerAdapter - Downloading https://repo.spring.io/snapshot/org/springframework/boot/spring-boot-starter-test/4.0.0-SNAPSHOT/spring-boot-starter-test-4.0.0-20250808.165659-372.jar
2025-08-10 18:00:01,722 [BasicRepositoryConnector-repo.spring.io-1-3] INFO  o.e.m.c.i.e.AbstractTransferListenerAdapter - Downloaded https://repo.spring.io/snapshot/org/springframework/boot/spring-boot-starter-test/4.0.0-SNAPSHOT/spring-boot-starter-test-4.0.0-20250808.165659-372.jar
2025-08-10 18:00:01,798 [BasicRepositoryConnector-repo.spring.io-1-1] INFO  o.e.m.c.i.e.AbstractTransferListenerAdapter - Downloading https://repo.spring.io/snapshot/org/springframework/boot/spring-boot-starter/4.0.0-SNAPSHOT/spring-boot-starter-4.0.0-20250808.165659-372.jar
2025-08-10 18:00:01,800 [BasicRepositoryConnector-repo.spring.io-1-1] INFO  o.e.m.c.i.e.AbstractTransferListenerAdapter - Downloaded https://repo.spring.io/snapshot/org/springframework/boot/spring-boot-starter/4.0.0-SNAPSHOT/spring-boot-starter-4.0.0-20250808.165659-372.jar
2025-08-10 18:00:01,833 [BasicRepositoryConnector-repo.spring.io-1-0] INFO  o.e.m.c.i.e.AbstractTransferListenerAdapter - Downloading https://repo.spring.io/snapshot/org/springframework/spring-context/7.0.0-SNAPSHOT/spring-context-7.0.0-20250806.191428-793.jar
2025-08-10 18:00:01,929 [BasicRepositoryConnector-repo.spring.io-1-3] INFO  o.e.m.c.i.e.AbstractTransferListenerAdapter - Downloading https://repo.spring.io/snapshot/org/springframework/boot/spring-boot-starter-logging/4.0.0-SNAPSHOT/spring-boot-starter-logging-4.0.0-20250808.165659-372.jar
2025-08-10 18:00:01,931 [BasicRepositoryConnector-repo.spring.io-1-2] INFO  o.e.m.c.i.e.AbstractTransferListenerAdapter - Downloading https://repo.spring.io/snapshot/org/springframework/boot/spring-boot-autoconfigure/4.0.0-SNAPSHOT/spring-boot-autoconfigure-4.0.0-20250808.165659-372.jar
2025-08-10 18:00:01,933 [BasicRepositoryConnector-repo.spring.io-1-3] INFO  o.e.m.c.i.e.AbstractTransferListenerAdapter - Downloaded https://repo.spring.io/snapshot/org/springframework/boot/spring-boot-starter-logging/4.0.0-SNAPSHOT/spring-boot-starter-logging-4.0.0-20250808.165659-372.jar
2025-08-10 18:00:01,991 [BasicRepositoryConnector-repo.spring.io-1-1] INFO  o.e.m.c.i.e.AbstractTransferListenerAdapter - Downloading https://repo.spring.io/snapshot/org/springframework/boot/spring-boot-test/4.0.0-SNAPSHOT/spring-boot-test-4.0.0-20250808.165659-372.jar
2025-08-10 18:00:02,127 [BasicRepositoryConnector-repo.spring.io-1-3] INFO  o.e.m.c.i.e.AbstractTransferListenerAdapter - Downloading https://repo.spring.io/snapshot/org/springframework/boot/spring-boot-restclient-test/4.0.0-SNAPSHOT/spring-boot-restclient-test-4.0.0-20250808.165659-114.jar
2025-08-10 18:00:02,165 [BasicRepositoryConnector-repo.spring.io-1-2] INFO  o.e.m.c.i.e.AbstractTransferListenerAdapter - Downloaded https://repo.spring.io/snapshot/org/springframework/boot/spring-boot-autoconfigure/4.0.0-SNAPSHOT/spring-boot-autoconfigure-4.0.0-20250808.165659-372.jar
2025-08-10 18:00:02,303 [BasicRepositoryConnector-repo.spring.io-1-3] INFO  o.e.m.c.i.e.AbstractTransferListenerAdapter - Downloaded https://repo.spring.io/snapshot/org/springframework/boot/spring-boot-restclient-test/4.0.0-SNAPSHOT/spring-boot-restclient-test-4.0.0-20250808.165659-114.jar
2025-08-10 18:00:02,480 [BasicRepositoryConnector-repo.spring.io-1-0] INFO  o.e.m.c.i.e.AbstractTransferListenerAdapter - Downloaded https://repo.spring.io/snapshot/org/springframework/spring-context/7.0.0-SNAPSHOT/spring-context-7.0.0-20250806.191428-793.jar
2025-08-10 18:00:02,487 [BasicRepositoryConnector-repo.spring.io-1-3] INFO  o.e.m.c.i.e.AbstractTransferListenerAdapter - Downloading https://repo.spring.io/snapshot/org/springframework/boot/spring-boot-web-server-test/4.0.0-SNAPSHOT/spring-boot-web-server-test-4.0.0-20250808.165659-127.jar
2025-08-10 18:00:02,577 [BasicRepositoryConnector-repo.spring.io-1-1] INFO  o.e.m.c.i.e.AbstractTransferListenerAdapter - Downloaded https://repo.spring.io/snapshot/org/springframework/boot/spring-boot-test/4.0.0-SNAPSHOT/spring-boot-test-4.0.0-20250808.165659-372.jar
2025-08-10 18:00:02,652 [BasicRepositoryConnector-repo.spring.io-1-2] INFO  o.e.m.c.i.e.AbstractTransferListenerAdapter - Downloading https://repo.spring.io/snapshot/org/springframework/boot/spring-boot-test-autoconfigure/4.0.0-SNAPSHOT/spring-boot-test-autoconfigure-4.0.0-20250808.165659-372.jar
2025-08-10 18:00:02,673 [BasicRepositoryConnector-repo.spring.io-1-3] INFO  o.e.m.c.i.e.AbstractTransferListenerAdapter - Downloaded https://repo.spring.io/snapshot/org/springframework/boot/spring-boot-web-server-test/4.0.0-SNAPSHOT/spring-boot-web-server-test-4.0.0-20250808.165659-127.jar
2025-08-10 18:00:02,856 [BasicRepositoryConnector-repo.spring.io-1-2] INFO  o.e.m.c.i.e.AbstractTransferListenerAdapter - Downloaded https://repo.spring.io/snapshot/org/springframework/boot/spring-boot-test-autoconfigure/4.0.0-SNAPSHOT/spring-boot-test-autoconfigure-4.0.0-20250808.165659-372.jar
2025-08-10 18:00:02,900 [BasicRepositoryConnector-repo.spring.io-1-0] INFO  o.e.m.c.i.e.AbstractTransferListenerAdapter - Downloading https://repo.spring.io/snapshot/org/springframework/spring-core/7.0.0-SNAPSHOT/spring-core-7.0.0-20250806.191428-793.jar
2025-08-10 18:00:03,007 [BasicRepositoryConnector-repo.spring.io-1-1] INFO  o.e.m.c.i.e.AbstractTransferListenerAdapter - Downloading https://repo.spring.io/snapshot/org/springframework/spring-test/7.0.0-SNAPSHOT/spring-test-7.0.0-20250806.191428-793.jar
2025-08-10 18:00:03,467 [BasicRepositoryConnector-repo.spring.io-1-1] INFO  o.e.m.c.i.e.AbstractTransferListenerAdapter - Downloaded https://repo.spring.io/snapshot/org/springframework/spring-test/7.0.0-SNAPSHOT/spring-test-7.0.0-20250806.191428-793.jar
2025-08-10 18:00:03,553 [BasicRepositoryConnector-repo.spring.io-1-0] INFO  o.e.m.c.i.e.AbstractTransferListenerAdapter - Downloaded https://repo.spring.io/snapshot/org/springframework/spring-core/7.0.0-SNAPSHOT/spring-core-7.0.0-20250806.191428-793.jar
2025-08-10 18:00:03,787 [BasicRepositoryConnector-repo.spring.io-1-4] INFO  o.e.m.c.i.e.AbstractTransferListenerAdapter - Downloaded https://repo.spring.io/snapshot/org/springframework/boot/spring-boot/4.0.0-SNAPSHOT/spring-boot-4.0.0-20250808.165659-372.jar
2025-08-10 18:00:03,942 [Worker-8: 入門コンテンツのインポート] INFO  o.e.m.c.i.e.AbstractTransferListenerAdapter - Downloading https://repo.maven.apache.org/maven2/com/fasterxml/jackson/core/jackson-databind/2.19.2/jackson-databind-2.19.2.jar
2025-08-10 18:00:04,196 [Worker-8: 入門コンテンツのインポート] INFO  o.e.m.c.i.e.AbstractTransferListenerAdapter - Downloaded https://repo.maven.apache.org/maven2/com/fasterxml/jackson/core/jackson-databind/2.19.2/jackson-databind-2.19.2.jar
2025-08-10 18:00:04,206 [BasicRepositoryConnector-repo.maven.apache.org-2-0] INFO  o.e.m.c.i.e.AbstractTransferListenerAdapter - Downloading https://repo.maven.apache.org/maven2/com/fasterxml/jackson/datatype/jackson-datatype-jdk8/2.19.2/jackson-datatype-jdk8-2.19.2.jar
2025-08-10 18:00:04,212 [BasicRepositoryConnector-repo.maven.apache.org-2-0] INFO  o.e.m.c.i.e.AbstractTransferListenerAdapter - Downloaded https://repo.maven.apache.org/maven2/com/fasterxml/jackson/datatype/jackson-datatype-jdk8/2.19.2/jackson-datatype-jdk8-2.19.2.jar
2025-08-10 18:00:04,212 [BasicRepositoryConnector-repo.maven.apache.org-2-1] INFO  o.e.m.c.i.e.AbstractTransferListenerAdapter - Downloading https://repo.maven.apache.org/maven2/com/fasterxml/jackson/core/jackson-core/2.19.2/jackson-core-2.19.2.jar
2025-08-10 18:00:04,213 [BasicRepositoryConnector-repo.maven.apache.org-2-2] INFO  o.e.m.c.i.e.AbstractTransferListenerAdapter - Downloading https://repo.maven.apache.org/maven2/com/fasterxml/jackson/datatype/jackson-datatype-jsr310/2.19.2/jackson-datatype-jsr310-2.19.2.jar
2025-08-10 18:00:04,215 [BasicRepositoryConnector-repo.maven.apache.org-2-3] INFO  o.e.m.c.i.e.AbstractTransferListenerAdapter - Downloading https://repo.maven.apache.org/maven2/com/fasterxml/jackson/core/jackson-annotations/2.19.2/jackson-annotations-2.19.2.jar
2025-08-10 18:00:04,217 [BasicRepositoryConnector-repo.maven.apache.org-2-4] INFO  o.e.m.c.i.e.AbstractTransferListenerAdapter - Downloading https://repo.maven.apache.org/maven2/com/fasterxml/jackson/module/jackson-module-parameter-names/2.19.2/jackson-module-parameter-names-2.19.2.jar
2025-08-10 18:00:04,227 [BasicRepositoryConnector-repo.maven.apache.org-2-4] INFO  o.e.m.c.i.e.AbstractTransferListenerAdapter - Downloaded https://repo.maven.apache.org/maven2/com/fasterxml/jackson/module/jackson-module-parameter-names/2.19.2/jackson-module-parameter-names-2.19.2.jar
2025-08-10 18:00:04,249 [BasicRepositoryConnector-repo.maven.apache.org-2-0] INFO  o.e.m.c.i.e.AbstractTransferListenerAdapter - Downloading https://repo.maven.apache.org/maven2/org/apache/tomcat/embed/tomcat-embed-core/11.0.10/tomcat-embed-core-11.0.10.jar
2025-08-10 18:00:04,251 [BasicRepositoryConnector-repo.maven.apache.org-2-3] INFO  o.e.m.c.i.e.AbstractTransferListenerAdapter - Downloaded https://repo.maven.apache.org/maven2/com/fasterxml/jackson/core/jackson-annotations/2.19.2/jackson-annotations-2.19.2.jar
2025-08-10 18:00:04,291 [BasicRepositoryConnector-repo.maven.apache.org-2-4] INFO  o.e.m.c.i.e.AbstractTransferListenerAdapter - Downloading https://repo.maven.apache.org/maven2/jakarta/annotation/jakarta.annotation-api/3.0.0/jakarta.annotation-api-3.0.0.jar
2025-08-10 18:00:04,297 [BasicRepositoryConnector-repo.maven.apache.org-2-4] INFO  o.e.m.c.i.e.AbstractTransferListenerAdapter - Downloaded https://repo.maven.apache.org/maven2/jakarta/annotation/jakarta.annotation-api/3.0.0/jakarta.annotation-api-3.0.0.jar
2025-08-10 18:00:04,306 [BasicRepositoryConnector-repo.maven.apache.org-2-2] INFO  o.e.m.c.i.e.AbstractTransferListenerAdapter - Downloaded https://repo.maven.apache.org/maven2/com/fasterxml/jackson/datatype/jackson-datatype-jsr310/2.19.2/jackson-datatype-jsr310-2.19.2.jar
2025-08-10 18:00:04,312 [BasicRepositoryConnector-repo.maven.apache.org-2-3] INFO  o.e.m.c.i.e.AbstractTransferListenerAdapter - Downloading https://repo.maven.apache.org/maven2/org/apache/tomcat/embed/tomcat-embed-el/11.0.10/tomcat-embed-el-11.0.10.jar
2025-08-10 18:00:04,386 [BasicRepositoryConnector-repo.maven.apache.org-2-4] INFO  o.e.m.c.i.e.AbstractTransferListenerAdapter - Downloading https://repo.maven.apache.org/maven2/org/apache/tomcat/embed/tomcat-embed-websocket/11.0.10/tomcat-embed-websocket-11.0.10.jar
2025-08-10 18:00:04,410 [BasicRepositoryConnector-repo.maven.apache.org-2-2] INFO  o.e.m.c.i.e.AbstractTransferListenerAdapter - Downloading https://repo.maven.apache.org/maven2/com/mysql/mysql-connector-j/9.4.0/mysql-connector-j-9.4.0.jar
2025-08-10 18:00:04,462 [BasicRepositoryConnector-repo.maven.apache.org-2-3] INFO  o.e.m.c.i.e.AbstractTransferListenerAdapter - Downloaded https://repo.maven.apache.org/maven2/org/apache/tomcat/embed/tomcat-embed-el/11.0.10/tomcat-embed-el-11.0.10.jar
2025-08-10 18:00:04,529 [BasicRepositoryConnector-repo.maven.apache.org-2-3] INFO  o.e.m.c.i.e.AbstractTransferListenerAdapter - Downloading https://repo.maven.apache.org/maven2/org/projectlombok/lombok/1.18.38/lombok-1.18.38.jar
2025-08-10 18:00:05,015 [BasicRepositoryConnector-repo.maven.apache.org-2-4] INFO  o.e.m.c.i.e.AbstractTransferListenerAdapter - Downloaded https://repo.maven.apache.org/maven2/org/apache/tomcat/embed/tomcat-embed-websocket/11.0.10/tomcat-embed-websocket-11.0.10.jar
2025-08-10 18:00:05,120 [BasicRepositoryConnector-repo.maven.apache.org-2-4] INFO  o.e.m.c.i.e.AbstractTransferListenerAdapter - Downloading https://repo.maven.apache.org/maven2/ch/qos/logback/logback-classic/1.5.18/logback-classic-1.5.18.jar
2025-08-10 18:00:05,192 [BasicRepositoryConnector-repo.maven.apache.org-2-0] INFO  o.e.m.c.i.e.AbstractTransferListenerAdapter - Downloaded https://repo.maven.apache.org/maven2/org/apache/tomcat/embed/tomcat-embed-core/11.0.10/tomcat-embed-core-11.0.10.jar
2025-08-10 18:00:05,207 [BasicRepositoryConnector-repo.maven.apache.org-2-0] INFO  o.e.m.c.i.e.AbstractTransferListenerAdapter - Downloading https://repo.maven.apache.org/maven2/ch/qos/logback/logback-core/1.5.18/logback-core-1.5.18.jar
2025-08-10 18:00:05,325 [BasicRepositoryConnector-repo.maven.apache.org-2-0] INFO  o.e.m.c.i.e.AbstractTransferListenerAdapter - Downloaded https://repo.maven.apache.org/maven2/ch/qos/logback/logback-core/1.5.18/logback-core-1.5.18.jar
2025-08-10 18:00:05,342 [BasicRepositoryConnector-repo.maven.apache.org-2-0] INFO  o.e.m.c.i.e.AbstractTransferListenerAdapter - Downloading https://repo.maven.apache.org/maven2/org/apache/logging/log4j/log4j-to-slf4j/2.24.3/log4j-to-slf4j-2.24.3.jar
2025-08-10 18:00:05,345 [BasicRepositoryConnector-repo.maven.apache.org-2-0] INFO  o.e.m.c.i.e.AbstractTransferListenerAdapter - Downloaded https://repo.maven.apache.org/maven2/org/apache/logging/log4j/log4j-to-slf4j/2.24.3/log4j-to-slf4j-2.24.3.jar
2025-08-10 18:00:05,364 [BasicRepositoryConnector-repo.maven.apache.org-2-4] INFO  o.e.m.c.i.e.AbstractTransferListenerAdapter - Downloaded https://repo.maven.apache.org/maven2/ch/qos/logback/logback-classic/1.5.18/logback-classic-1.5.18.jar
2025-08-10 18:00:05,366 [BasicRepositoryConnector-repo.maven.apache.org-2-0] INFO  o.e.m.c.i.e.AbstractTransferListenerAdapter - Downloading https://repo.maven.apache.org/maven2/org/apache/logging/log4j/log4j-api/2.24.3/log4j-api-2.24.3.jar
2025-08-10 18:00:05,389 [BasicRepositoryConnector-repo.maven.apache.org-2-4] INFO  o.e.m.c.i.e.AbstractTransferListenerAdapter - Downloading https://repo.maven.apache.org/maven2/org/slf4j/jul-to-slf4j/2.0.17/jul-to-slf4j-2.0.17.jar
2025-08-10 18:00:05,394 [BasicRepositoryConnector-repo.maven.apache.org-2-4] INFO  o.e.m.c.i.e.AbstractTransferListenerAdapter - Downloaded https://repo.maven.apache.org/maven2/org/slf4j/jul-to-slf4j/2.0.17/jul-to-slf4j-2.0.17.jar
2025-08-10 18:00:05,421 [BasicRepositoryConnector-repo.maven.apache.org-2-1] INFO  o.e.m.c.i.e.AbstractTransferListenerAdapter - Downloaded https://repo.maven.apache.org/maven2/com/fasterxml/jackson/core/jackson-core/2.19.2/jackson-core-2.19.2.jar
2025-08-10 18:00:05,422 [BasicRepositoryConnector-repo.maven.apache.org-2-0] INFO  o.e.m.c.i.e.AbstractTransferListenerAdapter - Downloaded https://repo.maven.apache.org/maven2/org/apache/logging/log4j/log4j-api/2.24.3/log4j-api-2.24.3.jar
2025-08-10 18:00:05,422 [BasicRepositoryConnector-repo.maven.apache.org-2-4] INFO  o.e.m.c.i.e.AbstractTransferListenerAdapter - Downloading https://repo.maven.apache.org/maven2/org/yaml/snakeyaml/2.4/snakeyaml-2.4.jar
2025-08-10 18:00:05,437 [BasicRepositoryConnector-repo.maven.apache.org-2-1] INFO  o.e.m.c.i.e.AbstractTransferListenerAdapter - Downloading https://repo.maven.apache.org/maven2/com/jayway/jsonpath/json-path/2.9.0/json-path-2.9.0.jar
2025-08-10 18:00:05,439 [BasicRepositoryConnector-repo.maven.apache.org-2-0] INFO  o.e.m.c.i.e.AbstractTransferListenerAdapter - Downloading https://repo.maven.apache.org/maven2/org/slf4j/slf4j-api/2.0.17/slf4j-api-2.0.17.jar
2025-08-10 18:00:05,490 [BasicRepositoryConnector-repo.maven.apache.org-2-1] INFO  o.e.m.c.i.e.AbstractTransferListenerAdapter - Downloaded https://repo.maven.apache.org/maven2/com/jayway/jsonpath/json-path/2.9.0/json-path-2.9.0.jar
2025-08-10 18:00:05,544 [BasicRepositoryConnector-repo.maven.apache.org-2-1] INFO  o.e.m.c.i.e.AbstractTransferListenerAdapter - Downloading https://repo.maven.apache.org/maven2/jakarta/xml/bind/jakarta.xml.bind-api/4.0.2/jakarta.xml.bind-api-4.0.2.jar
2025-08-10 18:00:05,545 [BasicRepositoryConnector-repo.maven.apache.org-2-0] INFO  o.e.m.c.i.e.AbstractTransferListenerAdapter - Downloaded https://repo.maven.apache.org/maven2/org/slf4j/slf4j-api/2.0.17/slf4j-api-2.0.17.jar
2025-08-10 18:00:05,571 [BasicRepositoryConnector-repo.maven.apache.org-2-1] INFO  o.e.m.c.i.e.AbstractTransferListenerAdapter - Downloaded https://repo.maven.apache.org/maven2/jakarta/xml/bind/jakarta.xml.bind-api/4.0.2/jakarta.xml.bind-api-4.0.2.jar
2025-08-10 18:00:05,571 [BasicRepositoryConnector-repo.maven.apache.org-2-0] INFO  o.e.m.c.i.e.AbstractTransferListenerAdapter - Downloading https://repo.maven.apache.org/maven2/jakarta/activation/jakarta.activation-api/2.1.3/jakarta.activation-api-2.1.3.jar
2025-08-10 18:00:05,587 [BasicRepositoryConnector-repo.maven.apache.org-2-1] INFO  o.e.m.c.i.e.AbstractTransferListenerAdapter - Downloading https://repo.maven.apache.org/maven2/net/minidev/json-smart/2.6.0/json-smart-2.6.0.jar
2025-08-10 18:00:05,616 [BasicRepositoryConnector-repo.maven.apache.org-2-1] INFO  o.e.m.c.i.e.AbstractTransferListenerAdapter - Downloaded https://repo.maven.apache.org/maven2/net/minidev/json-smart/2.6.0/json-smart-2.6.0.jar
2025-08-10 18:00:05,626 [BasicRepositoryConnector-repo.maven.apache.org-2-3] INFO  o.e.m.c.i.e.AbstractTransferListenerAdapter - Downloaded https://repo.maven.apache.org/maven2/org/projectlombok/lombok/1.18.38/lombok-1.18.38.jar
2025-08-10 18:00:05,630 [BasicRepositoryConnector-repo.maven.apache.org-2-0] INFO  o.e.m.c.i.e.AbstractTransferListenerAdapter - Downloaded https://repo.maven.apache.org/maven2/jakarta/activation/jakarta.activation-api/2.1.3/jakarta.activation-api-2.1.3.jar
2025-08-10 18:00:05,633 [BasicRepositoryConnector-repo.maven.apache.org-2-4] INFO  o.e.m.c.i.e.AbstractTransferListenerAdapter - Downloaded https://repo.maven.apache.org/maven2/org/yaml/snakeyaml/2.4/snakeyaml-2.4.jar
2025-08-10 18:00:05,633 [BasicRepositoryConnector-repo.maven.apache.org-2-1] INFO  o.e.m.c.i.e.AbstractTransferListenerAdapter - Downloading https://repo.maven.apache.org/maven2/net/minidev/accessors-smart/2.6.0/accessors-smart-2.6.0.jar
2025-08-10 18:00:05,638 [BasicRepositoryConnector-repo.maven.apache.org-2-1] INFO  o.e.m.c.i.e.AbstractTransferListenerAdapter - Downloaded https://repo.maven.apache.org/maven2/net/minidev/accessors-smart/2.6.0/accessors-smart-2.6.0.jar
2025-08-10 18:00:05,638 [BasicRepositoryConnector-repo.maven.apache.org-2-3] INFO  o.e.m.c.i.e.AbstractTransferListenerAdapter - Downloading https://repo.maven.apache.org/maven2/org/assertj/assertj-core/3.27.4/assertj-core-3.27.4.jar
2025-08-10 18:00:05,641 [BasicRepositoryConnector-repo.maven.apache.org-2-4] INFO  o.e.m.c.i.e.AbstractTransferListenerAdapter - Downloading https://repo.maven.apache.org/maven2/org/awaitility/awaitility/4.3.0/awaitility-4.3.0.jar
2025-08-10 18:00:05,644 [BasicRepositoryConnector-repo.maven.apache.org-2-0] INFO  o.e.m.c.i.e.AbstractTransferListenerAdapter - Downloading https://repo.maven.apache.org/maven2/net/bytebuddy/byte-buddy/1.17.6/byte-buddy-1.17.6.jar
2025-08-10 18:00:05,652 [BasicRepositoryConnector-repo.maven.apache.org-2-1] INFO  o.e.m.c.i.e.AbstractTransferListenerAdapter - Downloading https://repo.maven.apache.org/maven2/org/hamcrest/hamcrest/3.0/hamcrest-3.0.jar
2025-08-10 18:00:05,680 [BasicRepositoryConnector-repo.maven.apache.org-2-4] INFO  o.e.m.c.i.e.AbstractTransferListenerAdapter - Downloaded https://repo.maven.apache.org/maven2/org/awaitility/awaitility/4.3.0/awaitility-4.3.0.jar
2025-08-10 18:00:05,680 [BasicRepositoryConnector-repo.maven.apache.org-2-1] INFO  o.e.m.c.i.e.AbstractTransferListenerAdapter - Downloaded https://repo.maven.apache.org/maven2/org/hamcrest/hamcrest/3.0/hamcrest-3.0.jar
2025-08-10 18:00:05,694 [BasicRepositoryConnector-repo.maven.apache.org-2-1] INFO  o.e.m.c.i.e.AbstractTransferListenerAdapter - Downloading https://repo.maven.apache.org/maven2/org/junit/jupiter/junit-jupiter-api/5.13.4/junit-jupiter-api-5.13.4.jar
2025-08-10 18:00:05,696 [BasicRepositoryConnector-repo.maven.apache.org-2-4] INFO  o.e.m.c.i.e.AbstractTransferListenerAdapter - Downloading https://repo.maven.apache.org/maven2/org/junit/jupiter/junit-jupiter/5.13.4/junit-jupiter-5.13.4.jar
2025-08-10 18:00:05,699 [BasicRepositoryConnector-repo.maven.apache.org-2-4] INFO  o.e.m.c.i.e.AbstractTransferListenerAdapter - Downloaded https://repo.maven.apache.org/maven2/org/junit/jupiter/junit-jupiter/5.13.4/junit-jupiter-5.13.4.jar
2025-08-10 18:00:05,715 [BasicRepositoryConnector-repo.maven.apache.org-2-4] INFO  o.e.m.c.i.e.AbstractTransferListenerAdapter - Downloading https://repo.maven.apache.org/maven2/org/opentest4j/opentest4j/1.3.0/opentest4j-1.3.0.jar
2025-08-10 18:00:05,719 [BasicRepositoryConnector-repo.maven.apache.org-2-4] INFO  o.e.m.c.i.e.AbstractTransferListenerAdapter - Downloaded https://repo.maven.apache.org/maven2/org/opentest4j/opentest4j/1.3.0/opentest4j-1.3.0.jar
2025-08-10 18:00:05,742 [BasicRepositoryConnector-repo.maven.apache.org-2-4] INFO  o.e.m.c.i.e.AbstractTransferListenerAdapter - Downloading https://repo.maven.apache.org/maven2/org/junit/platform/junit-platform-commons/1.13.4/junit-platform-commons-1.13.4.jar
2025-08-10 18:00:05,759 [BasicRepositoryConnector-repo.maven.apache.org-2-1] INFO  o.e.m.c.i.e.AbstractTransferListenerAdapter - Downloaded https://repo.maven.apache.org/maven2/org/junit/jupiter/junit-jupiter-api/5.13.4/junit-jupiter-api-5.13.4.jar
2025-08-10 18:00:05,773 [BasicRepositoryConnector-repo.maven.apache.org-2-4] INFO  o.e.m.c.i.e.AbstractTransferListenerAdapter - Downloaded https://repo.maven.apache.org/maven2/org/junit/platform/junit-platform-commons/1.13.4/junit-platform-commons-1.13.4.jar
2025-08-10 18:00:05,773 [BasicRepositoryConnector-repo.maven.apache.org-2-1] INFO  o.e.m.c.i.e.AbstractTransferListenerAdapter - Downloading https://repo.maven.apache.org/maven2/org/apiguardian/apiguardian-api/1.1.2/apiguardian-api-1.1.2.jar
2025-08-10 18:00:05,778 [BasicRepositoryConnector-repo.maven.apache.org-2-1] INFO  o.e.m.c.i.e.AbstractTransferListenerAdapter - Downloaded https://repo.maven.apache.org/maven2/org/apiguardian/apiguardian-api/1.1.2/apiguardian-api-1.1.2.jar
2025-08-10 18:00:05,785 [BasicRepositoryConnector-repo.maven.apache.org-2-4] INFO  o.e.m.c.i.e.AbstractTransferListenerAdapter - Downloading https://repo.maven.apache.org/maven2/org/junit/jupiter/junit-jupiter-params/5.13.4/junit-jupiter-params-5.13.4.jar
2025-08-10 18:00:05,793 [BasicRepositoryConnector-repo.maven.apache.org-2-1] INFO  o.e.m.c.i.e.AbstractTransferListenerAdapter - Downloading https://repo.maven.apache.org/maven2/org/junit/jupiter/junit-jupiter-engine/5.13.4/junit-jupiter-engine-5.13.4.jar
2025-08-10 18:00:05,909 [BasicRepositoryConnector-repo.maven.apache.org-2-4] INFO  o.e.m.c.i.e.AbstractTransferListenerAdapter - Downloaded https://repo.maven.apache.org/maven2/org/junit/jupiter/junit-jupiter-params/5.13.4/junit-jupiter-params-5.13.4.jar
2025-08-10 18:00:05,924 [BasicRepositoryConnector-repo.maven.apache.org-2-1] INFO  o.e.m.c.i.e.AbstractTransferListenerAdapter - Downloaded https://repo.maven.apache.org/maven2/org/junit/jupiter/junit-jupiter-engine/5.13.4/junit-jupiter-engine-5.13.4.jar
2025-08-10 18:00:05,925 [BasicRepositoryConnector-repo.maven.apache.org-2-4] INFO  o.e.m.c.i.e.AbstractTransferListenerAdapter - Downloading https://repo.maven.apache.org/maven2/org/junit/platform/junit-platform-engine/1.13.4/junit-platform-engine-1.13.4.jar
2025-08-10 18:00:05,937 [BasicRepositoryConnector-repo.maven.apache.org-2-1] INFO  o.e.m.c.i.e.AbstractTransferListenerAdapter - Downloading https://repo.maven.apache.org/maven2/org/mockito/mockito-core/5.18.0/mockito-core-5.18.0.jar
2025-08-10 18:00:05,977 [BasicRepositoryConnector-repo.maven.apache.org-2-4] INFO  o.e.m.c.i.e.AbstractTransferListenerAdapter - Downloaded https://repo.maven.apache.org/maven2/org/junit/platform/junit-platform-engine/1.13.4/junit-platform-engine-1.13.4.jar
2025-08-10 18:00:06,000 [BasicRepositoryConnector-repo.maven.apache.org-2-4] INFO  o.e.m.c.i.e.AbstractTransferListenerAdapter - Downloading https://repo.maven.apache.org/maven2/net/bytebuddy/byte-buddy-agent/1.17.6/byte-buddy-agent-1.17.6.jar
2025-08-10 18:00:06,066 [BasicRepositoryConnector-repo.maven.apache.org-2-4] INFO  o.e.m.c.i.e.AbstractTransferListenerAdapter - Downloaded https://repo.maven.apache.org/maven2/net/bytebuddy/byte-buddy-agent/1.17.6/byte-buddy-agent-1.17.6.jar
2025-08-10 18:00:06,088 [BasicRepositoryConnector-repo.maven.apache.org-2-4] INFO  o.e.m.c.i.e.AbstractTransferListenerAdapter - Downloading https://repo.maven.apache.org/maven2/org/objenesis/objenesis/3.3/objenesis-3.3.jar
2025-08-10 18:00:06,100 [BasicRepositoryConnector-repo.maven.apache.org-2-4] INFO  o.e.m.c.i.e.AbstractTransferListenerAdapter - Downloaded https://repo.maven.apache.org/maven2/org/objenesis/objenesis/3.3/objenesis-3.3.jar
2025-08-10 18:00:06,126 [BasicRepositoryConnector-repo.maven.apache.org-2-4] INFO  o.e.m.c.i.e.AbstractTransferListenerAdapter - Downloading https://repo.maven.apache.org/maven2/org/mockito/mockito-junit-jupiter/5.18.0/mockito-junit-jupiter-5.18.0.jar
2025-08-10 18:00:06,128 [BasicRepositoryConnector-repo.maven.apache.org-2-4] INFO  o.e.m.c.i.e.AbstractTransferListenerAdapter - Downloaded https://repo.maven.apache.org/maven2/org/mockito/mockito-junit-jupiter/5.18.0/mockito-junit-jupiter-5.18.0.jar
2025-08-10 18:00:06,199 [BasicRepositoryConnector-repo.maven.apache.org-2-4] INFO  o.e.m.c.i.e.AbstractTransferListenerAdapter - Downloading https://repo.maven.apache.org/maven2/org/skyscreamer/jsonassert/1.5.3/jsonassert-1.5.3.jar
2025-08-10 18:00:06,202 [BasicRepositoryConnector-repo.maven.apache.org-2-4] INFO  o.e.m.c.i.e.AbstractTransferListenerAdapter - Downloaded https://repo.maven.apache.org/maven2/org/skyscreamer/jsonassert/1.5.3/jsonassert-1.5.3.jar
2025-08-10 18:00:06,223 [BasicRepositoryConnector-repo.maven.apache.org-2-1] INFO  o.e.m.c.i.e.AbstractTransferListenerAdapter - Downloaded https://repo.maven.apache.org/maven2/org/mockito/mockito-core/5.18.0/mockito-core-5.18.0.jar
2025-08-10 18:00:06,246 [BasicRepositoryConnector-repo.maven.apache.org-2-4] INFO  o.e.m.c.i.e.AbstractTransferListenerAdapter - Downloading https://repo.maven.apache.org/maven2/com/vaadin/external/google/android-json/0.0.20131108.vaadin1/android-json-0.0.20131108.vaadin1.jar
2025-08-10 18:00:06,250 [BasicRepositoryConnector-repo.maven.apache.org-2-4] INFO  o.e.m.c.i.e.AbstractTransferListenerAdapter - Downloaded https://repo.maven.apache.org/maven2/com/vaadin/external/google/android-json/0.0.20131108.vaadin1/android-json-0.0.20131108.vaadin1.jar
2025-08-10 18:00:06,250 [BasicRepositoryConnector-repo.maven.apache.org-2-1] INFO  o.e.m.c.i.e.AbstractTransferListenerAdapter - Downloading https://repo.maven.apache.org/maven2/commons-logging/commons-logging/1.3.5/commons-logging-1.3.5.jar
2025-08-10 18:00:06,260 [BasicRepositoryConnector-repo.maven.apache.org-2-4] INFO  o.e.m.c.i.e.AbstractTransferListenerAdapter - Downloading https://repo.maven.apache.org/maven2/org/jspecify/jspecify/1.0.0/jspecify-1.0.0.jar
2025-08-10 18:00:06,264 [BasicRepositoryConnector-repo.maven.apache.org-2-4] INFO  o.e.m.c.i.e.AbstractTransferListenerAdapter - Downloaded https://repo.maven.apache.org/maven2/org/jspecify/jspecify/1.0.0/jspecify-1.0.0.jar
2025-08-10 18:00:06,273 [BasicRepositoryConnector-repo.maven.apache.org-2-1] INFO  o.e.m.c.i.e.AbstractTransferListenerAdapter - Downloaded https://repo.maven.apache.org/maven2/commons-logging/commons-logging/1.3.5/commons-logging-1.3.5.jar
2025-08-10 18:00:06,278 [BasicRepositoryConnector-repo.maven.apache.org-2-4] INFO  o.e.m.c.i.e.AbstractTransferListenerAdapter - Downloading https://repo.maven.apache.org/maven2/org/xmlunit/xmlunit-core/2.10.3/xmlunit-core-2.10.3.jar
2025-08-10 18:00:06,312 [BasicRepositoryConnector-repo.maven.apache.org-2-4] INFO  o.e.m.c.i.e.AbstractTransferListenerAdapter - Downloaded https://repo.maven.apache.org/maven2/org/xmlunit/xmlunit-core/2.10.3/xmlunit-core-2.10.3.jar
2025-08-10 18:00:06,650 [BasicRepositoryConnector-repo.maven.apache.org-2-3] INFO  o.e.m.c.i.e.AbstractTransferListenerAdapter - Downloaded https://repo.maven.apache.org/maven2/org/assertj/assertj-core/3.27.4/assertj-core-3.27.4.jar
2025-08-10 18:00:06,750 [BasicRepositoryConnector-repo.maven.apache.org-2-2] INFO  o.e.m.c.i.e.AbstractTransferListenerAdapter - Downloaded https://repo.maven.apache.org/maven2/com/mysql/mysql-connector-j/9.4.0/mysql-connector-j-9.4.0.jar
2025-08-10 18:00:07,683 [BasicRepositoryConnector-repo.maven.apache.org-2-0] INFO  o.e.m.c.i.e.AbstractTransferListenerAdapter - Downloaded https://repo.maven.apache.org/maven2/net/bytebuddy/byte-buddy/1.17.6/byte-buddy-1.17.6.jar
2025-08-10 18:00:07,832 [Worker-8: 入門コンテンツのインポート] INFO  o.e.m.c.i.e.AbstractTransferListenerAdapter - Downloading https://repo.maven.apache.org/maven2/org/apache/maven/plugins/maven-resources-plugin/3.3.1/maven-resources-plugin-3.3.1.pom
2025-08-10 18:00:07,834 [Worker-8: 入門コンテンツのインポート] INFO  o.e.m.c.i.e.AbstractTransferListenerAdapter - Downloaded https://repo.maven.apache.org/maven2/org/apache/maven/plugins/maven-resources-plugin/3.3.1/maven-resources-plugin-3.3.1.pom
2025-08-10 18:00:07,854 [Worker-8: 入門コンテンツのインポート] INFO  o.e.m.c.i.e.AbstractTransferListenerAdapter - Downloading https://repo.maven.apache.org/maven2/org/apache/maven/plugins/maven-plugins/39/maven-plugins-39.pom
2025-08-10 18:00:07,856 [Worker-8: 入門コンテンツのインポート] INFO  o.e.m.c.i.e.AbstractTransferListenerAdapter - Downloaded https://repo.maven.apache.org/maven2/org/apache/maven/plugins/maven-plugins/39/maven-plugins-39.pom
2025-08-10 18:00:07,882 [Worker-8: 入門コンテンツのインポート] INFO  o.e.m.c.i.e.AbstractTransferListenerAdapter - Downloading https://repo.maven.apache.org/maven2/org/apache/maven/plugins/maven-surefire-plugin/3.5.3/maven-surefire-plugin-3.5.3.pom
2025-08-10 18:00:07,884 [Worker-8: 入門コンテンツのインポート] INFO  o.e.m.c.i.e.AbstractTransferListenerAdapter - Downloaded https://repo.maven.apache.org/maven2/org/apache/maven/plugins/maven-surefire-plugin/3.5.3/maven-surefire-plugin-3.5.3.pom
2025-08-10 18:00:07,903 [Worker-8: 入門コンテンツのインポート] INFO  o.e.m.c.i.e.AbstractTransferListenerAdapter - Downloading https://repo.maven.apache.org/maven2/org/apache/maven/surefire/surefire/3.5.3/surefire-3.5.3.pom
2025-08-10 18:00:07,909 [Worker-8: 入門コンテンツのインポート] INFO  o.e.m.c.i.e.AbstractTransferListenerAdapter - Downloaded https://repo.maven.apache.org/maven2/org/apache/maven/surefire/surefire/3.5.3/surefire-3.5.3.pom
2025-08-10 18:00:07,934 [Worker-8: 入門コンテンツのインポート] INFO  o.e.m.c.i.e.AbstractTransferListenerAdapter - Downloading https://repo.maven.apache.org/maven2/org/apache/maven/maven-parent/44/maven-parent-44.pom
2025-08-10 18:00:07,943 [Worker-8: 入門コンテンツのインポート] INFO  o.e.m.c.i.e.AbstractTransferListenerAdapter - Downloaded https://repo.maven.apache.org/maven2/org/apache/maven/maven-parent/44/maven-parent-44.pom
2025-08-10 18:00:07,962 [Worker-8: 入門コンテンツのインポート] INFO  o.e.m.c.i.e.AbstractTransferListenerAdapter - Downloading https://repo.maven.apache.org/maven2/org/apache/apache/34/apache-34.pom
2025-08-10 18:00:07,964 [Worker-8: 入門コンテンツのインポート] INFO  o.e.m.c.i.e.AbstractTransferListenerAdapter - Downloaded https://repo.maven.apache.org/maven2/org/apache/apache/34/apache-34.pom
2025-08-10 18:00:07,989 [Worker-8: 入門コンテンツのインポート] INFO  o.e.m.c.i.e.AbstractTransferListenerAdapter - Downloading https://repo.maven.apache.org/maven2/org/junit/junit-bom/5.12.1/junit-bom-5.12.1.pom
2025-08-10 18:00:07,991 [Worker-8: 入門コンテンツのインポート] INFO  o.e.m.c.i.e.AbstractTransferListenerAdapter - Downloaded https://repo.maven.apache.org/maven2/org/junit/junit-bom/5.12.1/junit-bom-5.12.1.pom
2025-08-10 18:00:08,010 [Worker-8: 入門コンテンツのインポート] INFO  o.e.m.c.i.e.AbstractTransferListenerAdapter - Downloading https://repo.maven.apache.org/maven2/org/apache/maven/plugins/maven-jar-plugin/3.4.2/maven-jar-plugin-3.4.2.pom
2025-08-10 18:00:08,012 [Worker-8: 入門コンテンツのインポート] INFO  o.e.m.c.i.e.AbstractTransferListenerAdapter - Downloaded https://repo.maven.apache.org/maven2/org/apache/maven/plugins/maven-jar-plugin/3.4.2/maven-jar-plugin-3.4.2.pom
2025-08-10 18:00:08,034 [Worker-8: 入門コンテンツのインポート] INFO  o.e.m.c.i.e.AbstractTransferListenerAdapter - Downloading https://repo.maven.apache.org/maven2/org/apache/maven/plugins/maven-plugins/42/maven-plugins-42.pom
2025-08-10 18:00:08,037 [Worker-8: 入門コンテンツのインポート] INFO  o.e.m.c.i.e.AbstractTransferListenerAdapter - Downloaded https://repo.maven.apache.org/maven2/org/apache/maven/plugins/maven-plugins/42/maven-plugins-42.pom
2025-08-10 18:00:08,057 [Worker-8: 入門コンテンツのインポート] INFO  o.e.m.c.i.e.AbstractTransferListenerAdapter - Downloading https://repo.maven.apache.org/maven2/org/apache/maven/maven-parent/42/maven-parent-42.pom
2025-08-10 18:00:08,067 [Worker-8: 入門コンテンツのインポート] INFO  o.e.m.c.i.e.AbstractTransferListenerAdapter - Downloaded https://repo.maven.apache.org/maven2/org/apache/maven/maven-parent/42/maven-parent-42.pom
2025-08-10 18:00:08,087 [Worker-8: 入門コンテンツのインポート] INFO  o.e.m.c.i.e.AbstractTransferListenerAdapter - Downloading https://repo.maven.apache.org/maven2/org/apache/apache/32/apache-32.pom
2025-08-10 18:00:08,091 [Worker-8: 入門コンテンツのインポート] INFO  o.e.m.c.i.e.AbstractTransferListenerAdapter - Downloaded https://repo.maven.apache.org/maven2/org/apache/apache/32/apache-32.pom
2025-08-10 18:00:08,118 [Worker-8: 入門コンテンツのインポート] INFO  o.e.m.c.i.e.AbstractTransferListenerAdapter - Downloading https://repo.maven.apache.org/maven2/org/apache/maven/shared/file-management/3.1.0/file-management-3.1.0.pom
2025-08-10 18:00:08,120 [Worker-8: 入門コンテンツのインポート] INFO  o.e.m.c.i.e.AbstractTransferListenerAdapter - Downloaded https://repo.maven.apache.org/maven2/org/apache/maven/shared/file-management/3.1.0/file-management-3.1.0.pom
2025-08-10 18:00:08,142 [Worker-8: 入門コンテンツのインポート] INFO  o.e.m.c.i.e.AbstractTransferListenerAdapter - Downloading https://repo.maven.apache.org/maven2/org/apache/maven/shared/maven-shared-components/36/maven-shared-components-36.pom
2025-08-10 18:00:08,143 [Worker-8: 入門コンテンツのインポート] INFO  o.e.m.c.i.e.AbstractTransferListenerAdapter - Downloaded https://repo.maven.apache.org/maven2/org/apache/maven/shared/maven-shared-components/36/maven-shared-components-36.pom
2025-08-10 18:00:08,163 [Worker-8: 入門コンテンツのインポート] INFO  o.e.m.c.i.e.AbstractTransferListenerAdapter - Downloading https://repo.maven.apache.org/maven2/org/apache/maven/maven-parent/36/maven-parent-36.pom
2025-08-10 18:00:08,168 [Worker-8: 入門コンテンツのインポート] INFO  o.e.m.c.i.e.AbstractTransferListenerAdapter - Downloaded https://repo.maven.apache.org/maven2/org/apache/maven/maven-parent/36/maven-parent-36.pom
2025-08-10 18:00:08,187 [Worker-8: 入門コンテンツのインポート] INFO  o.e.m.c.i.e.AbstractTransferListenerAdapter - Downloading https://repo.maven.apache.org/maven2/org/apache/apache/26/apache-26.pom
2025-08-10 18:00:08,190 [Worker-8: 入門コンテンツのインポート] INFO  o.e.m.c.i.e.AbstractTransferListenerAdapter - Downloaded https://repo.maven.apache.org/maven2/org/apache/apache/26/apache-26.pom
2025-08-10 18:00:08,211 [Worker-8: 入門コンテンツのインポート] INFO  o.e.m.c.i.e.AbstractTransferListenerAdapter - Downloading https://repo.maven.apache.org/maven2/commons-io/commons-io/2.16.1/commons-io-2.16.1.pom
2025-08-10 18:00:08,213 [Worker-8: 入門コンテンツのインポート] INFO  o.e.m.c.i.e.AbstractTransferListenerAdapter - Downloaded https://repo.maven.apache.org/maven2/commons-io/commons-io/2.16.1/commons-io-2.16.1.pom
2025-08-10 18:00:08,230 [Worker-8: 入門コンテンツのインポート] INFO  o.e.m.c.i.e.AbstractTransferListenerAdapter - Downloading https://repo.maven.apache.org/maven2/org/apache/commons/commons-parent/69/commons-parent-69.pom
2025-08-10 18:00:08,242 [Worker-8: 入門コンテンツのインポート] INFO  o.e.m.c.i.e.AbstractTransferListenerAdapter - Downloaded https://repo.maven.apache.org/maven2/org/apache/commons/commons-parent/69/commons-parent-69.pom
2025-08-10 18:00:08,264 [Worker-8: 入門コンテンツのインポート] INFO  o.e.m.c.i.e.AbstractTransferListenerAdapter - Downloading https://repo.maven.apache.org/maven2/org/apache/apache/31/apache-31.pom
2025-08-10 18:00:08,267 [Worker-8: 入門コンテンツのインポート] INFO  o.e.m.c.i.e.AbstractTransferListenerAdapter - Downloaded https://repo.maven.apache.org/maven2/org/apache/apache/31/apache-31.pom
2025-08-10 18:00:08,325 [Worker-8: 入門コンテンツのインポート] INFO  o.e.m.c.i.e.AbstractTransferListenerAdapter - Downloading https://repo.maven.apache.org/maven2/org/apache/maven/maven-archiver/3.6.2/maven-archiver-3.6.2.pom
2025-08-10 18:00:08,330 [Worker-8: 入門コンテンツのインポート] INFO  o.e.m.c.i.e.AbstractTransferListenerAdapter - Downloaded https://repo.maven.apache.org/maven2/org/apache/maven/maven-archiver/3.6.2/maven-archiver-3.6.2.pom
2025-08-10 18:00:08,352 [Worker-8: 入門コンテンツのインポート] INFO  o.e.m.c.i.e.AbstractTransferListenerAdapter - Downloading https://repo.maven.apache.org/maven2/org/apache/maven/shared/maven-shared-components/41/maven-shared-components-41.pom
2025-08-10 18:00:08,357 [Worker-8: 入門コンテンツのインポート] INFO  o.e.m.c.i.e.AbstractTransferListenerAdapter - Downloaded https://repo.maven.apache.org/maven2/org/apache/maven/shared/maven-shared-components/41/maven-shared-components-41.pom
2025-08-10 18:00:08,377 [Worker-8: 入門コンテンツのインポート] INFO  o.e.m.c.i.e.AbstractTransferListenerAdapter - Downloading https://repo.maven.apache.org/maven2/org/apache/maven/maven-parent/41/maven-parent-41.pom
2025-08-10 18:00:08,385 [Worker-8: 入門コンテンツのインポート] INFO  o.e.m.c.i.e.AbstractTransferListenerAdapter - Downloaded https://repo.maven.apache.org/maven2/org/apache/maven/maven-parent/41/maven-parent-41.pom
2025-08-10 18:00:08,407 [Worker-8: 入門コンテンツのインポート] INFO  o.e.m.c.i.e.AbstractTransferListenerAdapter - Downloading https://repo.maven.apache.org/maven2/org/codehaus/plexus/plexus-archiver/4.9.2/plexus-archiver-4.9.2.pom
2025-08-10 18:00:08,409 [Worker-8: 入門コンテンツのインポート] INFO  o.e.m.c.i.e.AbstractTransferListenerAdapter - Downloaded https://repo.maven.apache.org/maven2/org/codehaus/plexus/plexus-archiver/4.9.2/plexus-archiver-4.9.2.pom
2025-08-10 18:00:08,433 [Worker-8: 入門コンテンツのインポート] INFO  o.e.m.c.i.e.AbstractTransferListenerAdapter - Downloading https://repo.maven.apache.org/maven2/org/codehaus/plexus/plexus-io/3.4.2/plexus-io-3.4.2.pom
2025-08-10 18:00:08,437 [Worker-8: 入門コンテンツのインポート] INFO  o.e.m.c.i.e.AbstractTransferListenerAdapter - Downloaded https://repo.maven.apache.org/maven2/org/codehaus/plexus/plexus-io/3.4.2/plexus-io-3.4.2.pom
2025-08-10 18:00:08,464 [Worker-8: 入門コンテンツのインポート] INFO  o.e.m.c.i.e.AbstractTransferListenerAdapter - Downloading https://repo.maven.apache.org/maven2/org/codehaus/plexus/plexus/16/plexus-16.pom
2025-08-10 18:00:08,470 [Worker-8: 入門コンテンツのインポート] INFO  o.e.m.c.i.e.AbstractTransferListenerAdapter - Downloaded https://repo.maven.apache.org/maven2/org/codehaus/plexus/plexus/16/plexus-16.pom
2025-08-10 18:00:08,495 [Worker-8: 入門コンテンツのインポート] INFO  o.e.m.c.i.e.AbstractTransferListenerAdapter - Downloading https://repo.maven.apache.org/maven2/org/junit/junit-bom/5.10.1/junit-bom-5.10.1.pom
2025-08-10 18:00:08,499 [Worker-8: 入門コンテンツのインポート] INFO  o.e.m.c.i.e.AbstractTransferListenerAdapter - Downloaded https://repo.maven.apache.org/maven2/org/junit/junit-bom/5.10.1/junit-bom-5.10.1.pom
2025-08-10 18:00:08,527 [Worker-8: 入門コンテンツのインポート] INFO  o.e.m.c.i.e.AbstractTransferListenerAdapter - Downloading https://repo.maven.apache.org/maven2/org/apache/commons/commons-compress/1.26.1/commons-compress-1.26.1.pom
2025-08-10 18:00:08,534 [Worker-8: 入門コンテンツのインポート] INFO  o.e.m.c.i.e.AbstractTransferListenerAdapter - Downloaded https://repo.maven.apache.org/maven2/org/apache/commons/commons-compress/1.26.1/commons-compress-1.26.1.pom
2025-08-10 18:00:08,569 [Worker-8: 入門コンテンツのインポート] INFO  o.e.m.c.i.e.AbstractTransferListenerAdapter - Downloading https://repo.maven.apache.org/maven2/org/apache/commons/commons-parent/66/commons-parent-66.pom
2025-08-10 18:00:08,580 [Worker-8: 入門コンテンツのインポート] INFO  o.e.m.c.i.e.AbstractTransferListenerAdapter - Downloaded https://repo.maven.apache.org/maven2/org/apache/commons/commons-parent/66/commons-parent-66.pom
2025-08-10 18:00:08,608 [Worker-8: 入門コンテンツのインポート] INFO  o.e.m.c.i.e.AbstractTransferListenerAdapter - Downloading https://repo.maven.apache.org/maven2/commons-codec/commons-codec/1.16.1/commons-codec-1.16.1.pom
2025-08-10 18:00:08,611 [Worker-8: 入門コンテンツのインポート] INFO  o.e.m.c.i.e.AbstractTransferListenerAdapter - Downloaded https://repo.maven.apache.org/maven2/commons-codec/commons-codec/1.16.1/commons-codec-1.16.1.pom
2025-08-10 18:00:08,636 [Worker-8: 入門コンテンツのインポート] INFO  o.e.m.c.i.e.AbstractTransferListenerAdapter - Downloading https://repo.maven.apache.org/maven2/org/apache/commons/commons-lang3/3.14.0/commons-lang3-3.14.0.pom
2025-08-10 18:00:08,641 [Worker-8: 入門コンテンツのインポート] INFO  o.e.m.c.i.e.AbstractTransferListenerAdapter - Downloaded https://repo.maven.apache.org/maven2/org/apache/commons/commons-lang3/3.14.0/commons-lang3-3.14.0.pom
2025-08-10 18:00:08,668 [Worker-8: 入門コンテンツのインポート] INFO  o.e.m.c.i.e.AbstractTransferListenerAdapter - Downloading https://repo.maven.apache.org/maven2/org/apache/commons/commons-parent/64/commons-parent-64.pom
2025-08-10 18:00:08,684 [Worker-8: 入門コンテンツのインポート] INFO  o.e.m.c.i.e.AbstractTransferListenerAdapter - Downloaded https://repo.maven.apache.org/maven2/org/apache/commons/commons-parent/64/commons-parent-64.pom
2025-08-10 18:00:08,712 [Worker-8: 入門コンテンツのインポート] INFO  o.e.m.c.i.e.AbstractTransferListenerAdapter - Downloading https://repo.maven.apache.org/maven2/org/apache/apache/30/apache-30.pom
2025-08-10 18:00:08,715 [Worker-8: 入門コンテンツのインポート] INFO  o.e.m.c.i.e.AbstractTransferListenerAdapter - Downloaded https://repo.maven.apache.org/maven2/org/apache/apache/30/apache-30.pom
2025-08-10 18:00:08,744 [Worker-8: 入門コンテンツのインポート] INFO  o.e.m.c.i.e.AbstractTransferListenerAdapter - Downloading https://repo.maven.apache.org/maven2/org/junit/junit-bom/5.10.0/junit-bom-5.10.0.pom
2025-08-10 18:00:08,748 [Worker-8: 入門コンテンツのインポート] INFO  o.e.m.c.i.e.AbstractTransferListenerAdapter - Downloaded https://repo.maven.apache.org/maven2/org/junit/junit-bom/5.10.0/junit-bom-5.10.0.pom
2025-08-10 18:00:08,774 [Worker-8: 入門コンテンツのインポート] INFO  o.e.m.c.i.e.AbstractTransferListenerAdapter - Downloading https://repo.maven.apache.org/maven2/org/iq80/snappy/snappy/0.4/snappy-0.4.pom
2025-08-10 18:00:08,778 [Worker-8: 入門コンテンツのインポート] INFO  o.e.m.c.i.e.AbstractTransferListenerAdapter - Downloaded https://repo.maven.apache.org/maven2/org/iq80/snappy/snappy/0.4/snappy-0.4.pom
2025-08-10 18:00:08,800 [Worker-8: 入門コンテンツのインポート] INFO  o.e.m.c.i.e.AbstractTransferListenerAdapter - Downloading https://repo.maven.apache.org/maven2/org/tukaani/xz/1.9/xz-1.9.pom
2025-08-10 18:00:08,806 [Worker-8: 入門コンテンツのインポート] INFO  o.e.m.c.i.e.AbstractTransferListenerAdapter - Downloaded https://repo.maven.apache.org/maven2/org/tukaani/xz/1.9/xz-1.9.pom
2025-08-10 18:00:08,829 [Worker-8: 入門コンテンツのインポート] INFO  o.e.m.c.i.e.AbstractTransferListenerAdapter - Downloading https://repo.maven.apache.org/maven2/com/github/luben/zstd-jni/1.5.5-11/zstd-jni-1.5.5-11.pom
2025-08-10 18:00:08,831 [Worker-8: 入門コンテンツのインポート] INFO  o.e.m.c.i.e.AbstractTransferListenerAdapter - Downloaded https://repo.maven.apache.org/maven2/com/github/luben/zstd-jni/1.5.5-11/zstd-jni-1.5.5-11.pom
2025-08-10 18:00:08,854 [Worker-8: 入門コンテンツのインポート] INFO  o.e.m.c.i.e.AbstractTransferListenerAdapter - Downloading https://repo.maven.apache.org/maven2/org/codehaus/plexus/plexus-interpolation/1.27/plexus-interpolation-1.27.pom
2025-08-10 18:00:08,857 [Worker-8: 入門コンテンツのインポート] INFO  o.e.m.c.i.e.AbstractTransferListenerAdapter - Downloaded https://repo.maven.apache.org/maven2/org/codehaus/plexus/plexus-interpolation/1.27/plexus-interpolation-1.27.pom
2025-08-10 18:00:08,881 [Worker-8: 入門コンテンツのインポート] INFO  o.e.m.c.i.e.AbstractTransferListenerAdapter - Downloading https://repo.maven.apache.org/maven2/org/apache/maven/shared/file-management/3.1.0/file-management-3.1.0.jar
2025-08-10 18:00:08,885 [Worker-8: 入門コンテンツのインポート] INFO  o.e.m.c.i.e.AbstractTransferListenerAdapter - Downloaded https://repo.maven.apache.org/maven2/org/apache/maven/shared/file-management/3.1.0/file-management-3.1.0.jar
2025-08-10 18:00:08,924 [BasicRepositoryConnector-repo.maven.apache.org-3-3] INFO  o.e.m.c.i.e.AbstractTransferListenerAdapter - Downloading https://repo.maven.apache.org/maven2/org/codehaus/plexus/plexus-archiver/4.9.2/plexus-archiver-4.9.2.jar
2025-08-10 18:00:08,924 [BasicRepositoryConnector-repo.maven.apache.org-3-0] INFO  o.e.m.c.i.e.AbstractTransferListenerAdapter - Downloading https://repo.maven.apache.org/maven2/commons-io/commons-io/2.16.1/commons-io-2.16.1.jar
2025-08-10 18:00:08,924 [BasicRepositoryConnector-repo.maven.apache.org-3-2] INFO  o.e.m.c.i.e.AbstractTransferListenerAdapter - Downloading https://repo.maven.apache.org/maven2/org/codehaus/plexus/plexus-interpolation/1.27/plexus-interpolation-1.27.jar
2025-08-10 18:00:08,924 [BasicRepositoryConnector-repo.maven.apache.org-3-4] INFO  o.e.m.c.i.e.AbstractTransferListenerAdapter - Downloading https://repo.maven.apache.org/maven2/org/codehaus/plexus/plexus-io/3.4.2/plexus-io-3.4.2.jar
2025-08-10 18:00:08,932 [BasicRepositoryConnector-repo.maven.apache.org-3-1] INFO  o.e.m.c.i.e.AbstractTransferListenerAdapter - Downloading https://repo.maven.apache.org/maven2/org/apache/maven/maven-archiver/3.6.2/maven-archiver-3.6.2.jar
2025-08-10 18:00:08,952 [BasicRepositoryConnector-repo.maven.apache.org-3-1] INFO  o.e.m.c.i.e.AbstractTransferListenerAdapter - Downloaded https://repo.maven.apache.org/maven2/org/apache/maven/maven-archiver/3.6.2/maven-archiver-3.6.2.jar
2025-08-10 18:00:08,994 [BasicRepositoryConnector-repo.maven.apache.org-3-2] INFO  o.e.m.c.i.e.AbstractTransferListenerAdapter - Downloaded https://repo.maven.apache.org/maven2/org/codehaus/plexus/plexus-interpolation/1.27/plexus-interpolation-1.27.jar
2025-08-10 18:00:09,010 [BasicRepositoryConnector-repo.maven.apache.org-3-3] INFO  o.e.m.c.i.e.AbstractTransferListenerAdapter - Downloaded https://repo.maven.apache.org/maven2/org/codehaus/plexus/plexus-archiver/4.9.2/plexus-archiver-4.9.2.jar
2025-08-10 18:00:09,033 [BasicRepositoryConnector-repo.maven.apache.org-3-1] INFO  o.e.m.c.i.e.AbstractTransferListenerAdapter - Downloading https://repo.maven.apache.org/maven2/org/apache/commons/commons-compress/1.26.1/commons-compress-1.26.1.jar
2025-08-10 18:00:09,035 [BasicRepositoryConnector-repo.maven.apache.org-3-4] INFO  o.e.m.c.i.e.AbstractTransferListenerAdapter - Downloaded https://repo.maven.apache.org/maven2/org/codehaus/plexus/plexus-io/3.4.2/plexus-io-3.4.2.jar
2025-08-10 18:00:09,049 [BasicRepositoryConnector-repo.maven.apache.org-3-2] INFO  o.e.m.c.i.e.AbstractTransferListenerAdapter - Downloading https://repo.maven.apache.org/maven2/org/apache/commons/commons-lang3/3.14.0/commons-lang3-3.14.0.jar
2025-08-10 18:00:09,049 [BasicRepositoryConnector-repo.maven.apache.org-3-3] INFO  o.e.m.c.i.e.AbstractTransferListenerAdapter - Downloading https://repo.maven.apache.org/maven2/commons-codec/commons-codec/1.16.1/commons-codec-1.16.1.jar
2025-08-10 18:00:09,073 [BasicRepositoryConnector-repo.maven.apache.org-3-4] INFO  o.e.m.c.i.e.AbstractTransferListenerAdapter - Downloading https://repo.maven.apache.org/maven2/org/iq80/snappy/snappy/0.4/snappy-0.4.jar
2025-08-10 18:00:09,136 [BasicRepositoryConnector-repo.maven.apache.org-3-4] INFO  o.e.m.c.i.e.AbstractTransferListenerAdapter - Downloaded https://repo.maven.apache.org/maven2/org/iq80/snappy/snappy/0.4/snappy-0.4.jar
2025-08-10 18:00:09,136 [BasicRepositoryConnector-repo.maven.apache.org-3-3] INFO  o.e.m.c.i.e.AbstractTransferListenerAdapter - Downloaded https://repo.maven.apache.org/maven2/commons-codec/commons-codec/1.16.1/commons-codec-1.16.1.jar
2025-08-10 18:00:09,166 [BasicRepositoryConnector-repo.maven.apache.org-3-0] INFO  o.e.m.c.i.e.AbstractTransferListenerAdapter - Downloaded https://repo.maven.apache.org/maven2/commons-io/commons-io/2.16.1/commons-io-2.16.1.jar
2025-08-10 18:00:09,182 [BasicRepositoryConnector-repo.maven.apache.org-3-3] INFO  o.e.m.c.i.e.AbstractTransferListenerAdapter - Downloading https://repo.maven.apache.org/maven2/com/github/luben/zstd-jni/1.5.5-11/zstd-jni-1.5.5-11.jar
2025-08-10 18:00:09,182 [BasicRepositoryConnector-repo.maven.apache.org-3-4] INFO  o.e.m.c.i.e.AbstractTransferListenerAdapter - Downloading https://repo.maven.apache.org/maven2/org/tukaani/xz/1.9/xz-1.9.jar
2025-08-10 18:00:09,332 [BasicRepositoryConnector-repo.maven.apache.org-3-4] INFO  o.e.m.c.i.e.AbstractTransferListenerAdapter - Downloaded https://repo.maven.apache.org/maven2/org/tukaani/xz/1.9/xz-1.9.jar
2025-08-10 18:00:09,378 [BasicRepositoryConnector-repo.maven.apache.org-3-2] INFO  o.e.m.c.i.e.AbstractTransferListenerAdapter - Downloaded https://repo.maven.apache.org/maven2/org/apache/commons/commons-lang3/3.14.0/commons-lang3-3.14.0.jar
2025-08-10 18:00:09,736 [BasicRepositoryConnector-repo.maven.apache.org-3-1] INFO  o.e.m.c.i.e.AbstractTransferListenerAdapter - Downloaded https://repo.maven.apache.org/maven2/org/apache/commons/commons-compress/1.26.1/commons-compress-1.26.1.jar
2025-08-10 18:00:10,046 [BasicRepositoryConnector-repo.maven.apache.org-3-3] INFO  o.e.m.c.i.e.AbstractTransferListenerAdapter - Downloaded https://repo.maven.apache.org/maven2/com/github/luben/zstd-jni/1.5.5-11/zstd-jni-1.5.5-11.jar
2025-08-10 18:00:10,304 [Worker-8: 入門コンテンツのインポート] INFO  o.e.m.c.i.e.AbstractTransferListenerAdapter - Downloading https://repo.maven.apache.org/maven2/org/codehaus/plexus/plexus-interpolation/1.26/plexus-interpolation-1.26.pom
2025-08-10 18:00:10,306 [Worker-8: 入門コンテンツのインポート] INFO  o.e.m.c.i.e.AbstractTransferListenerAdapter - Downloaded https://repo.maven.apache.org/maven2/org/codehaus/plexus/plexus-interpolation/1.26/plexus-interpolation-1.26.pom
2025-08-10 18:00:10,325 [Worker-8: 入門コンテンツのインポート] INFO  o.e.m.c.i.e.AbstractTransferListenerAdapter - Downloading https://repo.maven.apache.org/maven2/org/codehaus/plexus/plexus/5.1/plexus-5.1.pom
2025-08-10 18:00:10,329 [Worker-8: 入門コンテンツのインポート] INFO  o.e.m.c.i.e.AbstractTransferListenerAdapter - Downloaded https://repo.maven.apache.org/maven2/org/codehaus/plexus/plexus/5.1/plexus-5.1.pom
2025-08-10 18:00:10,348 [Worker-8: 入門コンテンツのインポート] INFO  o.e.m.c.i.e.AbstractTransferListenerAdapter - Downloading https://repo.maven.apache.org/maven2/org/codehaus/plexus/plexus-utils/3.5.1/plexus-utils-3.5.1.pom
2025-08-10 18:00:10,351 [Worker-8: 入門コンテンツのインポート] INFO  o.e.m.c.i.e.AbstractTransferListenerAdapter - Downloaded https://repo.maven.apache.org/maven2/org/codehaus/plexus/plexus-utils/3.5.1/plexus-utils-3.5.1.pom
2025-08-10 18:00:10,374 [Worker-8: 入門コンテンツのインポート] INFO  o.e.m.c.i.e.AbstractTransferListenerAdapter - Downloading https://repo.maven.apache.org/maven2/org/codehaus/plexus/plexus/10/plexus-10.pom
2025-08-10 18:00:10,379 [Worker-8: 入門コンテンツのインポート] INFO  o.e.m.c.i.e.AbstractTransferListenerAdapter - Downloaded https://repo.maven.apache.org/maven2/org/codehaus/plexus/plexus/10/plexus-10.pom
2025-08-10 18:00:10,401 [Worker-8: 入門コンテンツのインポート] INFO  o.e.m.c.i.e.AbstractTransferListenerAdapter - Downloading https://repo.maven.apache.org/maven2/org/apache/maven/shared/maven-filtering/3.3.1/maven-filtering-3.3.1.pom
2025-08-10 18:00:10,404 [Worker-8: 入門コンテンツのインポート] INFO  o.e.m.c.i.e.AbstractTransferListenerAdapter - Downloaded https://repo.maven.apache.org/maven2/org/apache/maven/shared/maven-filtering/3.3.1/maven-filtering-3.3.1.pom
2025-08-10 18:00:10,427 [Worker-8: 入門コンテンツのインポート] INFO  o.e.m.c.i.e.AbstractTransferListenerAdapter - Downloading https://repo.maven.apache.org/maven2/org/sonatype/plexus/plexus-build-api/0.0.7/plexus-build-api-0.0.7.pom
2025-08-10 18:00:10,429 [Worker-8: 入門コンテンツのインポート] INFO  o.e.m.c.i.e.AbstractTransferListenerAdapter - Downloaded https://repo.maven.apache.org/maven2/org/sonatype/plexus/plexus-build-api/0.0.7/plexus-build-api-0.0.7.pom
2025-08-10 18:00:10,450 [Worker-8: 入門コンテンツのインポート] INFO  o.e.m.c.i.e.AbstractTransferListenerAdapter - Downloading https://repo.maven.apache.org/maven2/org/sonatype/spice/spice-parent/15/spice-parent-15.pom
2025-08-10 18:00:10,452 [Worker-8: 入門コンテンツのインポート] INFO  o.e.m.c.i.e.AbstractTransferListenerAdapter - Downloaded https://repo.maven.apache.org/maven2/org/sonatype/spice/spice-parent/15/spice-parent-15.pom
2025-08-10 18:00:10,474 [Worker-8: 入門コンテンツのインポート] INFO  o.e.m.c.i.e.AbstractTransferListenerAdapter - Downloading https://repo.maven.apache.org/maven2/org/sonatype/forge/forge-parent/5/forge-parent-5.pom
2025-08-10 18:00:10,477 [Worker-8: 入門コンテンツのインポート] INFO  o.e.m.c.i.e.AbstractTransferListenerAdapter - Downloaded https://repo.maven.apache.org/maven2/org/sonatype/forge/forge-parent/5/forge-parent-5.pom
2025-08-10 18:00:10,495 [Worker-8: 入門コンテンツのインポート] INFO  o.e.m.c.i.e.AbstractTransferListenerAdapter - Downloading https://repo.maven.apache.org/maven2/org/codehaus/plexus/plexus-utils/3.5.0/plexus-utils-3.5.0.pom
2025-08-10 18:00:10,497 [Worker-8: 入門コンテンツのインポート] INFO  o.e.m.c.i.e.AbstractTransferListenerAdapter - Downloaded https://repo.maven.apache.org/maven2/org/codehaus/plexus/plexus-utils/3.5.0/plexus-utils-3.5.0.pom
2025-08-10 18:00:10,520 [Worker-8: 入門コンテンツのインポート] INFO  o.e.m.c.i.e.AbstractTransferListenerAdapter - Downloading https://repo.maven.apache.org/maven2/org/apache/commons/commons-lang3/3.12.0/commons-lang3-3.12.0.pom
2025-08-10 18:00:10,525 [Worker-8: 入門コンテンツのインポート] INFO  o.e.m.c.i.e.AbstractTransferListenerAdapter - Downloaded https://repo.maven.apache.org/maven2/org/apache/commons/commons-lang3/3.12.0/commons-lang3-3.12.0.pom
2025-08-10 18:00:10,547 [Worker-8: 入門コンテンツのインポート] INFO  o.e.m.c.i.e.AbstractTransferListenerAdapter - Downloading https://repo.maven.apache.org/maven2/org/junit/junit-bom/5.7.1/junit-bom-5.7.1.pom
2025-08-10 18:00:10,551 [Worker-8: 入門コンテンツのインポート] INFO  o.e.m.c.i.e.AbstractTransferListenerAdapter - Downloaded https://repo.maven.apache.org/maven2/org/junit/junit-bom/5.7.1/junit-bom-5.7.1.pom
2025-08-10 18:00:10,582 [Worker-8: 入門コンテンツのインポート] INFO  o.e.m.c.i.e.AbstractTransferListenerAdapter - Downloading https://repo.maven.apache.org/maven2/org/codehaus/plexus/plexus-interpolation/1.26/plexus-interpolation-1.26.jar
2025-08-10 18:00:10,590 [Worker-8: 入門コンテンツのインポート] INFO  o.e.m.c.i.e.AbstractTransferListenerAdapter - Downloaded https://repo.maven.apache.org/maven2/org/codehaus/plexus/plexus-interpolation/1.26/plexus-interpolation-1.26.jar
2025-08-10 18:00:10,599 [BasicRepositoryConnector-repo.maven.apache.org-4-3] INFO  o.e.m.c.i.e.AbstractTransferListenerAdapter - Downloading https://repo.maven.apache.org/maven2/org/apache/commons/commons-lang3/3.12.0/commons-lang3-3.12.0.jar
2025-08-10 18:00:10,600 [BasicRepositoryConnector-repo.maven.apache.org-4-2] INFO  o.e.m.c.i.e.AbstractTransferListenerAdapter - Downloading https://repo.maven.apache.org/maven2/org/sonatype/plexus/plexus-build-api/0.0.7/plexus-build-api-0.0.7.jar
2025-08-10 18:00:10,600 [BasicRepositoryConnector-repo.maven.apache.org-4-0] INFO  o.e.m.c.i.e.AbstractTransferListenerAdapter - Downloading https://repo.maven.apache.org/maven2/org/codehaus/plexus/plexus-utils/3.5.1/plexus-utils-3.5.1.jar
2025-08-10 18:00:10,610 [BasicRepositoryConnector-repo.maven.apache.org-4-1] INFO  o.e.m.c.i.e.AbstractTransferListenerAdapter - Downloading https://repo.maven.apache.org/maven2/org/apache/maven/shared/maven-filtering/3.3.1/maven-filtering-3.3.1.jar
2025-08-10 18:00:10,622 [BasicRepositoryConnector-repo.maven.apache.org-4-2] INFO  o.e.m.c.i.e.AbstractTransferListenerAdapter - Downloaded https://repo.maven.apache.org/maven2/org/sonatype/plexus/plexus-build-api/0.0.7/plexus-build-api-0.0.7.jar
2025-08-10 18:00:10,640 [BasicRepositoryConnector-repo.maven.apache.org-4-1] INFO  o.e.m.c.i.e.AbstractTransferListenerAdapter - Downloaded https://repo.maven.apache.org/maven2/org/apache/maven/shared/maven-filtering/3.3.1/maven-filtering-3.3.1.jar
2025-08-10 18:00:10,641 [BasicRepositoryConnector-repo.maven.apache.org-4-0] INFO  o.e.m.c.i.e.AbstractTransferListenerAdapter - Downloaded https://repo.maven.apache.org/maven2/org/codehaus/plexus/plexus-utils/3.5.1/plexus-utils-3.5.1.jar
2025-08-10 18:00:10,804 [BasicRepositoryConnector-repo.maven.apache.org-4-3] INFO  o.e.m.c.i.e.AbstractTransferListenerAdapter - Downloaded https://repo.maven.apache.org/maven2/org/apache/commons/commons-lang3/3.12.0/commons-lang3-3.12.0.jar
2025-08-10 18:00:10,867 [Worker-8: 入門コンテンツのインポート] INFO  o.e.m.j.i.AbstractJavaProjectConfigurator - Adding source folder /demo/src/main/java
2025-08-10 18:00:10,868 [Worker-8: 入門コンテンツのインポート] INFO  o.e.m.j.i.AbstractJavaProjectConfigurator - Adding resource folder /demo/src/main/resources
2025-08-10 18:00:10,876 [Worker-8: 入門コンテンツのインポート] INFO  o.e.m.j.i.AbstractJavaProjectConfigurator - Adding resource folder /demo/src/main/resources
2025-08-10 18:00:10,884 [Worker-8: 入門コンテンツのインポート] INFO  o.e.m.j.i.AbstractJavaProjectConfigurator - Adding source folder /demo/src/test/java
2025-08-10 18:00:10,884 [Worker-8: 入門コンテンツのインポート] INFO  o.e.m.j.i.AbstractJavaProjectConfigurator - Adding resource folder /demo/src/test/resources
2025-08-10 18:00:11,045 [Worker-8: 入門コンテンツのインポート] INFO  o.e.m.c.i.p.ProjectConfigurationManager - Imported and configured 1 project(s) in 38 sec
2025-08-10 18:00:11,046 [Worker-8: 入門コンテンツのインポート] INFO  o.e.m.c.i.p.ProjectConfigurationManager - Update started
2025-08-10 18:00:11,533 [Worker-8: 入門コンテンツのインポート] INFO  o.e.m.c.i.l.LifecycleMappingFactory - Using org.eclipse.m2e.jdt.JarLifecycleMapping lifecycle mapping for MavenProject: com.example:demo:0.0.1-SNAPSHOT @ C:\PG練習\Java\demo\pom.xml.
2025-08-10 18:00:12,218 [Worker-12: ソースおよび Javadoc のダウンロード] INFO  o.e.m.c.i.e.AbstractTransferListenerAdapter - Downloading https://repo.spring.io/snapshot/org/springframework/boot/spring-boot-starter-web/4.0.0-SNAPSHOT/spring-boot-starter-web-4.0.0-20250808.165659-372-sources.jar
2025-08-10 18:00:12,225 [Worker-12: ソースおよび Javadoc のダウンロード] INFO  o.e.m.c.i.e.AbstractTransferListenerAdapter - Downloaded https://repo.spring.io/snapshot/org/springframework/boot/spring-boot-starter-web/4.0.0-SNAPSHOT/spring-boot-starter-web-4.0.0-20250808.165659-372-sources.jar
2025-08-10 18:00:12,249 [Worker-12: ソースおよび Javadoc のダウンロード] INFO  o.e.m.j.internal.DownloadSourcesJob - Downloaded sources for org.springframework.boot:spring-boot-starter-web:4.0.0-SNAPSHOT
2025-08-10 18:00:12,663 [Worker-8: 入門コンテンツのインポート] INFO  o.e.m.j.i.AbstractJavaProjectConfigurator - Adding source folder /demo/src/main/java
2025-08-10 18:00:12,664 [Worker-8: 入門コンテンツのインポート] INFO  o.e.m.j.i.AbstractJavaProjectConfigurator - Adding resource folder /demo/src/main/resources
2025-08-10 18:00:12,664 [Worker-8: 入門コンテンツのインポート] INFO  o.e.m.j.i.AbstractJavaProjectConfigurator - Adding resource folder /demo/src/main/resources
2025-08-10 18:00:12,664 [Worker-8: 入門コンテンツのインポート] INFO  o.e.m.j.i.AbstractJavaProjectConfigurator - Adding source folder /demo/src/test/java
2025-08-10 18:00:12,664 [Worker-8: 入門コンテンツのインポート] INFO  o.e.m.j.i.AbstractJavaProjectConfigurator - Adding resource folder /demo/src/test/resources
2025-08-10 18:00:12,777 [Worker-12: ソースおよび Javadoc のダウンロード] INFO  o.e.m.c.i.e.AbstractTransferListenerAdapter - Downloading https://repo.spring.io/snapshot/org/springframework/boot/spring-boot-starter-jackson/4.0.0-SNAPSHOT/spring-boot-starter-jackson-4.0.0-20250808.165659-56-sources.jar
2025-08-10 18:00:12,780 [Worker-12: ソースおよび Javadoc のダウンロード] INFO  o.e.m.c.i.e.AbstractTransferListenerAdapter - Downloaded https://repo.spring.io/snapshot/org/springframework/boot/spring-boot-starter-jackson/4.0.0-SNAPSHOT/spring-boot-starter-jackson-4.0.0-20250808.165659-56-sources.jar
2025-08-10 18:00:12,808 [Worker-12: ソースおよび Javadoc のダウンロード] INFO  o.e.m.j.internal.DownloadSourcesJob - Downloaded sources for org.springframework.boot:spring-boot-starter-jackson:4.0.0-SNAPSHOT
2025-08-10 18:00:12,887 [Worker-8: 入門コンテンツのインポート] INFO  o.e.m.c.i.p.ProjectConfigurationManager - Update completed for 1 poms: local refresh takes 0.00 sec, refresh facades takes 1.00 sec, update config takes 0.00 sec 
2025-08-10 18:00:13,267 [Worker-14: ビルド] INFO  o.a.m.s.f.DefaultMavenResourcesFiltering - Copying 1 resource from src\main\resources to target\classes
2025-08-10 18:00:13,275 [Worker-14: ビルド] INFO  o.a.m.s.f.DefaultMavenResourcesFiltering - Copying 0 resource from src\main\resources to target\classes
2025-08-10 18:00:13,278 [Worker-14: ビルド] INFO  o.a.m.s.f.DefaultMavenResourcesFiltering - skip non existing resourceDirectory C:\PG練習\Java\demo\src\test\resources
2025-08-10 18:00:13,536 [Worker-12: ソースおよび Javadoc のダウンロード] INFO  o.e.m.c.i.e.AbstractTransferListenerAdapter - Downloading https://repo.spring.io/snapshot/org/springframework/boot/spring-boot-jackson/4.0.0-SNAPSHOT/spring-boot-jackson-4.0.0-20250808.165659-199-sources.jar
2025-08-10 18:00:13,719 [Worker-12: ソースおよび Javadoc のダウンロード] INFO  o.e.m.c.i.e.AbstractTransferListenerAdapter - Downloaded https://repo.spring.io/snapshot/org/springframework/boot/spring-boot-jackson/4.0.0-SNAPSHOT/spring-boot-jackson-4.0.0-20250808.165659-199-sources.jar
2025-08-10 18:00:13,836 [Worker-12: ソースおよび Javadoc のダウンロード] INFO  o.e.m.j.internal.DownloadSourcesJob - Downloaded sources for org.springframework.boot:spring-boot-jackson:4.0.0-SNAPSHOT
2025-08-10 18:00:13,868 [Worker-12: ソースおよび Javadoc のダウンロード] INFO  o.e.m.c.i.e.AbstractTransferListenerAdapter - Downloading https://repo.maven.apache.org/maven2/com/fasterxml/jackson/core/jackson-databind/2.19.2/jackson-databind-2.19.2-sources.jar
2025-08-10 18:00:14,048 [Worker-12: ソースおよび Javadoc のダウンロード] INFO  o.e.m.c.i.e.AbstractTransferListenerAdapter - Downloaded https://repo.maven.apache.org/maven2/com/fasterxml/jackson/core/jackson-databind/2.19.2/jackson-databind-2.19.2-sources.jar
2025-08-10 18:00:14,053 [Worker-12: ソースおよび Javadoc のダウンロード] INFO  o.e.m.j.internal.DownloadSourcesJob - Downloaded sources for com.fasterxml.jackson.core:jackson-databind:2.19.2
2025-08-10 18:00:14,087 [Worker-12: ソースおよび Javadoc のダウンロード] INFO  o.e.m.c.i.e.AbstractTransferListenerAdapter - Downloading https://repo.maven.apache.org/maven2/com/fasterxml/jackson/datatype/jackson-datatype-jdk8/2.19.2/jackson-datatype-jdk8-2.19.2-sources.jar
2025-08-10 18:00:14,091 [Worker-12: ソースおよび Javadoc のダウンロード] INFO  o.e.m.c.i.e.AbstractTransferListenerAdapter - Downloaded https://repo.maven.apache.org/maven2/com/fasterxml/jackson/datatype/jackson-datatype-jdk8/2.19.2/jackson-datatype-jdk8-2.19.2-sources.jar
2025-08-10 18:00:14,095 [Worker-12: ソースおよび Javadoc のダウンロード] INFO  o.e.m.j.internal.DownloadSourcesJob - Downloaded sources for com.fasterxml.jackson.datatype:jackson-datatype-jdk8:2.19.2
2025-08-10 18:00:14,127 [Worker-12: ソースおよび Javadoc のダウンロード] INFO  o.e.m.c.i.e.AbstractTransferListenerAdapter - Downloading https://repo.maven.apache.org/maven2/com/fasterxml/jackson/core/jackson-core/2.19.2/jackson-core-2.19.2-sources.jar
2025-08-10 18:00:14,228 [Worker-12: ソースおよび Javadoc のダウンロード] INFO  o.e.m.c.i.e.AbstractTransferListenerAdapter - Downloaded https://repo.maven.apache.org/maven2/com/fasterxml/jackson/core/jackson-core/2.19.2/jackson-core-2.19.2-sources.jar
2025-08-10 18:00:14,230 [Worker-12: ソースおよび Javadoc のダウンロード] INFO  o.e.m.j.internal.DownloadSourcesJob - Downloaded sources for com.fasterxml.jackson.core:jackson-core:2.19.2
2025-08-10 18:00:14,266 [Worker-12: ソースおよび Javadoc のダウンロード] INFO  o.e.m.c.i.e.AbstractTransferListenerAdapter - Downloading https://repo.maven.apache.org/maven2/com/fasterxml/jackson/datatype/jackson-datatype-jsr310/2.19.2/jackson-datatype-jsr310-2.19.2-sources.jar
2025-08-10 18:00:14,286 [Worker-12: ソースおよび Javadoc のダウンロード] INFO  o.e.m.c.i.e.AbstractTransferListenerAdapter - Downloaded https://repo.maven.apache.org/maven2/com/fasterxml/jackson/datatype/jackson-datatype-jsr310/2.19.2/jackson-datatype-jsr310-2.19.2-sources.jar
2025-08-10 18:00:14,290 [Worker-12: ソースおよび Javadoc のダウンロード] INFO  o.e.m.j.internal.DownloadSourcesJob - Downloaded sources for com.fasterxml.jackson.datatype:jackson-datatype-jsr310:2.19.2
2025-08-10 18:00:14,323 [Worker-12: ソースおよび Javadoc のダウンロード] INFO  o.e.m.c.i.e.AbstractTransferListenerAdapter - Downloading https://repo.maven.apache.org/maven2/com/fasterxml/jackson/core/jackson-annotations/2.19.2/jackson-annotations-2.19.2-sources.jar
2025-08-10 18:00:14,338 [Worker-12: ソースおよび Javadoc のダウンロード] INFO  o.e.m.c.i.e.AbstractTransferListenerAdapter - Downloaded https://repo.maven.apache.org/maven2/com/fasterxml/jackson/core/jackson-annotations/2.19.2/jackson-annotations-2.19.2-sources.jar
2025-08-10 18:00:14,341 [Worker-12: ソースおよび Javadoc のダウンロード] INFO  o.e.m.j.internal.DownloadSourcesJob - Downloaded sources for com.fasterxml.jackson.core:jackson-annotations:2.19.2
2025-08-10 18:00:14,395 [Worker-12: ソースおよび Javadoc のダウンロード] INFO  o.e.m.c.i.e.AbstractTransferListenerAdapter - Downloading https://repo.maven.apache.org/maven2/com/fasterxml/jackson/module/jackson-module-parameter-names/2.19.2/jackson-module-parameter-names-2.19.2-sources.jar
2025-08-10 18:00:14,397 [Worker-12: ソースおよび Javadoc のダウンロード] INFO  o.e.m.c.i.e.AbstractTransferListenerAdapter - Downloaded https://repo.maven.apache.org/maven2/com/fasterxml/jackson/module/jackson-module-parameter-names/2.19.2/jackson-module-parameter-names-2.19.2-sources.jar
2025-08-10 18:00:14,400 [Worker-12: ソースおよび Javadoc のダウンロード] INFO  o.e.m.j.internal.DownloadSourcesJob - Downloaded sources for com.fasterxml.jackson.module:jackson-module-parameter-names:2.19.2
2025-08-10 18:00:15,128 [Worker-12: ソースおよび Javadoc のダウンロード] INFO  o.e.m.c.i.e.AbstractTransferListenerAdapter - Downloading https://repo.spring.io/snapshot/org/springframework/boot/spring-boot-starter-tomcat/4.0.0-SNAPSHOT/spring-boot-starter-tomcat-4.0.0-20250808.165659-372-sources.jar
2025-08-10 18:00:15,134 [Worker-12: ソースおよび Javadoc のダウンロード] INFO  o.e.m.c.i.e.AbstractTransferListenerAdapter - Downloaded https://repo.spring.io/snapshot/org/springframework/boot/spring-boot-starter-tomcat/4.0.0-SNAPSHOT/spring-boot-starter-tomcat-4.0.0-20250808.165659-372-sources.jar
2025-08-10 18:00:15,160 [Worker-12: ソースおよび Javadoc のダウンロード] INFO  o.e.m.j.internal.DownloadSourcesJob - Downloaded sources for org.springframework.boot:spring-boot-starter-tomcat:4.0.0-SNAPSHOT
2025-08-10 18:00:15,905 [Worker-12: ソースおよび Javadoc のダウンロード] INFO  o.e.m.c.i.e.AbstractTransferListenerAdapter - Downloading https://repo.spring.io/snapshot/org/springframework/boot/spring-boot-tomcat/4.0.0-SNAPSHOT/spring-boot-tomcat-4.0.0-20250808.165659-210-sources.jar
2025-08-10 18:00:16,303 [Worker-12: ソースおよび Javadoc のダウンロード] INFO  o.e.m.c.i.e.AbstractTransferListenerAdapter - Downloaded https://repo.spring.io/snapshot/org/springframework/boot/spring-boot-tomcat/4.0.0-SNAPSHOT/spring-boot-tomcat-4.0.0-20250808.165659-210-sources.jar
2025-08-10 18:00:16,320 [Worker-12: ソースおよび Javadoc のダウンロード] INFO  o.e.m.j.internal.DownloadSourcesJob - Downloaded sources for org.springframework.boot:spring-boot-tomcat:4.0.0-SNAPSHOT
2025-08-10 18:00:17,043 [Worker-12: ソースおよび Javadoc のダウンロード] INFO  o.e.m.c.i.e.AbstractTransferListenerAdapter - Downloading https://repo.spring.io/snapshot/org/springframework/boot/spring-boot-web-server/4.0.0-SNAPSHOT/spring-boot-web-server-4.0.0-20250808.165659-129-sources.jar
2025-08-10 18:00:17,573 [Worker-12: ソースおよび Javadoc のダウンロード] INFO  o.e.m.c.i.e.AbstractTransferListenerAdapter - Downloaded https://repo.spring.io/snapshot/org/springframework/boot/spring-boot-web-server/4.0.0-SNAPSHOT/spring-boot-web-server-4.0.0-20250808.165659-129-sources.jar
2025-08-10 18:00:17,586 [Worker-12: ソースおよび Javadoc のダウンロード] INFO  o.e.m.j.internal.DownloadSourcesJob - Downloaded sources for org.springframework.boot:spring-boot-web-server:4.0.0-SNAPSHOT
2025-08-10 18:00:17,616 [Worker-12: ソースおよび Javadoc のダウンロード] INFO  o.e.m.c.i.e.AbstractTransferListenerAdapter - Downloading https://repo.maven.apache.org/maven2/org/apache/tomcat/embed/tomcat-embed-core/11.0.10/tomcat-embed-core-11.0.10-sources.jar
2025-08-10 18:00:18,027 [Worker-12: ソースおよび Javadoc のダウンロード] INFO  o.e.m.c.i.e.AbstractTransferListenerAdapter - Downloaded https://repo.maven.apache.org/maven2/org/apache/tomcat/embed/tomcat-embed-core/11.0.10/tomcat-embed-core-11.0.10-sources.jar
2025-08-10 18:00:18,030 [Worker-12: ソースおよび Javadoc のダウンロード] INFO  o.e.m.j.internal.DownloadSourcesJob - Downloaded sources for org.apache.tomcat.embed:tomcat-embed-core:11.0.10
2025-08-10 18:00:18,062 [Worker-12: ソースおよび Javadoc のダウンロード] INFO  o.e.m.c.i.e.AbstractTransferListenerAdapter - Downloading https://repo.maven.apache.org/maven2/jakarta/annotation/jakarta.annotation-api/3.0.0/jakarta.annotation-api-3.0.0-sources.jar
2025-08-10 18:00:18,068 [Worker-12: ソースおよび Javadoc のダウンロード] INFO  o.e.m.c.i.e.AbstractTransferListenerAdapter - Downloaded https://repo.maven.apache.org/maven2/jakarta/annotation/jakarta.annotation-api/3.0.0/jakarta.annotation-api-3.0.0-sources.jar
2025-08-10 18:00:18,072 [Worker-12: ソースおよび Javadoc のダウンロード] INFO  o.e.m.j.internal.DownloadSourcesJob - Downloaded sources for jakarta.annotation:jakarta.annotation-api:3.0.0
2025-08-10 18:00:18,128 [Worker-12: ソースおよび Javadoc のダウンロード] INFO  o.e.m.c.i.e.AbstractTransferListenerAdapter - Downloading https://repo.maven.apache.org/maven2/org/apache/tomcat/embed/tomcat-embed-el/11.0.10/tomcat-embed-el-11.0.10-sources.jar
2025-08-10 18:00:18,171 [Worker-12: ソースおよび Javadoc のダウンロード] INFO  o.e.m.c.i.e.AbstractTransferListenerAdapter - Downloaded https://repo.maven.apache.org/maven2/org/apache/tomcat/embed/tomcat-embed-el/11.0.10/tomcat-embed-el-11.0.10-sources.jar
2025-08-10 18:00:18,174 [Worker-12: ソースおよび Javadoc のダウンロード] INFO  o.e.m.j.internal.DownloadSourcesJob - Downloaded sources for org.apache.tomcat.embed:tomcat-embed-el:11.0.10
2025-08-10 18:00:18,206 [Worker-12: ソースおよび Javadoc のダウンロード] INFO  o.e.m.c.i.e.AbstractTransferListenerAdapter - Downloading https://repo.maven.apache.org/maven2/org/apache/tomcat/embed/tomcat-embed-websocket/11.0.10/tomcat-embed-websocket-11.0.10-sources.jar
2025-08-10 18:00:18,245 [Worker-12: ソースおよび Javadoc のダウンロード] INFO  o.e.m.c.i.e.AbstractTransferListenerAdapter - Downloaded https://repo.maven.apache.org/maven2/org/apache/tomcat/embed/tomcat-embed-websocket/11.0.10/tomcat-embed-websocket-11.0.10-sources.jar
2025-08-10 18:00:18,248 [Worker-12: ソースおよび Javadoc のダウンロード] INFO  o.e.m.j.internal.DownloadSourcesJob - Downloaded sources for org.apache.tomcat.embed:tomcat-embed-websocket:11.0.10
2025-08-10 18:00:18,978 [Worker-12: ソースおよび Javadoc のダウンロード] INFO  o.e.m.c.i.e.AbstractTransferListenerAdapter - Downloading https://repo.spring.io/snapshot/org/springframework/boot/spring-boot-http-converter/4.0.0-SNAPSHOT/spring-boot-http-converter-4.0.0-20250808.165659-124-sources.jar
2025-08-10 18:00:19,159 [Worker-12: ソースおよび Javadoc のダウンロード] INFO  o.e.m.c.i.e.AbstractTransferListenerAdapter - Downloaded https://repo.spring.io/snapshot/org/springframework/boot/spring-boot-http-converter/4.0.0-SNAPSHOT/spring-boot-http-converter-4.0.0-20250808.165659-124-sources.jar
2025-08-10 18:00:19,248 [Worker-12: ソースおよび Javadoc のダウンロード] INFO  o.e.m.j.internal.DownloadSourcesJob - Downloaded sources for org.springframework.boot:spring-boot-http-converter:4.0.0-SNAPSHOT
2025-08-10 18:00:20,412 [Worker-12: ソースおよび Javadoc のダウンロード] INFO  o.e.m.c.i.e.AbstractTransferListenerAdapter - Downloading https://repo.spring.io/snapshot/org/springframework/spring-web/7.0.0-SNAPSHOT/spring-web-7.0.0-20250806.191428-793-sources.jar
2025-08-10 18:00:22,979 [Worker-12: ソースおよび Javadoc のダウンロード] INFO  o.e.m.c.i.e.AbstractTransferListenerAdapter - Downloaded https://repo.spring.io/snapshot/org/springframework/spring-web/7.0.0-SNAPSHOT/spring-web-7.0.0-20250806.191428-793-sources.jar
2025-08-10 18:00:22,983 [Worker-12: ソースおよび Javadoc のダウンロード] INFO  o.e.m.j.internal.DownloadSourcesJob - Downloaded sources for org.springframework:spring-web:7.0.0-SNAPSHOT
2025-08-10 18:00:24,409 [Worker-12: ソースおよび Javadoc のダウンロード] INFO  o.e.m.c.i.e.AbstractTransferListenerAdapter - Downloading https://repo.spring.io/snapshot/org/springframework/spring-beans/7.0.0-SNAPSHOT/spring-beans-7.0.0-20250806.191428-793-sources.jar
2025-08-10 18:00:25,369 [Worker-12: ソースおよび Javadoc のダウンロード] INFO  o.e.m.c.i.e.AbstractTransferListenerAdapter - Downloaded https://repo.spring.io/snapshot/org/springframework/spring-beans/7.0.0-SNAPSHOT/spring-beans-7.0.0-20250806.191428-793-sources.jar
2025-08-10 18:00:25,375 [Worker-12: ソースおよび Javadoc のダウンロード] INFO  o.e.m.j.internal.DownloadSourcesJob - Downloaded sources for org.springframework:spring-beans:7.0.0-SNAPSHOT
2025-08-10 18:00:26,110 [Worker-12: ソースおよび Javadoc のダウンロード] INFO  o.e.m.c.i.e.AbstractTransferListenerAdapter - Downloading https://repo.spring.io/snapshot/io/micrometer/micrometer-observation/1.16.0-SNAPSHOT/micrometer-observation-1.16.0-20250808.223947-197-sources.jar
2025-08-10 18:00:26,467 [Worker-12: ソースおよび Javadoc のダウンロード] INFO  o.e.m.c.i.e.AbstractTransferListenerAdapter - Downloaded https://repo.spring.io/snapshot/io/micrometer/micrometer-observation/1.16.0-SNAPSHOT/micrometer-observation-1.16.0-20250808.223947-197-sources.jar
2025-08-10 18:00:26,481 [Worker-12: ソースおよび Javadoc のダウンロード] INFO  o.e.m.j.internal.DownloadSourcesJob - Downloaded sources for io.micrometer:micrometer-observation:1.16.0-SNAPSHOT
2025-08-10 18:00:27,051 [Worker-12: ソースおよび Javadoc のダウンロード] INFO  o.e.m.c.i.e.AbstractTransferListenerAdapter - Downloading https://repo.spring.io/snapshot/io/micrometer/micrometer-commons/1.16.0-SNAPSHOT/micrometer-commons-1.16.0-20250808.223947-196-sources.jar
2025-08-10 18:00:27,422 [Worker-12: ソースおよび Javadoc のダウンロード] INFO  o.e.m.c.i.e.AbstractTransferListenerAdapter - Downloaded https://repo.spring.io/snapshot/io/micrometer/micrometer-commons/1.16.0-SNAPSHOT/micrometer-commons-1.16.0-20250808.223947-196-sources.jar
2025-08-10 18:00:27,632 [Worker-12: ソースおよび Javadoc のダウンロード] INFO  o.e.m.j.internal.DownloadSourcesJob - Downloaded sources for io.micrometer:micrometer-commons:1.16.0-SNAPSHOT
2025-08-10 18:00:28,376 [Worker-12: ソースおよび Javadoc のダウンロード] INFO  o.e.m.c.i.e.AbstractTransferListenerAdapter - Downloading https://repo.spring.io/snapshot/org/springframework/boot/spring-boot-webmvc/4.0.0-SNAPSHOT/spring-boot-webmvc-4.0.0-20250808.165659-159-sources.jar
2025-08-10 18:00:28,739 [Worker-12: ソースおよび Javadoc のダウンロード] INFO  o.e.m.c.i.e.AbstractTransferListenerAdapter - Downloaded https://repo.spring.io/snapshot/org/springframework/boot/spring-boot-webmvc/4.0.0-SNAPSHOT/spring-boot-webmvc-4.0.0-20250808.165659-159-sources.jar
2025-08-10 18:00:28,750 [Worker-12: ソースおよび Javadoc のダウンロード] INFO  o.e.m.j.internal.DownloadSourcesJob - Downloaded sources for org.springframework.boot:spring-boot-webmvc:4.0.0-SNAPSHOT
2025-08-10 18:00:29,492 [Worker-12: ソースおよび Javadoc のダウンロード] INFO  o.e.m.c.i.e.AbstractTransferListenerAdapter - Downloading https://repo.spring.io/snapshot/org/springframework/boot/spring-boot-servlet/4.0.0-SNAPSHOT/spring-boot-servlet-4.0.0-20250808.165659-114-sources.jar
2025-08-10 18:00:29,852 [Worker-12: ソースおよび Javadoc のダウンロード] INFO  o.e.m.c.i.e.AbstractTransferListenerAdapter - Downloaded https://repo.spring.io/snapshot/org/springframework/boot/spring-boot-servlet/4.0.0-SNAPSHOT/spring-boot-servlet-4.0.0-20250808.165659-114-sources.jar
2025-08-10 18:00:30,060 [Worker-12: ソースおよび Javadoc のダウンロード] INFO  o.e.m.j.internal.DownloadSourcesJob - Downloaded sources for org.springframework.boot:spring-boot-servlet:4.0.0-SNAPSHOT
2025-08-10 18:00:31,489 [Worker-12: ソースおよび Javadoc のダウンロード] INFO  o.e.m.c.i.e.AbstractTransferListenerAdapter - Downloading https://repo.spring.io/snapshot/org/springframework/spring-webmvc/7.0.0-SNAPSHOT/spring-webmvc-7.0.0-20250806.191428-793-sources.jar
2025-08-10 18:00:32,866 [Worker-12: ソースおよび Javadoc のダウンロード] INFO  o.e.m.c.i.e.AbstractTransferListenerAdapter - Downloaded https://repo.spring.io/snapshot/org/springframework/spring-webmvc/7.0.0-SNAPSHOT/spring-webmvc-7.0.0-20250806.191428-793-sources.jar
2025-08-10 18:00:32,869 [Worker-12: ソースおよび Javadoc のダウンロード] INFO  o.e.m.j.internal.DownloadSourcesJob - Downloaded sources for org.springframework:spring-webmvc:7.0.0-SNAPSHOT
2025-08-10 18:00:34,199 [Worker-12: ソースおよび Javadoc のダウンロード] INFO  o.e.m.c.i.e.AbstractTransferListenerAdapter - Downloading https://repo.spring.io/snapshot/org/springframework/spring-aop/7.0.0-SNAPSHOT/spring-aop-7.0.0-20250806.191428-793-sources.jar
2025-08-10 18:00:35,133 [Worker-12: ソースおよび Javadoc のダウンロード] INFO  o.e.m.c.i.e.AbstractTransferListenerAdapter - Downloaded https://repo.spring.io/snapshot/org/springframework/spring-aop/7.0.0-SNAPSHOT/spring-aop-7.0.0-20250806.191428-793-sources.jar
2025-08-10 18:00:35,137 [Worker-12: ソースおよび Javadoc のダウンロード] INFO  o.e.m.j.internal.DownloadSourcesJob - Downloaded sources for org.springframework:spring-aop:7.0.0-SNAPSHOT
2025-08-10 18:00:36,321 [Worker-12: ソースおよび Javadoc のダウンロード] INFO  o.e.m.c.i.e.AbstractTransferListenerAdapter - Downloading https://repo.spring.io/snapshot/org/springframework/spring-expression/7.0.0-SNAPSHOT/spring-expression-7.0.0-20250806.191428-793-sources.jar
2025-08-10 18:00:37,038 [Worker-12: ソースおよび Javadoc のダウンロード] INFO  o.e.m.c.i.e.AbstractTransferListenerAdapter - Downloaded https://repo.spring.io/snapshot/org/springframework/spring-expression/7.0.0-SNAPSHOT/spring-expression-7.0.0-20250806.191428-793-sources.jar
2025-08-10 18:00:37,041 [Worker-12: ソースおよび Javadoc のダウンロード] INFO  o.e.m.j.internal.DownloadSourcesJob - Downloaded sources for org.springframework:spring-expression:7.0.0-SNAPSHOT
2025-08-10 18:00:37,767 [Worker-12: ソースおよび Javadoc のダウンロード] INFO  o.e.m.c.i.e.AbstractTransferListenerAdapter - Downloading https://repo.spring.io/snapshot/org/springframework/boot/spring-boot-devtools/4.0.0-SNAPSHOT/spring-boot-devtools-4.0.0-20250808.165659-372-sources.jar
2025-08-10 18:00:38,305 [Worker-12: ソースおよび Javadoc のダウンロード] INFO  o.e.m.c.i.e.AbstractTransferListenerAdapter - Downloaded https://repo.spring.io/snapshot/org/springframework/boot/spring-boot-devtools/4.0.0-SNAPSHOT/spring-boot-devtools-4.0.0-20250808.165659-372-sources.jar
2025-08-10 18:00:38,317 [Worker-12: ソースおよび Javadoc のダウンロード] INFO  o.e.m.j.internal.DownloadSourcesJob - Downloaded sources for org.springframework.boot:spring-boot-devtools:4.0.0-SNAPSHOT
2025-08-10 18:00:39,660 [Worker-12: ソースおよび Javadoc のダウンロード] INFO  o.e.m.c.i.e.AbstractTransferListenerAdapter - Downloading https://repo.spring.io/snapshot/org/springframework/boot/spring-boot/4.0.0-SNAPSHOT/spring-boot-4.0.0-20250808.165659-372-sources.jar
2025-08-10 18:00:40,766 [Worker-12: ソースおよび Javadoc のダウンロード] INFO  o.e.m.c.i.e.AbstractTransferListenerAdapter - Downloaded https://repo.spring.io/snapshot/org/springframework/boot/spring-boot/4.0.0-SNAPSHOT/spring-boot-4.0.0-20250808.165659-372-sources.jar
2025-08-10 18:00:40,769 [Worker-12: ソースおよび Javadoc のダウンロード] INFO  o.e.m.j.internal.DownloadSourcesJob - Downloaded sources for org.springframework.boot:spring-boot:4.0.0-SNAPSHOT
2025-08-10 18:00:42,012 [Worker-12: ソースおよび Javadoc のダウンロード] INFO  o.e.m.c.i.e.AbstractTransferListenerAdapter - Downloading https://repo.spring.io/snapshot/org/springframework/spring-context/7.0.0-SNAPSHOT/spring-context-7.0.0-20250806.191428-793-sources.jar
2025-08-10 18:00:43,347 [Worker-12: ソースおよび Javadoc のダウンロード] INFO  o.e.m.c.i.e.AbstractTransferListenerAdapter - Downloaded https://repo.spring.io/snapshot/org/springframework/spring-context/7.0.0-SNAPSHOT/spring-context-7.0.0-20250806.191428-793-sources.jar
2025-08-10 18:00:43,352 [Worker-12: ソースおよび Javadoc のダウンロード] INFO  o.e.m.j.internal.DownloadSourcesJob - Downloaded sources for org.springframework:spring-context:7.0.0-SNAPSHOT
2025-08-10 18:00:45,063 [Worker-12: ソースおよび Javadoc のダウンロード] INFO  o.e.m.c.i.e.AbstractTransferListenerAdapter - Downloading https://repo.spring.io/snapshot/org/springframework/boot/spring-boot-autoconfigure/4.0.0-SNAPSHOT/spring-boot-autoconfigure-4.0.0-20250808.165659-372-sources.jar
2025-08-10 18:00:45,813 [Worker-12: ソースおよび Javadoc のダウンロード] INFO  o.e.m.c.i.e.AbstractTransferListenerAdapter - Downloaded https://repo.spring.io/snapshot/org/springframework/boot/spring-boot-autoconfigure/4.0.0-SNAPSHOT/spring-boot-autoconfigure-4.0.0-20250808.165659-372-sources.jar
2025-08-10 18:00:45,816 [Worker-12: ソースおよび Javadoc のダウンロード] INFO  o.e.m.j.internal.DownloadSourcesJob - Downloaded sources for org.springframework.boot:spring-boot-autoconfigure:4.0.0-SNAPSHOT
2025-08-10 18:00:45,897 [Worker-12: ソースおよび Javadoc のダウンロード] INFO  o.e.m.c.i.e.AbstractTransferListenerAdapter - Downloading https://repo.maven.apache.org/maven2/com/mysql/mysql-connector-j/9.4.0/mysql-connector-j-9.4.0-sources.jar
2025-08-10 18:00:46,177 [Worker-12: ソースおよび Javadoc のダウンロード] INFO  o.e.m.c.i.e.AbstractTransferListenerAdapter - Downloaded https://repo.maven.apache.org/maven2/com/mysql/mysql-connector-j/9.4.0/mysql-connector-j-9.4.0-sources.jar
2025-08-10 18:00:46,181 [Worker-12: ソースおよび Javadoc のダウンロード] INFO  o.e.m.j.internal.DownloadSourcesJob - Downloaded sources for com.mysql:mysql-connector-j:9.4.0
2025-08-10 18:00:46,238 [Worker-12: ソースおよび Javadoc のダウンロード] INFO  o.e.m.c.i.e.AbstractTransferListenerAdapter - Downloading https://repo.maven.apache.org/maven2/org/projectlombok/lombok/1.18.38/lombok-1.18.38-sources.jar
2025-08-10 18:00:46,459 [Worker-12: ソースおよび Javadoc のダウンロード] INFO  o.e.m.c.i.e.AbstractTransferListenerAdapter - Downloaded https://repo.maven.apache.org/maven2/org/projectlombok/lombok/1.18.38/lombok-1.18.38-sources.jar
2025-08-10 18:00:46,461 [Worker-12: ソースおよび Javadoc のダウンロード] INFO  o.e.m.j.internal.DownloadSourcesJob - Downloaded sources for org.projectlombok:lombok:1.18.38
2025-08-10 18:00:47,221 [Worker-12: ソースおよび Javadoc のダウンロード] INFO  o.e.m.c.i.e.AbstractTransferListenerAdapter - Downloading https://repo.spring.io/snapshot/org/springframework/boot/spring-boot-starter-test/4.0.0-SNAPSHOT/spring-boot-starter-test-4.0.0-20250808.165659-372-sources.jar
2025-08-10 18:00:47,227 [Worker-12: ソースおよび Javadoc のダウンロード] INFO  o.e.m.c.i.e.AbstractTransferListenerAdapter - Downloaded https://repo.spring.io/snapshot/org/springframework/boot/spring-boot-starter-test/4.0.0-SNAPSHOT/spring-boot-starter-test-4.0.0-20250808.165659-372-sources.jar
2025-08-10 18:00:47,257 [Worker-12: ソースおよび Javadoc のダウンロード] INFO  o.e.m.j.internal.DownloadSourcesJob - Downloaded sources for org.springframework.boot:spring-boot-starter-test:4.0.0-SNAPSHOT
2025-08-10 18:00:47,821 [Worker-12: ソースおよび Javadoc のダウンロード] INFO  o.e.m.c.i.e.AbstractTransferListenerAdapter - Downloading https://repo.spring.io/snapshot/org/springframework/boot/spring-boot-starter/4.0.0-SNAPSHOT/spring-boot-starter-4.0.0-20250808.165659-372-sources.jar
2025-08-10 18:00:47,826 [Worker-12: ソースおよび Javadoc のダウンロード] INFO  o.e.m.c.i.e.AbstractTransferListenerAdapter - Downloaded https://repo.spring.io/snapshot/org/springframework/boot/spring-boot-starter/4.0.0-SNAPSHOT/spring-boot-starter-4.0.0-20250808.165659-372-sources.jar
2025-08-10 18:00:47,850 [Worker-12: ソースおよび Javadoc のダウンロード] INFO  o.e.m.j.internal.DownloadSourcesJob - Downloaded sources for org.springframework.boot:spring-boot-starter:4.0.0-SNAPSHOT
2025-08-10 18:00:48,553 [Worker-12: ソースおよび Javadoc のダウンロード] INFO  o.e.m.c.i.e.AbstractTransferListenerAdapter - Downloading https://repo.spring.io/snapshot/org/springframework/boot/spring-boot-starter-logging/4.0.0-SNAPSHOT/spring-boot-starter-logging-4.0.0-20250808.165659-372-sources.jar
2025-08-10 18:00:48,558 [Worker-12: ソースおよび Javadoc のダウンロード] INFO  o.e.m.c.i.e.AbstractTransferListenerAdapter - Downloaded https://repo.spring.io/snapshot/org/springframework/boot/spring-boot-starter-logging/4.0.0-SNAPSHOT/spring-boot-starter-logging-4.0.0-20250808.165659-372-sources.jar
2025-08-10 18:00:48,585 [Worker-12: ソースおよび Javadoc のダウンロード] INFO  o.e.m.j.internal.DownloadSourcesJob - Downloaded sources for org.springframework.boot:spring-boot-starter-logging:4.0.0-SNAPSHOT
2025-08-10 18:00:48,641 [Worker-12: ソースおよび Javadoc のダウンロード] INFO  o.e.m.c.i.e.AbstractTransferListenerAdapter - Downloading https://repo.maven.apache.org/maven2/ch/qos/logback/logback-classic/1.5.18/logback-classic-1.5.18-sources.jar
2025-08-10 18:00:48,705 [Worker-12: ソースおよび Javadoc のダウンロード] INFO  o.e.m.c.i.e.AbstractTransferListenerAdapter - Downloaded https://repo.maven.apache.org/maven2/ch/qos/logback/logback-classic/1.5.18/logback-classic-1.5.18-sources.jar
2025-08-10 18:00:48,707 [Worker-12: ソースおよび Javadoc のダウンロード] INFO  o.e.m.j.internal.DownloadSourcesJob - Downloaded sources for ch.qos.logback:logback-classic:1.5.18
2025-08-10 18:00:48,769 [Worker-12: ソースおよび Javadoc のダウンロード] INFO  o.e.m.c.i.e.AbstractTransferListenerAdapter - Downloading https://repo.maven.apache.org/maven2/ch/qos/logback/logback-core/1.5.18/logback-core-1.5.18-sources.jar
2025-08-10 18:00:48,899 [Worker-12: ソースおよび Javadoc のダウンロード] INFO  o.e.m.c.i.e.AbstractTransferListenerAdapter - Downloaded https://repo.maven.apache.org/maven2/ch/qos/logback/logback-core/1.5.18/logback-core-1.5.18-sources.jar
2025-08-10 18:00:48,902 [Worker-12: ソースおよび Javadoc のダウンロード] INFO  o.e.m.j.internal.DownloadSourcesJob - Downloaded sources for ch.qos.logback:logback-core:1.5.18
2025-08-10 18:00:48,955 [Worker-12: ソースおよび Javadoc のダウンロード] INFO  o.e.m.c.i.e.AbstractTransferListenerAdapter - Downloading https://repo.maven.apache.org/maven2/org/apache/logging/log4j/log4j-to-slf4j/2.24.3/log4j-to-slf4j-2.24.3-sources.jar
2025-08-10 18:00:48,960 [Worker-12: ソースおよび Javadoc のダウンロード] INFO  o.e.m.c.i.e.AbstractTransferListenerAdapter - Downloaded https://repo.maven.apache.org/maven2/org/apache/logging/log4j/log4j-to-slf4j/2.24.3/log4j-to-slf4j-2.24.3-sources.jar
2025-08-10 18:00:48,964 [Worker-12: ソースおよび Javadoc のダウンロード] INFO  o.e.m.j.internal.DownloadSourcesJob - Downloaded sources for org.apache.logging.log4j:log4j-to-slf4j:2.24.3
2025-08-10 18:00:49,018 [Worker-12: ソースおよび Javadoc のダウンロード] INFO  o.e.m.c.i.e.AbstractTransferListenerAdapter - Downloading https://repo.maven.apache.org/maven2/org/apache/logging/log4j/log4j-api/2.24.3/log4j-api-2.24.3-sources.jar
2025-08-10 18:00:49,087 [Worker-12: ソースおよび Javadoc のダウンロード] INFO  o.e.m.c.i.e.AbstractTransferListenerAdapter - Downloaded https://repo.maven.apache.org/maven2/org/apache/logging/log4j/log4j-api/2.24.3/log4j-api-2.24.3-sources.jar
2025-08-10 18:00:49,092 [Worker-12: ソースおよび Javadoc のダウンロード] INFO  o.e.m.j.internal.DownloadSourcesJob - Downloaded sources for org.apache.logging.log4j:log4j-api:2.24.3
2025-08-10 18:00:49,144 [Worker-12: ソースおよび Javadoc のダウンロード] INFO  o.e.m.c.i.e.AbstractTransferListenerAdapter - Downloading https://repo.maven.apache.org/maven2/org/slf4j/jul-to-slf4j/2.0.17/jul-to-slf4j-2.0.17-sources.jar
2025-08-10 18:00:49,147 [Worker-12: ソースおよび Javadoc のダウンロード] INFO  o.e.m.c.i.e.AbstractTransferListenerAdapter - Downloaded https://repo.maven.apache.org/maven2/org/slf4j/jul-to-slf4j/2.0.17/jul-to-slf4j-2.0.17-sources.jar
2025-08-10 18:00:49,150 [Worker-12: ソースおよび Javadoc のダウンロード] INFO  o.e.m.j.internal.DownloadSourcesJob - Downloaded sources for org.slf4j:jul-to-slf4j:2.0.17
2025-08-10 18:00:49,201 [Worker-12: ソースおよび Javadoc のダウンロード] INFO  o.e.m.c.i.e.AbstractTransferListenerAdapter - Downloading https://repo.maven.apache.org/maven2/org/yaml/snakeyaml/2.4/snakeyaml-2.4-sources.jar
2025-08-10 18:00:49,253 [Worker-12: ソースおよび Javadoc のダウンロード] INFO  o.e.m.c.i.e.AbstractTransferListenerAdapter - Downloaded https://repo.maven.apache.org/maven2/org/yaml/snakeyaml/2.4/snakeyaml-2.4-sources.jar
2025-08-10 18:00:49,257 [Worker-12: ソースおよび Javadoc のダウンロード] INFO  o.e.m.j.internal.DownloadSourcesJob - Downloaded sources for org.yaml:snakeyaml:2.4
2025-08-10 18:00:49,789 [Worker-12: ソースおよび Javadoc のダウンロード] INFO  o.e.m.c.i.e.AbstractTransferListenerAdapter - Downloading https://repo.spring.io/snapshot/org/springframework/boot/spring-boot-test/4.0.0-SNAPSHOT/spring-boot-test-4.0.0-20250808.165659-372-sources.jar
2025-08-10 18:00:50,309 [Worker-12: ソースおよび Javadoc のダウンロード] INFO  o.e.m.c.i.e.AbstractTransferListenerAdapter - Downloaded https://repo.spring.io/snapshot/org/springframework/boot/spring-boot-test/4.0.0-SNAPSHOT/spring-boot-test-4.0.0-20250808.165659-372-sources.jar
2025-08-10 18:00:50,325 [Worker-12: ソースおよび Javadoc のダウンロード] INFO  o.e.m.j.internal.DownloadSourcesJob - Downloaded sources for org.springframework.boot:spring-boot-test:4.0.0-SNAPSHOT
2025-08-10 18:00:51,062 [Worker-12: ソースおよび Javadoc のダウンロード] INFO  o.e.m.c.i.e.AbstractTransferListenerAdapter - Downloading https://repo.spring.io/snapshot/org/springframework/boot/spring-boot-restclient-test/4.0.0-SNAPSHOT/spring-boot-restclient-test-4.0.0-20250808.165659-114-sources.jar
2025-08-10 18:00:51,069 [Worker-12: ソースおよび Javadoc のダウンロード] INFO  o.e.m.c.i.e.AbstractTransferListenerAdapter - Downloaded https://repo.spring.io/snapshot/org/springframework/boot/spring-boot-restclient-test/4.0.0-SNAPSHOT/spring-boot-restclient-test-4.0.0-20250808.165659-114-sources.jar
2025-08-10 18:00:51,124 [Worker-12: ソースおよび Javadoc のダウンロード] INFO  o.e.m.j.internal.DownloadSourcesJob - Downloaded sources for org.springframework.boot:spring-boot-restclient-test:4.0.0-SNAPSHOT
2025-08-10 18:00:52,484 [Worker-12: ソースおよび Javadoc のダウンロード] INFO  o.e.m.c.i.e.AbstractTransferListenerAdapter - Downloading https://repo.spring.io/snapshot/org/springframework/boot/spring-boot-test-autoconfigure/4.0.0-SNAPSHOT/spring-boot-test-autoconfigure-4.0.0-20250808.165659-372-sources.jar
2025-08-10 18:00:53,211 [Worker-12: ソースおよび Javadoc のダウンロード] INFO  o.e.m.c.i.e.AbstractTransferListenerAdapter - Downloaded https://repo.spring.io/snapshot/org/springframework/boot/spring-boot-test-autoconfigure/4.0.0-SNAPSHOT/spring-boot-test-autoconfigure-4.0.0-20250808.165659-372-sources.jar
2025-08-10 18:00:53,215 [Worker-12: ソースおよび Javadoc のダウンロード] INFO  o.e.m.j.internal.DownloadSourcesJob - Downloaded sources for org.springframework.boot:spring-boot-test-autoconfigure:4.0.0-SNAPSHOT
2025-08-10 18:00:53,970 [Worker-12: ソースおよび Javadoc のダウンロード] INFO  o.e.m.c.i.e.AbstractTransferListenerAdapter - Downloading https://repo.spring.io/snapshot/org/springframework/boot/spring-boot-web-server-test/4.0.0-SNAPSHOT/spring-boot-web-server-test-4.0.0-20250808.165659-127-sources.jar
2025-08-10 18:00:54,162 [Worker-12: ソースおよび Javadoc のダウンロード] INFO  o.e.m.c.i.e.AbstractTransferListenerAdapter - Downloaded https://repo.spring.io/snapshot/org/springframework/boot/spring-boot-web-server-test/4.0.0-SNAPSHOT/spring-boot-web-server-test-4.0.0-20250808.165659-127-sources.jar
2025-08-10 18:00:54,336 [Worker-12: ソースおよび Javadoc のダウンロード] INFO  o.e.m.j.internal.DownloadSourcesJob - Downloaded sources for org.springframework.boot:spring-boot-web-server-test:4.0.0-SNAPSHOT
2025-08-10 18:00:54,390 [Worker-12: ソースおよび Javadoc のダウンロード] INFO  o.e.m.c.i.e.AbstractTransferListenerAdapter - Downloading https://repo.maven.apache.org/maven2/com/jayway/jsonpath/json-path/2.9.0/json-path-2.9.0-sources.jar
2025-08-10 18:00:54,439 [Worker-12: ソースおよび Javadoc のダウンロード] INFO  o.e.m.c.i.e.AbstractTransferListenerAdapter - Downloaded https://repo.maven.apache.org/maven2/com/jayway/jsonpath/json-path/2.9.0/json-path-2.9.0-sources.jar
2025-08-10 18:00:54,442 [Worker-12: ソースおよび Javadoc のダウンロード] INFO  o.e.m.j.internal.DownloadSourcesJob - Downloaded sources for com.jayway.jsonpath:json-path:2.9.0
2025-08-10 18:00:54,490 [Worker-12: ソースおよび Javadoc のダウンロード] INFO  o.e.m.c.i.e.AbstractTransferListenerAdapter - Downloading https://repo.maven.apache.org/maven2/org/slf4j/slf4j-api/2.0.17/slf4j-api-2.0.17-sources.jar
2025-08-10 18:00:54,511 [Worker-12: ソースおよび Javadoc のダウンロード] INFO  o.e.m.c.i.e.AbstractTransferListenerAdapter - Downloaded https://repo.maven.apache.org/maven2/org/slf4j/slf4j-api/2.0.17/slf4j-api-2.0.17-sources.jar
2025-08-10 18:00:54,514 [Worker-12: ソースおよび Javadoc のダウンロード] INFO  o.e.m.j.internal.DownloadSourcesJob - Downloaded sources for org.slf4j:slf4j-api:2.0.17
2025-08-10 18:00:54,579 [Worker-12: ソースおよび Javadoc のダウンロード] INFO  o.e.m.c.i.e.AbstractTransferListenerAdapter - Downloading https://repo.maven.apache.org/maven2/jakarta/xml/bind/jakarta.xml.bind-api/4.0.2/jakarta.xml.bind-api-4.0.2-sources.jar
2025-08-10 18:00:54,633 [Worker-12: ソースおよび Javadoc のダウンロード] INFO  o.e.m.c.i.e.AbstractTransferListenerAdapter - Downloaded https://repo.maven.apache.org/maven2/jakarta/xml/bind/jakarta.xml.bind-api/4.0.2/jakarta.xml.bind-api-4.0.2-sources.jar
2025-08-10 18:00:54,635 [Worker-12: ソースおよび Javadoc のダウンロード] INFO  o.e.m.j.internal.DownloadSourcesJob - Downloaded sources for jakarta.xml.bind:jakarta.xml.bind-api:4.0.2
2025-08-10 18:00:54,693 [Worker-12: ソースおよび Javadoc のダウンロード] INFO  o.e.m.c.i.e.AbstractTransferListenerAdapter - Downloading https://repo.maven.apache.org/maven2/jakarta/activation/jakarta.activation-api/2.1.3/jakarta.activation-api-2.1.3-sources.jar
2025-08-10 18:00:54,714 [Worker-12: ソースおよび Javadoc のダウンロード] INFO  o.e.m.c.i.e.AbstractTransferListenerAdapter - Downloaded https://repo.maven.apache.org/maven2/jakarta/activation/jakarta.activation-api/2.1.3/jakarta.activation-api-2.1.3-sources.jar
2025-08-10 18:00:54,718 [Worker-12: ソースおよび Javadoc のダウンロード] INFO  o.e.m.j.internal.DownloadSourcesJob - Downloaded sources for jakarta.activation:jakarta.activation-api:2.1.3
2025-08-10 18:00:54,805 [Worker-12: ソースおよび Javadoc のダウンロード] INFO  o.e.m.c.i.e.AbstractTransferListenerAdapter - Downloading https://repo.maven.apache.org/maven2/net/minidev/json-smart/2.6.0/json-smart-2.6.0-sources.jar
2025-08-10 18:00:54,831 [Worker-12: ソースおよび Javadoc のダウンロード] INFO  o.e.m.c.i.e.AbstractTransferListenerAdapter - Downloaded https://repo.maven.apache.org/maven2/net/minidev/json-smart/2.6.0/json-smart-2.6.0-sources.jar
2025-08-10 18:00:54,835 [Worker-12: ソースおよび Javadoc のダウンロード] INFO  o.e.m.j.internal.DownloadSourcesJob - Downloaded sources for net.minidev:json-smart:2.6.0
2025-08-10 18:00:54,896 [Worker-12: ソースおよび Javadoc のダウンロード] INFO  o.e.m.c.i.e.AbstractTransferListenerAdapter - Downloading https://repo.maven.apache.org/maven2/net/minidev/accessors-smart/2.6.0/accessors-smart-2.6.0-sources.jar
2025-08-10 18:00:54,900 [Worker-12: ソースおよび Javadoc のダウンロード] INFO  o.e.m.c.i.e.AbstractTransferListenerAdapter - Downloaded https://repo.maven.apache.org/maven2/net/minidev/accessors-smart/2.6.0/accessors-smart-2.6.0-sources.jar
2025-08-10 18:00:54,907 [Worker-12: ソースおよび Javadoc のダウンロード] INFO  o.e.m.j.internal.DownloadSourcesJob - Downloaded sources for net.minidev:accessors-smart:2.6.0
2025-08-10 18:00:54,966 [Worker-12: ソースおよび Javadoc のダウンロード] INFO  o.e.m.c.i.e.AbstractTransferListenerAdapter - Downloading https://repo.maven.apache.org/maven2/org/ow2/asm/asm/9.7.1/asm-9.7.1-sources.jar
2025-08-10 18:00:55,011 [Worker-12: ソースおよび Javadoc のダウンロード] INFO  o.e.m.c.i.e.AbstractTransferListenerAdapter - Downloaded https://repo.maven.apache.org/maven2/org/ow2/asm/asm/9.7.1/asm-9.7.1-sources.jar
2025-08-10 18:00:55,015 [Worker-12: ソースおよび Javadoc のダウンロード] INFO  o.e.m.j.internal.DownloadSourcesJob - Downloaded sources for org.ow2.asm:asm:9.7.1
2025-08-10 18:00:55,067 [Worker-12: ソースおよび Javadoc のダウンロード] INFO  o.e.m.c.i.e.AbstractTransferListenerAdapter - Downloading https://repo.maven.apache.org/maven2/org/assertj/assertj-core/3.27.4/assertj-core-3.27.4-sources.jar
2025-08-10 18:00:55,264 [Worker-12: ソースおよび Javadoc のダウンロード] INFO  o.e.m.c.i.e.AbstractTransferListenerAdapter - Downloaded https://repo.maven.apache.org/maven2/org/assertj/assertj-core/3.27.4/assertj-core-3.27.4-sources.jar
2025-08-10 18:00:55,266 [Worker-12: ソースおよび Javadoc のダウンロード] INFO  o.e.m.j.internal.DownloadSourcesJob - Downloaded sources for org.assertj:assertj-core:3.27.4
2025-08-10 18:00:55,317 [Worker-12: ソースおよび Javadoc のダウンロード] INFO  o.e.m.c.i.e.AbstractTransferListenerAdapter - Downloading https://repo.maven.apache.org/maven2/net/bytebuddy/byte-buddy/1.17.6/byte-buddy-1.17.6-sources.jar
2025-08-10 18:00:55,651 [Worker-12: ソースおよび Javadoc のダウンロード] INFO  o.e.m.c.i.e.AbstractTransferListenerAdapter - Downloaded https://repo.maven.apache.org/maven2/net/bytebuddy/byte-buddy/1.17.6/byte-buddy-1.17.6-sources.jar
2025-08-10 18:00:55,655 [Worker-12: ソースおよび Javadoc のダウンロード] INFO  o.e.m.j.internal.DownloadSourcesJob - Downloaded sources for net.bytebuddy:byte-buddy:1.17.6
2025-08-10 18:00:55,707 [Worker-12: ソースおよび Javadoc のダウンロード] INFO  o.e.m.c.i.e.AbstractTransferListenerAdapter - Downloading https://repo.maven.apache.org/maven2/org/awaitility/awaitility/4.3.0/awaitility-4.3.0-sources.jar
2025-08-10 18:00:55,736 [Worker-12: ソースおよび Javadoc のダウンロード] INFO  o.e.m.c.i.e.AbstractTransferListenerAdapter - Downloaded https://repo.maven.apache.org/maven2/org/awaitility/awaitility/4.3.0/awaitility-4.3.0-sources.jar
2025-08-10 18:00:55,740 [Worker-12: ソースおよび Javadoc のダウンロード] INFO  o.e.m.j.internal.DownloadSourcesJob - Downloaded sources for org.awaitility:awaitility:4.3.0
2025-08-10 18:00:55,801 [Worker-12: ソースおよび Javadoc のダウンロード] INFO  o.e.m.c.i.e.AbstractTransferListenerAdapter - Downloading https://repo.maven.apache.org/maven2/org/hamcrest/hamcrest/3.0/hamcrest-3.0-sources.jar
2025-08-10 18:00:55,826 [Worker-12: ソースおよび Javadoc のダウンロード] INFO  o.e.m.c.i.e.AbstractTransferListenerAdapter - Downloaded https://repo.maven.apache.org/maven2/org/hamcrest/hamcrest/3.0/hamcrest-3.0-sources.jar
2025-08-10 18:00:55,830 [Worker-12: ソースおよび Javadoc のダウンロード] INFO  o.e.m.j.internal.DownloadSourcesJob - Downloaded sources for org.hamcrest:hamcrest:3.0
2025-08-10 18:00:55,891 [Worker-12: ソースおよび Javadoc のダウンロード] INFO  o.e.m.c.i.e.AbstractTransferListenerAdapter - Downloading https://repo.maven.apache.org/maven2/org/junit/jupiter/junit-jupiter/5.13.4/junit-jupiter-5.13.4-sources.jar
2025-08-10 18:00:55,895 [Worker-12: ソースおよび Javadoc のダウンロード] INFO  o.e.m.c.i.e.AbstractTransferListenerAdapter - Downloaded https://repo.maven.apache.org/maven2/org/junit/jupiter/junit-jupiter/5.13.4/junit-jupiter-5.13.4-sources.jar
2025-08-10 18:00:55,899 [Worker-12: ソースおよび Javadoc のダウンロード] INFO  o.e.m.j.internal.DownloadSourcesJob - Downloaded sources for org.junit.jupiter:junit-jupiter:5.13.4
2025-08-10 18:00:55,960 [Worker-12: ソースおよび Javadoc のダウンロード] INFO  o.e.m.c.i.e.AbstractTransferListenerAdapter - Downloading https://repo.maven.apache.org/maven2/org/junit/jupiter/junit-jupiter-api/5.13.4/junit-jupiter-api-5.13.4-sources.jar
2025-08-10 18:00:56,053 [Worker-12: ソースおよび Javadoc のダウンロード] INFO  o.e.m.c.i.e.AbstractTransferListenerAdapter - Downloaded https://repo.maven.apache.org/maven2/org/junit/jupiter/junit-jupiter-api/5.13.4/junit-jupiter-api-5.13.4-sources.jar
2025-08-10 18:00:56,058 [Worker-12: ソースおよび Javadoc のダウンロード] INFO  o.e.m.j.internal.DownloadSourcesJob - Downloaded sources for org.junit.jupiter:junit-jupiter-api:5.13.4
2025-08-10 18:00:56,117 [Worker-12: ソースおよび Javadoc のダウンロード] INFO  o.e.m.c.i.e.AbstractTransferListenerAdapter - Downloading https://repo.maven.apache.org/maven2/org/opentest4j/opentest4j/1.3.0/opentest4j-1.3.0-sources.jar
2025-08-10 18:00:56,123 [Worker-12: ソースおよび Javadoc のダウンロード] INFO  o.e.m.c.i.e.AbstractTransferListenerAdapter - Downloaded https://repo.maven.apache.org/maven2/org/opentest4j/opentest4j/1.3.0/opentest4j-1.3.0-sources.jar
2025-08-10 18:00:56,134 [Worker-12: ソースおよび Javadoc のダウンロード] INFO  o.e.m.j.internal.DownloadSourcesJob - Downloaded sources for org.opentest4j:opentest4j:1.3.0
2025-08-10 18:00:56,186 [Worker-12: ソースおよび Javadoc のダウンロード] INFO  o.e.m.c.i.e.AbstractTransferListenerAdapter - Downloading https://repo.maven.apache.org/maven2/org/junit/platform/junit-platform-commons/1.13.4/junit-platform-commons-1.13.4-sources.jar
2025-08-10 18:00:56,216 [Worker-12: ソースおよび Javadoc のダウンロード] INFO  o.e.m.c.i.e.AbstractTransferListenerAdapter - Downloaded https://repo.maven.apache.org/maven2/org/junit/platform/junit-platform-commons/1.13.4/junit-platform-commons-1.13.4-sources.jar
2025-08-10 18:00:56,220 [Worker-12: ソースおよび Javadoc のダウンロード] INFO  o.e.m.j.internal.DownloadSourcesJob - Downloaded sources for org.junit.platform:junit-platform-commons:1.13.4
2025-08-10 18:00:56,276 [Worker-12: ソースおよび Javadoc のダウンロード] INFO  o.e.m.c.i.e.AbstractTransferListenerAdapter - Downloading https://repo.maven.apache.org/maven2/org/apiguardian/apiguardian-api/1.1.2/apiguardian-api-1.1.2-sources.jar
2025-08-10 18:00:56,280 [Worker-12: ソースおよび Javadoc のダウンロード] INFO  o.e.m.c.i.e.AbstractTransferListenerAdapter - Downloaded https://repo.maven.apache.org/maven2/org/apiguardian/apiguardian-api/1.1.2/apiguardian-api-1.1.2-sources.jar
2025-08-10 18:00:56,285 [Worker-12: ソースおよび Javadoc のダウンロード] INFO  o.e.m.j.internal.DownloadSourcesJob - Downloaded sources for org.apiguardian:apiguardian-api:1.1.2
2025-08-10 18:00:56,344 [Worker-12: ソースおよび Javadoc のダウンロード] INFO  o.e.m.c.i.e.AbstractTransferListenerAdapter - Downloading https://repo.maven.apache.org/maven2/org/junit/jupiter/junit-jupiter-params/5.13.4/junit-jupiter-params-5.13.4-sources.jar
2025-08-10 18:00:56,386 [Worker-12: ソースおよび Javadoc のダウンロード] INFO  o.e.m.c.i.e.AbstractTransferListenerAdapter - Downloaded https://repo.maven.apache.org/maven2/org/junit/jupiter/junit-jupiter-params/5.13.4/junit-jupiter-params-5.13.4-sources.jar
2025-08-10 18:00:56,391 [Worker-12: ソースおよび Javadoc のダウンロード] INFO  o.e.m.j.internal.DownloadSourcesJob - Downloaded sources for org.junit.jupiter:junit-jupiter-params:5.13.4
2025-08-10 18:00:56,447 [Worker-12: ソースおよび Javadoc のダウンロード] INFO  o.e.m.c.i.e.AbstractTransferListenerAdapter - Downloading https://repo.maven.apache.org/maven2/org/junit/jupiter/junit-jupiter-engine/5.13.4/junit-jupiter-engine-5.13.4-sources.jar
2025-08-10 18:00:56,488 [Worker-12: ソースおよび Javadoc のダウンロード] INFO  o.e.m.c.i.e.AbstractTransferListenerAdapter - Downloaded https://repo.maven.apache.org/maven2/org/junit/jupiter/junit-jupiter-engine/5.13.4/junit-jupiter-engine-5.13.4-sources.jar
2025-08-10 18:00:56,493 [Worker-12: ソースおよび Javadoc のダウンロード] INFO  o.e.m.j.internal.DownloadSourcesJob - Downloaded sources for org.junit.jupiter:junit-jupiter-engine:5.13.4
2025-08-10 18:00:56,550 [Worker-12: ソースおよび Javadoc のダウンロード] INFO  o.e.m.c.i.e.AbstractTransferListenerAdapter - Downloading https://repo.maven.apache.org/maven2/org/junit/platform/junit-platform-engine/1.13.4/junit-platform-engine-1.13.4-sources.jar
2025-08-10 18:00:56,594 [Worker-12: ソースおよび Javadoc のダウンロード] INFO  o.e.m.c.i.e.AbstractTransferListenerAdapter - Downloaded https://repo.maven.apache.org/maven2/org/junit/platform/junit-platform-engine/1.13.4/junit-platform-engine-1.13.4-sources.jar
2025-08-10 18:00:56,598 [Worker-12: ソースおよび Javadoc のダウンロード] INFO  o.e.m.j.internal.DownloadSourcesJob - Downloaded sources for org.junit.platform:junit-platform-engine:1.13.4
2025-08-10 18:00:56,681 [Worker-12: ソースおよび Javadoc のダウンロード] INFO  o.e.m.c.i.e.AbstractTransferListenerAdapter - Downloading https://repo.maven.apache.org/maven2/org/mockito/mockito-core/5.18.0/mockito-core-5.18.0-sources.jar
2025-08-10 18:00:56,763 [Worker-12: ソースおよび Javadoc のダウンロード] INFO  o.e.m.c.i.e.AbstractTransferListenerAdapter - Downloaded https://repo.maven.apache.org/maven2/org/mockito/mockito-core/5.18.0/mockito-core-5.18.0-sources.jar
2025-08-10 18:00:56,765 [Worker-12: ソースおよび Javadoc のダウンロード] INFO  o.e.m.j.internal.DownloadSourcesJob - Downloaded sources for org.mockito:mockito-core:5.18.0
2025-08-10 18:00:56,818 [Worker-12: ソースおよび Javadoc のダウンロード] INFO  o.e.m.c.i.e.AbstractTransferListenerAdapter - Downloading https://repo.maven.apache.org/maven2/net/bytebuddy/byte-buddy-agent/1.17.6/byte-buddy-agent-1.17.6-sources.jar
2025-08-10 18:00:56,872 [Worker-12: ソースおよび Javadoc のダウンロード] INFO  o.e.m.c.i.e.AbstractTransferListenerAdapter - Downloaded https://repo.maven.apache.org/maven2/net/bytebuddy/byte-buddy-agent/1.17.6/byte-buddy-agent-1.17.6-sources.jar
2025-08-10 18:00:56,876 [Worker-12: ソースおよび Javadoc のダウンロード] INFO  o.e.m.j.internal.DownloadSourcesJob - Downloaded sources for net.bytebuddy:byte-buddy-agent:1.17.6
2025-08-10 18:00:56,930 [Worker-12: ソースおよび Javadoc のダウンロード] INFO  o.e.m.c.i.e.AbstractTransferListenerAdapter - Downloading https://repo.maven.apache.org/maven2/org/objenesis/objenesis/3.3/objenesis-3.3-sources.jar
2025-08-10 18:00:56,949 [Worker-12: ソースおよび Javadoc のダウンロード] INFO  o.e.m.c.i.e.AbstractTransferListenerAdapter - Downloaded https://repo.maven.apache.org/maven2/org/objenesis/objenesis/3.3/objenesis-3.3-sources.jar
2025-08-10 18:00:56,953 [Worker-12: ソースおよび Javadoc のダウンロード] INFO  o.e.m.j.internal.DownloadSourcesJob - Downloaded sources for org.objenesis:objenesis:3.3
2025-08-10 18:00:57,021 [Worker-12: ソースおよび Javadoc のダウンロード] INFO  o.e.m.c.i.e.AbstractTransferListenerAdapter - Downloading https://repo.maven.apache.org/maven2/org/mockito/mockito-junit-jupiter/5.18.0/mockito-junit-jupiter-5.18.0-sources.jar
2025-08-10 18:00:57,024 [Worker-12: ソースおよび Javadoc のダウンロード] INFO  o.e.m.c.i.e.AbstractTransferListenerAdapter - Downloaded https://repo.maven.apache.org/maven2/org/mockito/mockito-junit-jupiter/5.18.0/mockito-junit-jupiter-5.18.0-sources.jar
2025-08-10 18:00:57,028 [Worker-12: ソースおよび Javadoc のダウンロード] INFO  o.e.m.j.internal.DownloadSourcesJob - Downloaded sources for org.mockito:mockito-junit-jupiter:5.18.0
2025-08-10 18:00:57,084 [Worker-12: ソースおよび Javadoc のダウンロード] INFO  o.e.m.c.i.e.AbstractTransferListenerAdapter - Downloading https://repo.maven.apache.org/maven2/org/skyscreamer/jsonassert/1.5.3/jsonassert-1.5.3-sources.jar
2025-08-10 18:00:57,090 [Worker-12: ソースおよび Javadoc のダウンロード] INFO  o.e.m.c.i.e.AbstractTransferListenerAdapter - Downloaded https://repo.maven.apache.org/maven2/org/skyscreamer/jsonassert/1.5.3/jsonassert-1.5.3-sources.jar
2025-08-10 18:00:57,092 [Worker-12: ソースおよび Javadoc のダウンロード] INFO  o.e.m.j.internal.DownloadSourcesJob - Downloaded sources for org.skyscreamer:jsonassert:1.5.3
2025-08-10 18:00:57,147 [Worker-12: ソースおよび Javadoc のダウンロード] INFO  o.e.m.c.i.e.AbstractTransferListenerAdapter - Downloading https://repo.maven.apache.org/maven2/com/vaadin/external/google/android-json/0.0.20131108.vaadin1/android-json-0.0.20131108.vaadin1-sources.jar
2025-08-10 18:00:57,150 [Worker-12: ソースおよび Javadoc のダウンロード] INFO  o.e.m.c.i.e.AbstractTransferListenerAdapter - Downloaded https://repo.maven.apache.org/maven2/com/vaadin/external/google/android-json/0.0.20131108.vaadin1/android-json-0.0.20131108.vaadin1-sources.jar
2025-08-10 18:00:57,153 [Worker-12: ソースおよび Javadoc のダウンロード] INFO  o.e.m.j.internal.DownloadSourcesJob - Downloaded sources for com.vaadin.external.google:android-json:0.0.20131108.vaadin1
2025-08-10 18:00:58,488 [Worker-12: ソースおよび Javadoc のダウンロード] INFO  o.e.m.c.i.e.AbstractTransferListenerAdapter - Downloading https://repo.spring.io/snapshot/org/springframework/spring-core/7.0.0-SNAPSHOT/spring-core-7.0.0-20250806.191428-793-sources.jar
2025-08-10 18:00:59,819 [Worker-12: ソースおよび Javadoc のダウンロード] INFO  o.e.m.c.i.e.AbstractTransferListenerAdapter - Downloaded https://repo.spring.io/snapshot/org/springframework/spring-core/7.0.0-SNAPSHOT/spring-core-7.0.0-20250806.191428-793-sources.jar
2025-08-10 18:00:59,823 [Worker-12: ソースおよび Javadoc のダウンロード] INFO  o.e.m.j.internal.DownloadSourcesJob - Downloaded sources for org.springframework:spring-core:7.0.0-SNAPSHOT
2025-08-10 18:00:59,876 [Worker-12: ソースおよび Javadoc のダウンロード] INFO  o.e.m.c.i.e.AbstractTransferListenerAdapter - Downloading https://repo.maven.apache.org/maven2/commons-logging/commons-logging/1.3.5/commons-logging-1.3.5-sources.jar
2025-08-10 18:00:59,901 [Worker-12: ソースおよび Javadoc のダウンロード] INFO  o.e.m.c.i.e.AbstractTransferListenerAdapter - Downloaded https://repo.maven.apache.org/maven2/commons-logging/commons-logging/1.3.5/commons-logging-1.3.5-sources.jar
2025-08-10 18:00:59,904 [Worker-12: ソースおよび Javadoc のダウンロード] INFO  o.e.m.j.internal.DownloadSourcesJob - Downloaded sources for commons-logging:commons-logging:1.3.5
2025-08-10 18:00:59,963 [Worker-12: ソースおよび Javadoc のダウンロード] INFO  o.e.m.c.i.e.AbstractTransferListenerAdapter - Downloading https://repo.maven.apache.org/maven2/org/jspecify/jspecify/1.0.0/jspecify-1.0.0-sources.jar
2025-08-10 18:00:59,969 [Worker-12: ソースおよび Javadoc のダウンロード] INFO  o.e.m.c.i.e.AbstractTransferListenerAdapter - Downloaded https://repo.maven.apache.org/maven2/org/jspecify/jspecify/1.0.0/jspecify-1.0.0-sources.jar
2025-08-10 18:00:59,973 [Worker-12: ソースおよび Javadoc のダウンロード] INFO  o.e.m.j.internal.DownloadSourcesJob - Downloaded sources for org.jspecify:jspecify:1.0.0
2025-08-10 18:01:01,381 [Worker-12: ソースおよび Javadoc のダウンロード] INFO  o.e.m.c.i.e.AbstractTransferListenerAdapter - Downloading https://repo.spring.io/snapshot/org/springframework/spring-test/7.0.0-SNAPSHOT/spring-test-7.0.0-20250806.191428-793-sources.jar
2025-08-10 18:01:02,475 [Worker-12: ソースおよび Javadoc のダウンロード] INFO  o.e.m.c.i.e.AbstractTransferListenerAdapter - Downloaded https://repo.spring.io/snapshot/org/springframework/spring-test/7.0.0-SNAPSHOT/spring-test-7.0.0-20250806.191428-793-sources.jar
2025-08-10 18:01:02,480 [Worker-12: ソースおよび Javadoc のダウンロード] INFO  o.e.m.j.internal.DownloadSourcesJob - Downloaded sources for org.springframework:spring-test:7.0.0-SNAPSHOT
2025-08-10 18:01:02,539 [Worker-12: ソースおよび Javadoc のダウンロード] INFO  o.e.m.c.i.e.AbstractTransferListenerAdapter - Downloading https://repo.maven.apache.org/maven2/org/xmlunit/xmlunit-core/2.10.3/xmlunit-core-2.10.3-sources.jar
2025-08-10 18:01:02,577 [Worker-12: ソースおよび Javadoc のダウンロード] INFO  o.e.m.c.i.e.AbstractTransferListenerAdapter - Downloaded https://repo.maven.apache.org/maven2/org/xmlunit/xmlunit-core/2.10.3/xmlunit-core-2.10.3-sources.jar
2025-08-10 18:01:02,581 [Worker-12: ソースおよび Javadoc のダウンロード] INFO  o.e.m.j.internal.DownloadSourcesJob - Downloaded sources for org.xmlunit:xmlunit-core:2.10.3
2025-08-10 18:02:19,629 [Worker-14: ビルド] INFO  o.a.m.s.f.DefaultMavenResourcesFiltering - Copying 1 resource from src\main\resources to target\classes
2025-08-10 18:02:19,633 [Worker-14: ビルド] INFO  o.a.m.s.f.DefaultMavenResourcesFiltering - Copying 0 resource from src\main\resources to target\classes
2025-08-10 18:02:19,636 [Worker-14: ビルド] INFO  o.a.m.s.f.DefaultMavenResourcesFiltering - skip non existing resourceDirectory C:\PG練習\Java\demo\src\test\resources
2025-08-10 18:03:02,655 [Worker-8: ビルド] INFO  o.a.m.s.f.DefaultMavenResourcesFiltering - Copying 1 resource from src\main\resources to target\classes
2025-08-10 18:03:02,659 [Worker-8: ビルド] INFO  o.a.m.s.f.DefaultMavenResourcesFiltering - Copying 0 resource from src\main\resources to target\classes
2025-08-10 18:03:02,661 [Worker-8: ビルド] INFO  o.a.m.s.f.DefaultMavenResourcesFiltering - skip non existing resourceDirectory C:\PG練習\Java\demo\src\test\resources
2025-08-10 18:03:33,433 [Worker-8: ビルド] INFO  o.e.m.c.i.e.AbstractTransferListenerAdapter - Downloading https://repo.maven.apache.org/maven2/org/springframework/boot/spring-boot-starter-parent/3.2.0/spring-boot-starter-parent-3.2.0.pom
2025-08-10 18:03:33,439 [Worker-8: ビルド] INFO  o.e.m.c.i.e.AbstractTransferListenerAdapter - Downloaded https://repo.maven.apache.org/maven2/org/springframework/boot/spring-boot-starter-parent/3.2.0/spring-boot-starter-parent-3.2.0.pom
2025-08-10 18:03:33,458 [Worker-8: ビルド] INFO  o.e.m.c.i.e.AbstractTransferListenerAdapter - Downloading https://repo.maven.apache.org/maven2/org/springframework/boot/spring-boot-dependencies/3.2.0/spring-boot-dependencies-3.2.0.pom
2025-08-10 18:03:33,486 [Worker-8: ビルド] INFO  o.e.m.c.i.e.AbstractTransferListenerAdapter - Downloaded https://repo.maven.apache.org/maven2/org/springframework/boot/spring-boot-dependencies/3.2.0/spring-boot-dependencies-3.2.0.pom
2025-08-10 18:03:33,522 [Worker-8: ビルド] INFO  o.e.m.c.i.e.AbstractTransferListenerAdapter - Downloading https://repo.maven.apache.org/maven2/org/assertj/assertj-bom/3.24.2/assertj-bom-3.24.2.pom
2025-08-10 18:03:33,525 [Worker-8: ビルド] INFO  o.e.m.c.i.e.AbstractTransferListenerAdapter - Downloaded https://repo.maven.apache.org/maven2/org/assertj/assertj-bom/3.24.2/assertj-bom-3.24.2.pom
2025-08-10 18:03:33,546 [Worker-8: ビルド] INFO  o.e.m.c.i.e.AbstractTransferListenerAdapter - Downloading https://repo.maven.apache.org/maven2/io/zipkin/brave/brave-bom/5.16.0/brave-bom-5.16.0.pom
2025-08-10 18:03:33,548 [Worker-8: ビルド] INFO  o.e.m.c.i.e.AbstractTransferListenerAdapter - Downloaded https://repo.maven.apache.org/maven2/io/zipkin/brave/brave-bom/5.16.0/brave-bom-5.16.0.pom
2025-08-10 18:03:33,568 [Worker-8: ビルド] INFO  o.e.m.c.i.e.AbstractTransferListenerAdapter - Downloading https://repo.maven.apache.org/maven2/io/zipkin/reporter2/zipkin-reporter-bom/2.16.3/zipkin-reporter-bom-2.16.3.pom
2025-08-10 18:03:33,572 [Worker-8: ビルド] INFO  o.e.m.c.i.e.AbstractTransferListenerAdapter - Downloaded https://repo.maven.apache.org/maven2/io/zipkin/reporter2/zipkin-reporter-bom/2.16.3/zipkin-reporter-bom-2.16.3.pom
2025-08-10 18:03:33,594 [Worker-8: ビルド] INFO  o.e.m.c.i.e.AbstractTransferListenerAdapter - Downloading https://repo.maven.apache.org/maven2/com/datastax/oss/java-driver-bom/4.17.0/java-driver-bom-4.17.0.pom
2025-08-10 18:03:33,598 [Worker-8: ビルド] INFO  o.e.m.c.i.e.AbstractTransferListenerAdapter - Downloaded https://repo.maven.apache.org/maven2/com/datastax/oss/java-driver-bom/4.17.0/java-driver-bom-4.17.0.pom
2025-08-10 18:03:33,632 [Worker-8: ビルド] INFO  o.e.m.c.i.e.AbstractTransferListenerAdapter - Downloading https://repo.maven.apache.org/maven2/io/dropwizard/metrics/metrics-bom/4.2.22/metrics-bom-4.2.22.pom
2025-08-10 18:03:33,638 [Worker-8: ビルド] INFO  o.e.m.c.i.e.AbstractTransferListenerAdapter - Downloaded https://repo.maven.apache.org/maven2/io/dropwizard/metrics/metrics-bom/4.2.22/metrics-bom-4.2.22.pom
2025-08-10 18:03:33,659 [Worker-8: ビルド] INFO  o.e.m.c.i.e.AbstractTransferListenerAdapter - Downloading https://repo.maven.apache.org/maven2/io/dropwizard/metrics/metrics-parent/4.2.22/metrics-parent-4.2.22.pom
2025-08-10 18:03:33,662 [Worker-8: ビルド] INFO  o.e.m.c.i.e.AbstractTransferListenerAdapter - Downloaded https://repo.maven.apache.org/maven2/io/dropwizard/metrics/metrics-parent/4.2.22/metrics-parent-4.2.22.pom
2025-08-10 18:03:33,683 [Worker-8: ビルド] INFO  o.e.m.c.i.e.AbstractTransferListenerAdapter - Downloading https://repo.maven.apache.org/maven2/org/glassfish/jaxb/jaxb-bom/4.0.4/jaxb-bom-4.0.4.pom
2025-08-10 18:03:33,688 [Worker-8: ビルド] INFO  o.e.m.c.i.e.AbstractTransferListenerAdapter - Downloaded https://repo.maven.apache.org/maven2/org/glassfish/jaxb/jaxb-bom/4.0.4/jaxb-bom-4.0.4.pom
2025-08-10 18:03:33,707 [Worker-8: ビルド] INFO  o.e.m.c.i.e.AbstractTransferListenerAdapter - Downloading https://repo.maven.apache.org/maven2/org/eclipse/ee4j/project/1.0.8/project-1.0.8.pom
2025-08-10 18:03:33,711 [Worker-8: ビルド] INFO  o.e.m.c.i.e.AbstractTransferListenerAdapter - Downloaded https://repo.maven.apache.org/maven2/org/eclipse/ee4j/project/1.0.8/project-1.0.8.pom
2025-08-10 18:03:33,734 [Worker-8: ビルド] INFO  o.e.m.c.i.e.AbstractTransferListenerAdapter - Downloading https://repo.maven.apache.org/maven2/org/apache/groovy/groovy-bom/4.0.15/groovy-bom-4.0.15.pom
2025-08-10 18:03:33,739 [Worker-8: ビルド] INFO  o.e.m.c.i.e.AbstractTransferListenerAdapter - Downloaded https://repo.maven.apache.org/maven2/org/apache/groovy/groovy-bom/4.0.15/groovy-bom-4.0.15.pom
2025-08-10 18:03:33,759 [Worker-8: ビルド] INFO  o.e.m.c.i.e.AbstractTransferListenerAdapter - Downloading https://repo.maven.apache.org/maven2/org/infinispan/infinispan-bom/14.0.21.Final/infinispan-bom-14.0.21.Final.pom
2025-08-10 18:03:33,762 [Worker-8: ビルド] INFO  o.e.m.c.i.e.AbstractTransferListenerAdapter - Downloaded https://repo.maven.apache.org/maven2/org/infinispan/infinispan-bom/14.0.21.Final/infinispan-bom-14.0.21.Final.pom
2025-08-10 18:03:33,783 [Worker-8: ビルド] INFO  o.e.m.c.i.e.AbstractTransferListenerAdapter - Downloading https://repo.maven.apache.org/maven2/org/infinispan/infinispan-build-configuration-parent/14.0.21.Final/infinispan-build-configuration-parent-14.0.21.Final.pom
2025-08-10 18:03:33,786 [Worker-8: ビルド] INFO  o.e.m.c.i.e.AbstractTransferListenerAdapter - Downloaded https://repo.maven.apache.org/maven2/org/infinispan/infinispan-build-configuration-parent/14.0.21.Final/infinispan-build-configuration-parent-14.0.21.Final.pom
2025-08-10 18:03:33,807 [Worker-8: ビルド] INFO  o.e.m.c.i.e.AbstractTransferListenerAdapter - Downloading https://repo.maven.apache.org/maven2/org/jboss/jboss-parent/39/jboss-parent-39.pom
2025-08-10 18:03:33,819 [Worker-8: ビルド] INFO  o.e.m.c.i.e.AbstractTransferListenerAdapter - Downloaded https://repo.maven.apache.org/maven2/org/jboss/jboss-parent/39/jboss-parent-39.pom
2025-08-10 18:03:33,849 [Worker-8: ビルド] INFO  o.e.m.c.i.e.AbstractTransferListenerAdapter - Downloading https://repo.maven.apache.org/maven2/com/fasterxml/jackson/jackson-bom/2.15.3/jackson-bom-2.15.3.pom
2025-08-10 18:03:33,854 [Worker-8: ビルド] INFO  o.e.m.c.i.e.AbstractTransferListenerAdapter - Downloaded https://repo.maven.apache.org/maven2/com/fasterxml/jackson/jackson-bom/2.15.3/jackson-bom-2.15.3.pom
2025-08-10 18:03:33,876 [Worker-8: ビルド] INFO  o.e.m.c.i.e.AbstractTransferListenerAdapter - Downloading https://repo.maven.apache.org/maven2/com/fasterxml/jackson/jackson-parent/2.15/jackson-parent-2.15.pom
2025-08-10 18:03:33,879 [Worker-8: ビルド] INFO  o.e.m.c.i.e.AbstractTransferListenerAdapter - Downloaded https://repo.maven.apache.org/maven2/com/fasterxml/jackson/jackson-parent/2.15/jackson-parent-2.15.pom
2025-08-10 18:03:33,905 [Worker-8: ビルド] INFO  o.e.m.c.i.e.AbstractTransferListenerAdapter - Downloading https://repo.maven.apache.org/maven2/com/fasterxml/oss-parent/50/oss-parent-50.pom
2025-08-10 18:03:33,908 [Worker-8: ビルド] INFO  o.e.m.c.i.e.AbstractTransferListenerAdapter - Downloaded https://repo.maven.apache.org/maven2/com/fasterxml/oss-parent/50/oss-parent-50.pom
2025-08-10 18:03:33,931 [Worker-8: ビルド] INFO  o.e.m.c.i.e.AbstractTransferListenerAdapter - Downloading https://repo.maven.apache.org/maven2/org/glassfish/jersey/jersey-bom/3.1.3/jersey-bom-3.1.3.pom
2025-08-10 18:03:33,938 [Worker-8: ビルド] INFO  o.e.m.c.i.e.AbstractTransferListenerAdapter - Downloaded https://repo.maven.apache.org/maven2/org/glassfish/jersey/jersey-bom/3.1.3/jersey-bom-3.1.3.pom
2025-08-10 18:03:33,960 [Worker-8: ビルド] INFO  o.e.m.c.i.e.AbstractTransferListenerAdapter - Downloading https://repo.maven.apache.org/maven2/org/eclipse/jetty/ee10/jetty-ee10-bom/12.0.3/jetty-ee10-bom-12.0.3.pom
2025-08-10 18:03:33,962 [Worker-8: ビルド] INFO  o.e.m.c.i.e.AbstractTransferListenerAdapter - Downloaded https://repo.maven.apache.org/maven2/org/eclipse/jetty/ee10/jetty-ee10-bom/12.0.3/jetty-ee10-bom-12.0.3.pom
2025-08-10 18:03:34,006 [Worker-8: ビルド] INFO  o.e.m.c.i.e.AbstractTransferListenerAdapter - Downloading https://repo.maven.apache.org/maven2/org/eclipse/jetty/jetty-bom/12.0.3/jetty-bom-12.0.3.pom
2025-08-10 18:03:34,012 [Worker-8: ビルド] INFO  o.e.m.c.i.e.AbstractTransferListenerAdapter - Downloaded https://repo.maven.apache.org/maven2/org/eclipse/jetty/jetty-bom/12.0.3/jetty-bom-12.0.3.pom
2025-08-10 18:03:34,038 [Worker-8: ビルド] INFO  o.e.m.c.i.e.AbstractTransferListenerAdapter - Downloading https://repo.maven.apache.org/maven2/org/jetbrains/kotlin/kotlin-bom/1.9.20/kotlin-bom-1.9.20.pom
2025-08-10 18:03:34,041 [Worker-8: ビルド] INFO  o.e.m.c.i.e.AbstractTransferListenerAdapter - Downloaded https://repo.maven.apache.org/maven2/org/jetbrains/kotlin/kotlin-bom/1.9.20/kotlin-bom-1.9.20.pom
2025-08-10 18:03:34,062 [Worker-8: ビルド] INFO  o.e.m.c.i.e.AbstractTransferListenerAdapter - Downloading https://repo.maven.apache.org/maven2/org/jetbrains/kotlinx/kotlinx-coroutines-bom/1.7.3/kotlinx-coroutines-bom-1.7.3.pom
2025-08-10 18:03:34,065 [Worker-8: ビルド] INFO  o.e.m.c.i.e.AbstractTransferListenerAdapter - Downloaded https://repo.maven.apache.org/maven2/org/jetbrains/kotlinx/kotlinx-coroutines-bom/1.7.3/kotlinx-coroutines-bom-1.7.3.pom
2025-08-10 18:03:34,086 [Worker-8: ビルド] INFO  o.e.m.c.i.e.AbstractTransferListenerAdapter - Downloading https://repo.maven.apache.org/maven2/org/jetbrains/kotlinx/kotlinx-serialization-bom/1.6.1/kotlinx-serialization-bom-1.6.1.pom
2025-08-10 18:03:34,089 [Worker-8: ビルド] INFO  o.e.m.c.i.e.AbstractTransferListenerAdapter - Downloaded https://repo.maven.apache.org/maven2/org/jetbrains/kotlinx/kotlinx-serialization-bom/1.6.1/kotlinx-serialization-bom-1.6.1.pom
2025-08-10 18:03:34,109 [Worker-8: ビルド] INFO  o.e.m.c.i.e.AbstractTransferListenerAdapter - Downloading https://repo.maven.apache.org/maven2/org/apache/logging/log4j/log4j-bom/2.21.1/log4j-bom-2.21.1.pom
2025-08-10 18:03:34,115 [Worker-8: ビルド] INFO  o.e.m.c.i.e.AbstractTransferListenerAdapter - Downloaded https://repo.maven.apache.org/maven2/org/apache/logging/log4j/log4j-bom/2.21.1/log4j-bom-2.21.1.pom
2025-08-10 18:03:34,137 [Worker-8: ビルド] INFO  o.e.m.c.i.e.AbstractTransferListenerAdapter - Downloading https://repo.maven.apache.org/maven2/org/apache/logging/logging-parent/10.1.1/logging-parent-10.1.1.pom
2025-08-10 18:03:34,155 [Worker-8: ビルド] INFO  o.e.m.c.i.e.AbstractTransferListenerAdapter - Downloaded https://repo.maven.apache.org/maven2/org/apache/logging/logging-parent/10.1.1/logging-parent-10.1.1.pom
2025-08-10 18:03:34,184 [Worker-8: ビルド] INFO  o.e.m.c.i.e.AbstractTransferListenerAdapter - Downloading https://repo.maven.apache.org/maven2/io/micrometer/micrometer-bom/1.12.0/micrometer-bom-1.12.0.pom
2025-08-10 18:03:34,188 [Worker-8: ビルド] INFO  o.e.m.c.i.e.AbstractTransferListenerAdapter - Downloaded https://repo.maven.apache.org/maven2/io/micrometer/micrometer-bom/1.12.0/micrometer-bom-1.12.0.pom
2025-08-10 18:03:34,210 [Worker-8: ビルド] INFO  o.e.m.c.i.e.AbstractTransferListenerAdapter - Downloading https://repo.maven.apache.org/maven2/io/micrometer/micrometer-tracing-bom/1.2.0/micrometer-tracing-bom-1.2.0.pom
2025-08-10 18:03:34,213 [Worker-8: ビルド] INFO  o.e.m.c.i.e.AbstractTransferListenerAdapter - Downloaded https://repo.maven.apache.org/maven2/io/micrometer/micrometer-tracing-bom/1.2.0/micrometer-tracing-bom-1.2.0.pom
2025-08-10 18:03:34,236 [Worker-8: ビルド] INFO  o.e.m.c.i.e.AbstractTransferListenerAdapter - Downloading https://repo.maven.apache.org/maven2/org/mockito/mockito-bom/5.7.0/mockito-bom-5.7.0.pom
2025-08-10 18:03:34,240 [Worker-8: ビルド] INFO  o.e.m.c.i.e.AbstractTransferListenerAdapter - Downloaded https://repo.maven.apache.org/maven2/org/mockito/mockito-bom/5.7.0/mockito-bom-5.7.0.pom
2025-08-10 18:03:34,262 [Worker-8: ビルド] INFO  o.e.m.c.i.e.AbstractTransferListenerAdapter - Downloading https://repo.maven.apache.org/maven2/io/netty/netty-bom/4.1.101.Final/netty-bom-4.1.101.Final.pom
2025-08-10 18:03:34,265 [Worker-8: ビルド] INFO  o.e.m.c.i.e.AbstractTransferListenerAdapter - Downloaded https://repo.maven.apache.org/maven2/io/netty/netty-bom/4.1.101.Final/netty-bom-4.1.101.Final.pom
2025-08-10 18:03:34,288 [Worker-8: ビルド] INFO  o.e.m.c.i.e.AbstractTransferListenerAdapter - Downloading https://repo.maven.apache.org/maven2/com/squareup/okhttp3/okhttp-bom/4.12.0/okhttp-bom-4.12.0.pom
2025-08-10 18:03:34,290 [Worker-8: ビルド] INFO  o.e.m.c.i.e.AbstractTransferListenerAdapter - Downloaded https://repo.maven.apache.org/maven2/com/squareup/okhttp3/okhttp-bom/4.12.0/okhttp-bom-4.12.0.pom
2025-08-10 18:03:34,313 [Worker-8: ビルド] INFO  o.e.m.c.i.e.AbstractTransferListenerAdapter - Downloading https://repo.maven.apache.org/maven2/io/opentelemetry/opentelemetry-bom/1.31.0/opentelemetry-bom-1.31.0.pom
2025-08-10 18:03:34,315 [Worker-8: ビルド] INFO  o.e.m.c.i.e.AbstractTransferListenerAdapter - Downloaded https://repo.maven.apache.org/maven2/io/opentelemetry/opentelemetry-bom/1.31.0/opentelemetry-bom-1.31.0.pom
2025-08-10 18:03:34,337 [Worker-8: ビルド] INFO  o.e.m.c.i.e.AbstractTransferListenerAdapter - Downloading https://repo.maven.apache.org/maven2/com/oracle/database/jdbc/ojdbc-bom/23.3.0.23.09/ojdbc-bom-23.3.0.23.09.pom
2025-08-10 18:03:34,340 [Worker-8: ビルド] INFO  o.e.m.c.i.e.AbstractTransferListenerAdapter - Downloaded https://repo.maven.apache.org/maven2/com/oracle/database/jdbc/ojdbc-bom/23.3.0.23.09/ojdbc-bom-23.3.0.23.09.pom
2025-08-10 18:03:34,365 [Worker-8: ビルド] INFO  o.e.m.c.i.e.AbstractTransferListenerAdapter - Downloading https://repo.maven.apache.org/maven2/com/querydsl/querydsl-bom/5.0.0/querydsl-bom-5.0.0.pom
2025-08-10 18:03:34,367 [Worker-8: ビルド] INFO  o.e.m.c.i.e.AbstractTransferListenerAdapter - Downloaded https://repo.maven.apache.org/maven2/com/querydsl/querydsl-bom/5.0.0/querydsl-bom-5.0.0.pom
2025-08-10 18:03:34,389 [Worker-8: ビルド] INFO  o.e.m.c.i.e.AbstractTransferListenerAdapter - Downloading https://repo.maven.apache.org/maven2/io/projectreactor/reactor-bom/2023.0.0/reactor-bom-2023.0.0.pom
2025-08-10 18:03:34,391 [Worker-8: ビルド] INFO  o.e.m.c.i.e.AbstractTransferListenerAdapter - Downloaded https://repo.maven.apache.org/maven2/io/projectreactor/reactor-bom/2023.0.0/reactor-bom-2023.0.0.pom
2025-08-10 18:03:34,410 [Worker-8: ビルド] INFO  o.e.m.c.i.e.AbstractTransferListenerAdapter - Downloading https://repo.maven.apache.org/maven2/io/rest-assured/rest-assured-bom/5.3.2/rest-assured-bom-5.3.2.pom
2025-08-10 18:03:34,413 [Worker-8: ビルド] INFO  o.e.m.c.i.e.AbstractTransferListenerAdapter - Downloaded https://repo.maven.apache.org/maven2/io/rest-assured/rest-assured-bom/5.3.2/rest-assured-bom-5.3.2.pom
2025-08-10 18:03:34,431 [Worker-8: ビルド] INFO  o.e.m.c.i.e.AbstractTransferListenerAdapter - Downloading https://repo.maven.apache.org/maven2/io/rsocket/rsocket-bom/1.1.3/rsocket-bom-1.1.3.pom
2025-08-10 18:03:34,433 [Worker-8: ビルド] INFO  o.e.m.c.i.e.AbstractTransferListenerAdapter - Downloaded https://repo.maven.apache.org/maven2/io/rsocket/rsocket-bom/1.1.3/rsocket-bom-1.1.3.pom
2025-08-10 18:03:34,459 [Worker-8: ビルド] INFO  o.e.m.c.i.e.AbstractTransferListenerAdapter - Downloading https://repo.maven.apache.org/maven2/org/seleniumhq/selenium/selenium-bom/4.14.1/selenium-bom-4.14.1.pom
2025-08-10 18:03:34,462 [Worker-8: ビルド] INFO  o.e.m.c.i.e.AbstractTransferListenerAdapter - Downloaded https://repo.maven.apache.org/maven2/org/seleniumhq/selenium/selenium-bom/4.14.1/selenium-bom-4.14.1.pom
2025-08-10 18:03:34,481 [Worker-8: ビルド] INFO  o.e.m.c.i.e.AbstractTransferListenerAdapter - Downloading https://repo.maven.apache.org/maven2/org/springframework/amqp/spring-amqp-bom/3.1.0/spring-amqp-bom-3.1.0.pom
2025-08-10 18:03:34,484 [Worker-8: ビルド] INFO  o.e.m.c.i.e.AbstractTransferListenerAdapter - Downloaded https://repo.maven.apache.org/maven2/org/springframework/amqp/spring-amqp-bom/3.1.0/spring-amqp-bom-3.1.0.pom
2025-08-10 18:03:34,505 [Worker-8: ビルド] INFO  o.e.m.c.i.e.AbstractTransferListenerAdapter - Downloading https://repo.maven.apache.org/maven2/org/springframework/batch/spring-batch-bom/5.1.0/spring-batch-bom-5.1.0.pom
2025-08-10 18:03:34,508 [Worker-8: ビルド] INFO  o.e.m.c.i.e.AbstractTransferListenerAdapter - Downloaded https://repo.maven.apache.org/maven2/org/springframework/batch/spring-batch-bom/5.1.0/spring-batch-bom-5.1.0.pom
2025-08-10 18:03:34,532 [Worker-8: ビルド] INFO  o.e.m.c.i.e.AbstractTransferListenerAdapter - Downloading https://repo.maven.apache.org/maven2/org/springframework/data/spring-data-bom/2023.1.0/spring-data-bom-2023.1.0.pom
2025-08-10 18:03:34,535 [Worker-8: ビルド] INFO  o.e.m.c.i.e.AbstractTransferListenerAdapter - Downloaded https://repo.maven.apache.org/maven2/org/springframework/data/spring-data-bom/2023.1.0/spring-data-bom-2023.1.0.pom
2025-08-10 18:03:34,558 [Worker-8: ビルド] INFO  o.e.m.c.i.e.AbstractTransferListenerAdapter - Downloading https://repo.maven.apache.org/maven2/org/springframework/spring-framework-bom/6.1.1/spring-framework-bom-6.1.1.pom
2025-08-10 18:03:34,561 [Worker-8: ビルド] INFO  o.e.m.c.i.e.AbstractTransferListenerAdapter - Downloaded https://repo.maven.apache.org/maven2/org/springframework/spring-framework-bom/6.1.1/spring-framework-bom-6.1.1.pom
2025-08-10 18:03:34,587 [Worker-8: ビルド] INFO  o.e.m.c.i.e.AbstractTransferListenerAdapter - Downloading https://repo.maven.apache.org/maven2/org/springframework/integration/spring-integration-bom/6.2.0/spring-integration-bom-6.2.0.pom
2025-08-10 18:03:34,590 [Worker-8: ビルド] INFO  o.e.m.c.i.e.AbstractTransferListenerAdapter - Downloaded https://repo.maven.apache.org/maven2/org/springframework/integration/spring-integration-bom/6.2.0/spring-integration-bom-6.2.0.pom
2025-08-10 18:03:34,611 [Worker-8: ビルド] INFO  o.e.m.c.i.e.AbstractTransferListenerAdapter - Downloading https://repo.maven.apache.org/maven2/org/springframework/restdocs/spring-restdocs-bom/3.0.1/spring-restdocs-bom-3.0.1.pom
2025-08-10 18:03:34,614 [Worker-8: ビルド] INFO  o.e.m.c.i.e.AbstractTransferListenerAdapter - Downloaded https://repo.maven.apache.org/maven2/org/springframework/restdocs/spring-restdocs-bom/3.0.1/spring-restdocs-bom-3.0.1.pom
2025-08-10 18:03:34,632 [Worker-8: ビルド] INFO  o.e.m.c.i.e.AbstractTransferListenerAdapter - Downloading https://repo.maven.apache.org/maven2/org/springframework/security/spring-security-bom/6.2.0/spring-security-bom-6.2.0.pom
2025-08-10 18:03:34,634 [Worker-8: ビルド] INFO  o.e.m.c.i.e.AbstractTransferListenerAdapter - Downloaded https://repo.maven.apache.org/maven2/org/springframework/security/spring-security-bom/6.2.0/spring-security-bom-6.2.0.pom
2025-08-10 18:03:34,656 [Worker-8: ビルド] INFO  o.e.m.c.i.e.AbstractTransferListenerAdapter - Downloading https://repo.maven.apache.org/maven2/org/springframework/session/spring-session-bom/3.2.0/spring-session-bom-3.2.0.pom
2025-08-10 18:03:34,658 [Worker-8: ビルド] INFO  o.e.m.c.i.e.AbstractTransferListenerAdapter - Downloaded https://repo.maven.apache.org/maven2/org/springframework/session/spring-session-bom/3.2.0/spring-session-bom-3.2.0.pom
2025-08-10 18:03:34,679 [Worker-8: ビルド] INFO  o.e.m.c.i.e.AbstractTransferListenerAdapter - Downloading https://repo.maven.apache.org/maven2/org/springframework/ws/spring-ws-bom/4.0.8/spring-ws-bom-4.0.8.pom
2025-08-10 18:03:34,681 [Worker-8: ビルド] INFO  o.e.m.c.i.e.AbstractTransferListenerAdapter - Downloaded https://repo.maven.apache.org/maven2/org/springframework/ws/spring-ws-bom/4.0.8/spring-ws-bom-4.0.8.pom
2025-08-10 18:03:34,724 [Worker-8: ビルド] INFO  o.e.m.c.i.e.AbstractTransferListenerAdapter - Downloading https://repo.maven.apache.org/maven2/org/testcontainers/testcontainers-bom/1.19.3/testcontainers-bom-1.19.3.pom
2025-08-10 18:03:34,729 [Worker-8: ビルド] INFO  o.e.m.c.i.e.AbstractTransferListenerAdapter - Downloaded https://repo.maven.apache.org/maven2/org/testcontainers/testcontainers-bom/1.19.3/testcontainers-bom-1.19.3.pom
2025-08-10 18:03:34,995 [Worker-8: ビルド] INFO  o.e.m.c.i.e.AbstractTransferListenerAdapter - Downloading https://repo.maven.apache.org/maven2/org/springframework/boot/spring-boot-starter-web/3.2.0/spring-boot-starter-web-3.2.0.pom
2025-08-10 18:03:34,999 [Worker-8: ビルド] INFO  o.e.m.c.i.e.AbstractTransferListenerAdapter - Downloaded https://repo.maven.apache.org/maven2/org/springframework/boot/spring-boot-starter-web/3.2.0/spring-boot-starter-web-3.2.0.pom
2025-08-10 18:03:35,021 [Worker-8: ビルド] INFO  o.e.m.c.i.e.AbstractTransferListenerAdapter - Downloading https://repo.maven.apache.org/maven2/org/springframework/boot/spring-boot-starter/3.2.0/spring-boot-starter-3.2.0.pom
2025-08-10 18:03:35,023 [Worker-8: ビルド] INFO  o.e.m.c.i.e.AbstractTransferListenerAdapter - Downloaded https://repo.maven.apache.org/maven2/org/springframework/boot/spring-boot-starter/3.2.0/spring-boot-starter-3.2.0.pom
2025-08-10 18:03:35,043 [Worker-8: ビルド] INFO  o.e.m.c.i.e.AbstractTransferListenerAdapter - Downloading https://repo.maven.apache.org/maven2/org/springframework/boot/spring-boot/3.2.0/spring-boot-3.2.0.pom
2025-08-10 18:03:35,051 [Worker-8: ビルド] INFO  o.e.m.c.i.e.AbstractTransferListenerAdapter - Downloaded https://repo.maven.apache.org/maven2/org/springframework/boot/spring-boot/3.2.0/spring-boot-3.2.0.pom
2025-08-10 18:03:35,072 [Worker-8: ビルド] INFO  o.e.m.c.i.e.AbstractTransferListenerAdapter - Downloading https://repo.maven.apache.org/maven2/org/springframework/spring-core/6.1.1/spring-core-6.1.1.pom
2025-08-10 18:03:35,074 [Worker-8: ビルド] INFO  o.e.m.c.i.e.AbstractTransferListenerAdapter - Downloaded https://repo.maven.apache.org/maven2/org/springframework/spring-core/6.1.1/spring-core-6.1.1.pom
2025-08-10 18:03:35,095 [Worker-8: ビルド] INFO  o.e.m.c.i.e.AbstractTransferListenerAdapter - Downloading https://repo.maven.apache.org/maven2/org/springframework/spring-jcl/6.1.1/spring-jcl-6.1.1.pom
2025-08-10 18:03:35,097 [Worker-8: ビルド] INFO  o.e.m.c.i.e.AbstractTransferListenerAdapter - Downloaded https://repo.maven.apache.org/maven2/org/springframework/spring-jcl/6.1.1/spring-jcl-6.1.1.pom
2025-08-10 18:03:35,122 [Worker-8: ビルド] INFO  o.e.m.c.i.e.AbstractTransferListenerAdapter - Downloading https://repo.maven.apache.org/maven2/org/springframework/spring-context/6.1.1/spring-context-6.1.1.pom
2025-08-10 18:03:35,126 [Worker-8: ビルド] INFO  o.e.m.c.i.e.AbstractTransferListenerAdapter - Downloaded https://repo.maven.apache.org/maven2/org/springframework/spring-context/6.1.1/spring-context-6.1.1.pom
2025-08-10 18:03:35,145 [Worker-8: ビルド] INFO  o.e.m.c.i.e.AbstractTransferListenerAdapter - Downloading https://repo.maven.apache.org/maven2/org/springframework/spring-aop/6.1.1/spring-aop-6.1.1.pom
2025-08-10 18:03:35,147 [Worker-8: ビルド] INFO  o.e.m.c.i.e.AbstractTransferListenerAdapter - Downloaded https://repo.maven.apache.org/maven2/org/springframework/spring-aop/6.1.1/spring-aop-6.1.1.pom
2025-08-10 18:03:35,169 [Worker-8: ビルド] INFO  o.e.m.c.i.e.AbstractTransferListenerAdapter - Downloading https://repo.maven.apache.org/maven2/org/springframework/spring-beans/6.1.1/spring-beans-6.1.1.pom
2025-08-10 18:03:35,171 [Worker-8: ビルド] INFO  o.e.m.c.i.e.AbstractTransferListenerAdapter - Downloaded https://repo.maven.apache.org/maven2/org/springframework/spring-beans/6.1.1/spring-beans-6.1.1.pom
2025-08-10 18:03:35,189 [Worker-8: ビルド] INFO  o.e.m.c.i.e.AbstractTransferListenerAdapter - Downloading https://repo.maven.apache.org/maven2/org/springframework/spring-expression/6.1.1/spring-expression-6.1.1.pom
2025-08-10 18:03:35,192 [Worker-8: ビルド] INFO  o.e.m.c.i.e.AbstractTransferListenerAdapter - Downloaded https://repo.maven.apache.org/maven2/org/springframework/spring-expression/6.1.1/spring-expression-6.1.1.pom
2025-08-10 18:03:35,213 [Worker-8: ビルド] INFO  o.e.m.c.i.e.AbstractTransferListenerAdapter - Downloading https://repo.maven.apache.org/maven2/io/micrometer/micrometer-observation/1.12.0/micrometer-observation-1.12.0.pom
2025-08-10 18:03:35,215 [Worker-8: ビルド] INFO  o.e.m.c.i.e.AbstractTransferListenerAdapter - Downloaded https://repo.maven.apache.org/maven2/io/micrometer/micrometer-observation/1.12.0/micrometer-observation-1.12.0.pom
2025-08-10 18:03:35,236 [Worker-8: ビルド] INFO  o.e.m.c.i.e.AbstractTransferListenerAdapter - Downloading https://repo.maven.apache.org/maven2/io/micrometer/micrometer-commons/1.12.0/micrometer-commons-1.12.0.pom
2025-08-10 18:03:35,240 [Worker-8: ビルド] INFO  o.e.m.c.i.e.AbstractTransferListenerAdapter - Downloaded https://repo.maven.apache.org/maven2/io/micrometer/micrometer-commons/1.12.0/micrometer-commons-1.12.0.pom
2025-08-10 18:03:35,291 [Worker-8: ビルド] INFO  o.e.m.c.i.e.AbstractTransferListenerAdapter - Downloading https://repo.maven.apache.org/maven2/org/springframework/boot/spring-boot-autoconfigure/3.2.0/spring-boot-autoconfigure-3.2.0.pom
2025-08-10 18:03:35,297 [Worker-8: ビルド] INFO  o.e.m.c.i.e.AbstractTransferListenerAdapter - Downloaded https://repo.maven.apache.org/maven2/org/springframework/boot/spring-boot-autoconfigure/3.2.0/spring-boot-autoconfigure-3.2.0.pom
2025-08-10 18:03:35,323 [Worker-8: ビルド] INFO  o.e.m.c.i.e.AbstractTransferListenerAdapter - Downloading https://repo.maven.apache.org/maven2/org/springframework/boot/spring-boot-starter-logging/3.2.0/spring-boot-starter-logging-3.2.0.pom
2025-08-10 18:03:35,326 [Worker-8: ビルド] INFO  o.e.m.c.i.e.AbstractTransferListenerAdapter - Downloaded https://repo.maven.apache.org/maven2/org/springframework/boot/spring-boot-starter-logging/3.2.0/spring-boot-starter-logging-3.2.0.pom
2025-08-10 18:03:35,348 [Worker-8: ビルド] INFO  o.e.m.c.i.e.AbstractTransferListenerAdapter - Downloading https://repo.maven.apache.org/maven2/ch/qos/logback/logback-classic/1.4.11/logback-classic-1.4.11.pom
2025-08-10 18:03:35,351 [Worker-8: ビルド] INFO  o.e.m.c.i.e.AbstractTransferListenerAdapter - Downloaded https://repo.maven.apache.org/maven2/ch/qos/logback/logback-classic/1.4.11/logback-classic-1.4.11.pom
2025-08-10 18:03:35,372 [Worker-8: ビルド] INFO  o.e.m.c.i.e.AbstractTransferListenerAdapter - Downloading https://repo.maven.apache.org/maven2/ch/qos/logback/logback-parent/1.4.11/logback-parent-1.4.11.pom
2025-08-10 18:03:35,377 [Worker-8: ビルド] INFO  o.e.m.c.i.e.AbstractTransferListenerAdapter - Downloaded https://repo.maven.apache.org/maven2/ch/qos/logback/logback-parent/1.4.11/logback-parent-1.4.11.pom
2025-08-10 18:03:35,398 [Worker-8: ビルド] INFO  o.e.m.c.i.e.AbstractTransferListenerAdapter - Downloading https://repo.maven.apache.org/maven2/ch/qos/logback/logback-core/1.4.11/logback-core-1.4.11.pom
2025-08-10 18:03:35,401 [Worker-8: ビルド] INFO  o.e.m.c.i.e.AbstractTransferListenerAdapter - Downloaded https://repo.maven.apache.org/maven2/ch/qos/logback/logback-core/1.4.11/logback-core-1.4.11.pom
2025-08-10 18:03:35,422 [Worker-8: ビルド] INFO  o.e.m.c.i.e.AbstractTransferListenerAdapter - Downloading https://repo.maven.apache.org/maven2/org/slf4j/slf4j-api/2.0.9/slf4j-api-2.0.9.pom
2025-08-10 18:03:35,429 [Worker-8: ビルド] INFO  o.e.m.c.i.e.AbstractTransferListenerAdapter - Downloaded https://repo.maven.apache.org/maven2/org/slf4j/slf4j-api/2.0.9/slf4j-api-2.0.9.pom
2025-08-10 18:03:35,455 [Worker-8: ビルド] INFO  o.e.m.c.i.e.AbstractTransferListenerAdapter - Downloading https://repo.maven.apache.org/maven2/org/slf4j/slf4j-parent/2.0.9/slf4j-parent-2.0.9.pom
2025-08-10 18:03:35,466 [Worker-8: ビルド] INFO  o.e.m.c.i.e.AbstractTransferListenerAdapter - Downloaded https://repo.maven.apache.org/maven2/org/slf4j/slf4j-parent/2.0.9/slf4j-parent-2.0.9.pom
2025-08-10 18:03:35,486 [Worker-8: ビルド] INFO  o.e.m.c.i.e.AbstractTransferListenerAdapter - Downloading https://repo.maven.apache.org/maven2/org/slf4j/slf4j-bom/2.0.9/slf4j-bom-2.0.9.pom
2025-08-10 18:03:35,488 [Worker-8: ビルド] INFO  o.e.m.c.i.e.AbstractTransferListenerAdapter - Downloaded https://repo.maven.apache.org/maven2/org/slf4j/slf4j-bom/2.0.9/slf4j-bom-2.0.9.pom
2025-08-10 18:03:35,507 [Worker-8: ビルド] INFO  o.e.m.c.i.e.AbstractTransferListenerAdapter - Downloading https://repo.maven.apache.org/maven2/org/apache/logging/log4j/log4j-to-slf4j/2.21.1/log4j-to-slf4j-2.21.1.pom
2025-08-10 18:03:35,510 [Worker-8: ビルド] INFO  o.e.m.c.i.e.AbstractTransferListenerAdapter - Downloaded https://repo.maven.apache.org/maven2/org/apache/logging/log4j/log4j-to-slf4j/2.21.1/log4j-to-slf4j-2.21.1.pom
2025-08-10 18:03:35,529 [Worker-8: ビルド] INFO  o.e.m.c.i.e.AbstractTransferListenerAdapter - Downloading https://repo.maven.apache.org/maven2/org/apache/logging/log4j/log4j/2.21.1/log4j-2.21.1.pom
2025-08-10 18:03:35,531 [Worker-8: ビルド] INFO  o.e.m.c.i.e.AbstractTransferListenerAdapter - Downloaded https://repo.maven.apache.org/maven2/org/apache/logging/log4j/log4j/2.21.1/log4j-2.21.1.pom
2025-08-10 18:03:35,555 [Worker-8: ビルド] INFO  o.e.m.c.i.e.AbstractTransferListenerAdapter - Downloading https://repo.maven.apache.org/maven2/org/ow2/asm/asm-bom/9.5/asm-bom-9.5.pom
2025-08-10 18:03:35,557 [Worker-8: ビルド] INFO  o.e.m.c.i.e.AbstractTransferListenerAdapter - Downloaded https://repo.maven.apache.org/maven2/org/ow2/asm/asm-bom/9.5/asm-bom-9.5.pom
2025-08-10 18:03:35,581 [Worker-8: ビルド] INFO  o.e.m.c.i.e.AbstractTransferListenerAdapter - Downloading https://repo.maven.apache.org/maven2/org/codehaus/groovy/groovy-bom/3.0.19/groovy-bom-3.0.19.pom
2025-08-10 18:03:35,584 [Worker-8: ビルド] INFO  o.e.m.c.i.e.AbstractTransferListenerAdapter - Downloaded https://repo.maven.apache.org/maven2/org/codehaus/groovy/groovy-bom/3.0.19/groovy-bom-3.0.19.pom
2025-08-10 18:03:35,605 [Worker-8: ビルド] INFO  o.e.m.c.i.e.AbstractTransferListenerAdapter - Downloading https://repo.maven.apache.org/maven2/com/fasterxml/jackson/jackson-bom/2.15.2/jackson-bom-2.15.2.pom
2025-08-10 18:03:35,608 [Worker-8: ビルド] INFO  o.e.m.c.i.e.AbstractTransferListenerAdapter - Downloaded https://repo.maven.apache.org/maven2/com/fasterxml/jackson/jackson-bom/2.15.2/jackson-bom-2.15.2.pom
2025-08-10 18:03:35,631 [Worker-8: ビルド] INFO  o.e.m.c.i.e.AbstractTransferListenerAdapter - Downloading https://repo.maven.apache.org/maven2/org/eclipse/jetty/jetty-bom/9.4.53.v20231009/jetty-bom-9.4.53.v20231009.pom
2025-08-10 18:03:35,635 [Worker-8: ビルド] INFO  o.e.m.c.i.e.AbstractTransferListenerAdapter - Downloaded https://repo.maven.apache.org/maven2/org/eclipse/jetty/jetty-bom/9.4.53.v20231009/jetty-bom-9.4.53.v20231009.pom
2025-08-10 18:03:35,658 [Worker-8: ビルド] INFO  o.e.m.c.i.e.AbstractTransferListenerAdapter - Downloading https://repo.maven.apache.org/maven2/io/fabric8/kubernetes-client-bom/5.12.4/kubernetes-client-bom-5.12.4.pom
2025-08-10 18:03:35,662 [Worker-8: ビルド] INFO  o.e.m.c.i.e.AbstractTransferListenerAdapter - Downloaded https://repo.maven.apache.org/maven2/io/fabric8/kubernetes-client-bom/5.12.4/kubernetes-client-bom-5.12.4.pom
2025-08-10 18:03:35,681 [Worker-8: ビルド] INFO  o.e.m.c.i.e.AbstractTransferListenerAdapter - Downloading https://repo.maven.apache.org/maven2/io/netty/netty-bom/4.1.97.Final/netty-bom-4.1.97.Final.pom
2025-08-10 18:03:35,683 [Worker-8: ビルド] INFO  o.e.m.c.i.e.AbstractTransferListenerAdapter - Downloaded https://repo.maven.apache.org/maven2/io/netty/netty-bom/4.1.97.Final/netty-bom-4.1.97.Final.pom
2025-08-10 18:03:35,705 [Worker-8: ビルド] INFO  o.e.m.c.i.e.AbstractTransferListenerAdapter - Downloading https://repo.maven.apache.org/maven2/org/springframework/spring-framework-bom/5.3.29/spring-framework-bom-5.3.29.pom
2025-08-10 18:03:35,707 [Worker-8: ビルド] INFO  o.e.m.c.i.e.AbstractTransferListenerAdapter - Downloaded https://repo.maven.apache.org/maven2/org/springframework/spring-framework-bom/5.3.29/spring-framework-bom-5.3.29.pom
2025-08-10 18:03:35,726 [Worker-8: ビルド] INFO  o.e.m.c.i.e.AbstractTransferListenerAdapter - Downloading https://repo.maven.apache.org/maven2/org/apache/logging/log4j/log4j-api/2.21.1/log4j-api-2.21.1.pom
2025-08-10 18:03:35,729 [Worker-8: ビルド] INFO  o.e.m.c.i.e.AbstractTransferListenerAdapter - Downloaded https://repo.maven.apache.org/maven2/org/apache/logging/log4j/log4j-api/2.21.1/log4j-api-2.21.1.pom
2025-08-10 18:03:35,750 [Worker-8: ビルド] INFO  o.e.m.c.i.e.AbstractTransferListenerAdapter - Downloading https://repo.maven.apache.org/maven2/org/slf4j/jul-to-slf4j/2.0.9/jul-to-slf4j-2.0.9.pom
2025-08-10 18:03:35,753 [Worker-8: ビルド] INFO  o.e.m.c.i.e.AbstractTransferListenerAdapter - Downloaded https://repo.maven.apache.org/maven2/org/slf4j/jul-to-slf4j/2.0.9/jul-to-slf4j-2.0.9.pom
2025-08-10 18:03:35,775 [Worker-8: ビルド] INFO  o.e.m.c.i.e.AbstractTransferListenerAdapter - Downloading https://repo.maven.apache.org/maven2/jakarta/annotation/jakarta.annotation-api/2.1.1/jakarta.annotation-api-2.1.1.pom
2025-08-10 18:03:35,778 [Worker-8: ビルド] INFO  o.e.m.c.i.e.AbstractTransferListenerAdapter - Downloaded https://repo.maven.apache.org/maven2/jakarta/annotation/jakarta.annotation-api/2.1.1/jakarta.annotation-api-2.1.1.pom
2025-08-10 18:03:35,798 [Worker-8: ビルド] INFO  o.e.m.c.i.e.AbstractTransferListenerAdapter - Downloading https://repo.maven.apache.org/maven2/org/yaml/snakeyaml/2.2/snakeyaml-2.2.pom
2025-08-10 18:03:35,802 [Worker-8: ビルド] INFO  o.e.m.c.i.e.AbstractTransferListenerAdapter - Downloaded https://repo.maven.apache.org/maven2/org/yaml/snakeyaml/2.2/snakeyaml-2.2.pom
2025-08-10 18:03:35,851 [Worker-8: ビルド] INFO  o.e.m.c.i.e.AbstractTransferListenerAdapter - Downloading https://repo.maven.apache.org/maven2/org/springframework/boot/spring-boot-starter-json/3.2.0/spring-boot-starter-json-3.2.0.pom
2025-08-10 18:03:35,857 [Worker-8: ビルド] INFO  o.e.m.c.i.e.AbstractTransferListenerAdapter - Downloaded https://repo.maven.apache.org/maven2/org/springframework/boot/spring-boot-starter-json/3.2.0/spring-boot-starter-json-3.2.0.pom
2025-08-10 18:03:35,881 [Worker-8: ビルド] INFO  o.e.m.c.i.e.AbstractTransferListenerAdapter - Downloading https://repo.maven.apache.org/maven2/org/springframework/spring-web/6.1.1/spring-web-6.1.1.pom
2025-08-10 18:03:35,883 [Worker-8: ビルド] INFO  o.e.m.c.i.e.AbstractTransferListenerAdapter - Downloaded https://repo.maven.apache.org/maven2/org/springframework/spring-web/6.1.1/spring-web-6.1.1.pom
2025-08-10 18:03:35,908 [Worker-8: ビルド] INFO  o.e.m.c.i.e.AbstractTransferListenerAdapter - Downloading https://repo.maven.apache.org/maven2/com/fasterxml/jackson/core/jackson-databind/2.15.3/jackson-databind-2.15.3.pom
2025-08-10 18:03:35,912 [Worker-8: ビルド] INFO  o.e.m.c.i.e.AbstractTransferListenerAdapter - Downloaded https://repo.maven.apache.org/maven2/com/fasterxml/jackson/core/jackson-databind/2.15.3/jackson-databind-2.15.3.pom
2025-08-10 18:03:35,936 [Worker-8: ビルド] INFO  o.e.m.c.i.e.AbstractTransferListenerAdapter - Downloading https://repo.maven.apache.org/maven2/com/fasterxml/jackson/jackson-base/2.15.3/jackson-base-2.15.3.pom
2025-08-10 18:03:35,941 [Worker-8: ビルド] INFO  o.e.m.c.i.e.AbstractTransferListenerAdapter - Downloaded https://repo.maven.apache.org/maven2/com/fasterxml/jackson/jackson-base/2.15.3/jackson-base-2.15.3.pom
2025-08-10 18:03:35,963 [Worker-8: ビルド] INFO  o.e.m.c.i.e.AbstractTransferListenerAdapter - Downloading https://repo.maven.apache.org/maven2/org/junit/junit-bom/5.9.2/junit-bom-5.9.2.pom
2025-08-10 18:03:35,965 [Worker-8: ビルド] INFO  o.e.m.c.i.e.AbstractTransferListenerAdapter - Downloaded https://repo.maven.apache.org/maven2/org/junit/junit-bom/5.9.2/junit-bom-5.9.2.pom
2025-08-10 18:03:35,984 [Worker-8: ビルド] INFO  o.e.m.c.i.e.AbstractTransferListenerAdapter - Downloading https://repo.maven.apache.org/maven2/com/fasterxml/jackson/core/jackson-annotations/2.15.3/jackson-annotations-2.15.3.pom
2025-08-10 18:03:35,990 [Worker-8: ビルド] INFO  o.e.m.c.i.e.AbstractTransferListenerAdapter - Downloaded https://repo.maven.apache.org/maven2/com/fasterxml/jackson/core/jackson-annotations/2.15.3/jackson-annotations-2.15.3.pom
2025-08-10 18:03:36,010 [Worker-8: ビルド] INFO  o.e.m.c.i.e.AbstractTransferListenerAdapter - Downloading https://repo.maven.apache.org/maven2/com/fasterxml/jackson/core/jackson-core/2.15.3/jackson-core-2.15.3.pom
2025-08-10 18:03:36,013 [Worker-8: ビルド] INFO  o.e.m.c.i.e.AbstractTransferListenerAdapter - Downloaded https://repo.maven.apache.org/maven2/com/fasterxml/jackson/core/jackson-core/2.15.3/jackson-core-2.15.3.pom
2025-08-10 18:03:36,034 [Worker-8: ビルド] INFO  o.e.m.c.i.e.AbstractTransferListenerAdapter - Downloading https://repo.maven.apache.org/maven2/com/fasterxml/jackson/datatype/jackson-datatype-jdk8/2.15.3/jackson-datatype-jdk8-2.15.3.pom
2025-08-10 18:03:36,037 [Worker-8: ビルド] INFO  o.e.m.c.i.e.AbstractTransferListenerAdapter - Downloaded https://repo.maven.apache.org/maven2/com/fasterxml/jackson/datatype/jackson-datatype-jdk8/2.15.3/jackson-datatype-jdk8-2.15.3.pom
2025-08-10 18:03:36,055 [Worker-8: ビルド] INFO  o.e.m.c.i.e.AbstractTransferListenerAdapter - Downloading https://repo.maven.apache.org/maven2/com/fasterxml/jackson/module/jackson-modules-java8/2.15.3/jackson-modules-java8-2.15.3.pom
2025-08-10 18:03:36,057 [Worker-8: ビルド] INFO  o.e.m.c.i.e.AbstractTransferListenerAdapter - Downloaded https://repo.maven.apache.org/maven2/com/fasterxml/jackson/module/jackson-modules-java8/2.15.3/jackson-modules-java8-2.15.3.pom
2025-08-10 18:03:36,077 [Worker-8: ビルド] INFO  o.e.m.c.i.e.AbstractTransferListenerAdapter - Downloading https://repo.maven.apache.org/maven2/com/fasterxml/jackson/datatype/jackson-datatype-jsr310/2.15.3/jackson-datatype-jsr310-2.15.3.pom
2025-08-10 18:03:36,083 [Worker-8: ビルド] INFO  o.e.m.c.i.e.AbstractTransferListenerAdapter - Downloaded https://repo.maven.apache.org/maven2/com/fasterxml/jackson/datatype/jackson-datatype-jsr310/2.15.3/jackson-datatype-jsr310-2.15.3.pom
2025-08-10 18:03:36,100 [Worker-8: ビルド] INFO  o.e.m.c.i.e.AbstractTransferListenerAdapter - Downloading https://repo.maven.apache.org/maven2/com/fasterxml/jackson/module/jackson-module-parameter-names/2.15.3/jackson-module-parameter-names-2.15.3.pom
2025-08-10 18:03:36,102 [Worker-8: ビルド] INFO  o.e.m.c.i.e.AbstractTransferListenerAdapter - Downloaded https://repo.maven.apache.org/maven2/com/fasterxml/jackson/module/jackson-module-parameter-names/2.15.3/jackson-module-parameter-names-2.15.3.pom
2025-08-10 18:03:36,122 [Worker-8: ビルド] INFO  o.e.m.c.i.e.AbstractTransferListenerAdapter - Downloading https://repo.maven.apache.org/maven2/org/springframework/boot/spring-boot-starter-tomcat/3.2.0/spring-boot-starter-tomcat-3.2.0.pom
2025-08-10 18:03:36,126 [Worker-8: ビルド] INFO  o.e.m.c.i.e.AbstractTransferListenerAdapter - Downloaded https://repo.maven.apache.org/maven2/org/springframework/boot/spring-boot-starter-tomcat/3.2.0/spring-boot-starter-tomcat-3.2.0.pom
2025-08-10 18:03:36,144 [Worker-8: ビルド] INFO  o.e.m.c.i.e.AbstractTransferListenerAdapter - Downloading https://repo.maven.apache.org/maven2/org/apache/tomcat/embed/tomcat-embed-core/10.1.16/tomcat-embed-core-10.1.16.pom
2025-08-10 18:03:36,146 [Worker-8: ビルド] INFO  o.e.m.c.i.e.AbstractTransferListenerAdapter - Downloaded https://repo.maven.apache.org/maven2/org/apache/tomcat/embed/tomcat-embed-core/10.1.16/tomcat-embed-core-10.1.16.pom
2025-08-10 18:03:36,169 [Worker-8: ビルド] INFO  o.e.m.c.i.e.AbstractTransferListenerAdapter - Downloading https://repo.maven.apache.org/maven2/org/apache/tomcat/embed/tomcat-embed-el/10.1.16/tomcat-embed-el-10.1.16.pom
2025-08-10 18:03:36,171 [Worker-8: ビルド] INFO  o.e.m.c.i.e.AbstractTransferListenerAdapter - Downloaded https://repo.maven.apache.org/maven2/org/apache/tomcat/embed/tomcat-embed-el/10.1.16/tomcat-embed-el-10.1.16.pom
2025-08-10 18:03:36,190 [Worker-8: ビルド] INFO  o.e.m.c.i.e.AbstractTransferListenerAdapter - Downloading https://repo.maven.apache.org/maven2/org/apache/tomcat/embed/tomcat-embed-websocket/10.1.16/tomcat-embed-websocket-10.1.16.pom
2025-08-10 18:03:36,192 [Worker-8: ビルド] INFO  o.e.m.c.i.e.AbstractTransferListenerAdapter - Downloaded https://repo.maven.apache.org/maven2/org/apache/tomcat/embed/tomcat-embed-websocket/10.1.16/tomcat-embed-websocket-10.1.16.pom
2025-08-10 18:03:36,212 [Worker-8: ビルド] INFO  o.e.m.c.i.e.AbstractTransferListenerAdapter - Downloading https://repo.maven.apache.org/maven2/org/springframework/spring-webmvc/6.1.1/spring-webmvc-6.1.1.pom
2025-08-10 18:03:36,215 [Worker-8: ビルド] INFO  o.e.m.c.i.e.AbstractTransferListenerAdapter - Downloaded https://repo.maven.apache.org/maven2/org/springframework/spring-webmvc/6.1.1/spring-webmvc-6.1.1.pom
2025-08-10 18:03:36,236 [Worker-8: ビルド] INFO  o.e.m.c.i.e.AbstractTransferListenerAdapter - Downloading https://repo.maven.apache.org/maven2/org/springframework/boot/spring-boot-starter-data-jpa/3.2.0/spring-boot-starter-data-jpa-3.2.0.pom
2025-08-10 18:03:36,238 [Worker-8: ビルド] INFO  o.e.m.c.i.e.AbstractTransferListenerAdapter - Downloaded https://repo.maven.apache.org/maven2/org/springframework/boot/spring-boot-starter-data-jpa/3.2.0/spring-boot-starter-data-jpa-3.2.0.pom
2025-08-10 18:03:36,267 [Worker-8: ビルド] INFO  o.e.m.c.i.e.AbstractTransferListenerAdapter - Downloading https://repo.maven.apache.org/maven2/org/springframework/boot/spring-boot-starter-aop/3.2.0/spring-boot-starter-aop-3.2.0.pom
2025-08-10 18:03:36,270 [Worker-8: ビルド] INFO  o.e.m.c.i.e.AbstractTransferListenerAdapter - Downloaded https://repo.maven.apache.org/maven2/org/springframework/boot/spring-boot-starter-aop/3.2.0/spring-boot-starter-aop-3.2.0.pom
2025-08-10 18:03:36,290 [Worker-8: ビルド] INFO  o.e.m.c.i.e.AbstractTransferListenerAdapter - Downloading https://repo.maven.apache.org/maven2/org/aspectj/aspectjweaver/1.9.20.1/aspectjweaver-1.9.20.1.pom
2025-08-10 18:03:36,293 [Worker-8: ビルド] INFO  o.e.m.c.i.e.AbstractTransferListenerAdapter - Downloaded https://repo.maven.apache.org/maven2/org/aspectj/aspectjweaver/1.9.20.1/aspectjweaver-1.9.20.1.pom
2025-08-10 18:03:36,320 [Worker-8: ビルド] INFO  o.e.m.c.i.e.AbstractTransferListenerAdapter - Downloading https://repo.maven.apache.org/maven2/org/springframework/boot/spring-boot-starter-jdbc/3.2.0/spring-boot-starter-jdbc-3.2.0.pom
2025-08-10 18:03:36,323 [Worker-8: ビルド] INFO  o.e.m.c.i.e.AbstractTransferListenerAdapter - Downloaded https://repo.maven.apache.org/maven2/org/springframework/boot/spring-boot-starter-jdbc/3.2.0/spring-boot-starter-jdbc-3.2.0.pom
2025-08-10 18:03:36,344 [Worker-8: ビルド] INFO  o.e.m.c.i.e.AbstractTransferListenerAdapter - Downloading https://repo.maven.apache.org/maven2/com/zaxxer/HikariCP/5.0.1/HikariCP-5.0.1.pom
2025-08-10 18:03:36,348 [Worker-8: ビルド] INFO  o.e.m.c.i.e.AbstractTransferListenerAdapter - Downloaded https://repo.maven.apache.org/maven2/com/zaxxer/HikariCP/5.0.1/HikariCP-5.0.1.pom
2025-08-10 18:03:36,374 [Worker-8: ビルド] INFO  o.e.m.c.i.e.AbstractTransferListenerAdapter - Downloading https://repo.maven.apache.org/maven2/org/springframework/spring-jdbc/6.1.1/spring-jdbc-6.1.1.pom
2025-08-10 18:03:36,376 [Worker-8: ビルド] INFO  o.e.m.c.i.e.AbstractTransferListenerAdapter - Downloaded https://repo.maven.apache.org/maven2/org/springframework/spring-jdbc/6.1.1/spring-jdbc-6.1.1.pom
2025-08-10 18:03:36,396 [Worker-8: ビルド] INFO  o.e.m.c.i.e.AbstractTransferListenerAdapter - Downloading https://repo.maven.apache.org/maven2/org/springframework/spring-tx/6.1.1/spring-tx-6.1.1.pom
2025-08-10 18:03:36,398 [Worker-8: ビルド] INFO  o.e.m.c.i.e.AbstractTransferListenerAdapter - Downloaded https://repo.maven.apache.org/maven2/org/springframework/spring-tx/6.1.1/spring-tx-6.1.1.pom
2025-08-10 18:03:36,420 [Worker-8: ビルド] INFO  o.e.m.c.i.e.AbstractTransferListenerAdapter - Downloading https://repo.maven.apache.org/maven2/org/hibernate/orm/hibernate-core/6.3.1.Final/hibernate-core-6.3.1.Final.pom
2025-08-10 18:03:36,423 [Worker-8: ビルド] INFO  o.e.m.c.i.e.AbstractTransferListenerAdapter - Downloaded https://repo.maven.apache.org/maven2/org/hibernate/orm/hibernate-core/6.3.1.Final/hibernate-core-6.3.1.Final.pom
2025-08-10 18:03:36,444 [Worker-8: ビルド] INFO  o.e.m.c.i.e.AbstractTransferListenerAdapter - Downloading https://repo.maven.apache.org/maven2/jakarta/persistence/jakarta.persistence-api/3.1.0/jakarta.persistence-api-3.1.0.pom
2025-08-10 18:03:36,447 [Worker-8: ビルド] INFO  o.e.m.c.i.e.AbstractTransferListenerAdapter - Downloaded https://repo.maven.apache.org/maven2/jakarta/persistence/jakarta.persistence-api/3.1.0/jakarta.persistence-api-3.1.0.pom
2025-08-10 18:03:36,471 [Worker-8: ビルド] INFO  o.e.m.c.i.e.AbstractTransferListenerAdapter - Downloading https://repo.maven.apache.org/maven2/jakarta/transaction/jakarta.transaction-api/2.0.1/jakarta.transaction-api-2.0.1.pom
2025-08-10 18:03:36,473 [Worker-8: ビルド] INFO  o.e.m.c.i.e.AbstractTransferListenerAdapter - Downloaded https://repo.maven.apache.org/maven2/jakarta/transaction/jakarta.transaction-api/2.0.1/jakarta.transaction-api-2.0.1.pom
2025-08-10 18:03:36,514 [Worker-8: ビルド] INFO  o.e.m.c.i.e.AbstractTransferListenerAdapter - Downloading https://repo.maven.apache.org/maven2/org/eclipse/ee4j/project/1.0.6/project-1.0.6.pom
2025-08-10 18:03:36,518 [Worker-8: ビルド] INFO  o.e.m.c.i.e.AbstractTransferListenerAdapter - Downloaded https://repo.maven.apache.org/maven2/org/eclipse/ee4j/project/1.0.6/project-1.0.6.pom
2025-08-10 18:03:36,542 [Worker-8: ビルド] INFO  o.e.m.c.i.e.AbstractTransferListenerAdapter - Downloading https://repo.maven.apache.org/maven2/org/jboss/logging/jboss-logging/3.5.3.Final/jboss-logging-3.5.3.Final.pom
2025-08-10 18:03:36,544 [Worker-8: ビルド] INFO  o.e.m.c.i.e.AbstractTransferListenerAdapter - Downloaded https://repo.maven.apache.org/maven2/org/jboss/logging/jboss-logging/3.5.3.Final/jboss-logging-3.5.3.Final.pom
2025-08-10 18:03:36,563 [Worker-8: ビルド] INFO  o.e.m.c.i.e.AbstractTransferListenerAdapter - Downloading https://repo.maven.apache.org/maven2/org/jboss/logging/logging-parent/1.0.1.Final/logging-parent-1.0.1.Final.pom
2025-08-10 18:03:36,565 [Worker-8: ビルド] INFO  o.e.m.c.i.e.AbstractTransferListenerAdapter - Downloaded https://repo.maven.apache.org/maven2/org/jboss/logging/logging-parent/1.0.1.Final/logging-parent-1.0.1.Final.pom
2025-08-10 18:03:36,594 [Worker-8: ビルド] INFO  o.e.m.c.i.e.AbstractTransferListenerAdapter - Downloading https://repo.maven.apache.org/maven2/org/junit/junit-bom/5.9.3/junit-bom-5.9.3.pom
2025-08-10 18:03:36,596 [Worker-8: ビルド] INFO  o.e.m.c.i.e.AbstractTransferListenerAdapter - Downloaded https://repo.maven.apache.org/maven2/org/junit/junit-bom/5.9.3/junit-bom-5.9.3.pom
2025-08-10 18:03:36,615 [Worker-8: ビルド] INFO  o.e.m.c.i.e.AbstractTransferListenerAdapter - Downloading https://repo.maven.apache.org/maven2/org/hibernate/common/hibernate-commons-annotations/6.0.6.Final/hibernate-commons-annotations-6.0.6.Final.pom
2025-08-10 18:03:36,617 [Worker-8: ビルド] INFO  o.e.m.c.i.e.AbstractTransferListenerAdapter - Downloaded https://repo.maven.apache.org/maven2/org/hibernate/common/hibernate-commons-annotations/6.0.6.Final/hibernate-commons-annotations-6.0.6.Final.pom
2025-08-10 18:03:36,639 [Worker-8: ビルド] INFO  o.e.m.c.i.e.AbstractTransferListenerAdapter - Downloading https://repo.maven.apache.org/maven2/io/smallrye/jandex/3.1.2/jandex-3.1.2.pom
2025-08-10 18:03:36,641 [Worker-8: ビルド] INFO  o.e.m.c.i.e.AbstractTransferListenerAdapter - Downloaded https://repo.maven.apache.org/maven2/io/smallrye/jandex/3.1.2/jandex-3.1.2.pom
2025-08-10 18:03:36,662 [Worker-8: ビルド] INFO  o.e.m.c.i.e.AbstractTransferListenerAdapter - Downloading https://repo.maven.apache.org/maven2/io/smallrye/jandex-parent/3.1.2/jandex-parent-3.1.2.pom
2025-08-10 18:03:36,664 [Worker-8: ビルド] INFO  o.e.m.c.i.e.AbstractTransferListenerAdapter - Downloaded https://repo.maven.apache.org/maven2/io/smallrye/jandex-parent/3.1.2/jandex-parent-3.1.2.pom
2025-08-10 18:03:36,686 [Worker-8: ビルド] INFO  o.e.m.c.i.e.AbstractTransferListenerAdapter - Downloading https://repo.maven.apache.org/maven2/io/smallrye/smallrye-build-parent/39/smallrye-build-parent-39.pom
2025-08-10 18:03:36,695 [Worker-8: ビルド] INFO  o.e.m.c.i.e.AbstractTransferListenerAdapter - Downloaded https://repo.maven.apache.org/maven2/io/smallrye/smallrye-build-parent/39/smallrye-build-parent-39.pom
2025-08-10 18:03:36,718 [Worker-8: ビルド] INFO  o.e.m.c.i.e.AbstractTransferListenerAdapter - Downloading https://repo.maven.apache.org/maven2/com/fasterxml/classmate/1.6.0/classmate-1.6.0.pom
2025-08-10 18:03:36,721 [Worker-8: ビルド] INFO  o.e.m.c.i.e.AbstractTransferListenerAdapter - Downloaded https://repo.maven.apache.org/maven2/com/fasterxml/classmate/1.6.0/classmate-1.6.0.pom
2025-08-10 18:03:36,742 [Worker-8: ビルド] INFO  o.e.m.c.i.e.AbstractTransferListenerAdapter - Downloading https://repo.maven.apache.org/maven2/com/fasterxml/oss-parent/55/oss-parent-55.pom
2025-08-10 18:03:36,746 [Worker-8: ビルド] INFO  o.e.m.c.i.e.AbstractTransferListenerAdapter - Downloaded https://repo.maven.apache.org/maven2/com/fasterxml/oss-parent/55/oss-parent-55.pom
2025-08-10 18:03:36,769 [Worker-8: ビルド] INFO  o.e.m.c.i.e.AbstractTransferListenerAdapter - Downloading https://repo.maven.apache.org/maven2/net/bytebuddy/byte-buddy/1.14.10/byte-buddy-1.14.10.pom
2025-08-10 18:03:36,775 [Worker-8: ビルド] INFO  o.e.m.c.i.e.AbstractTransferListenerAdapter - Downloaded https://repo.maven.apache.org/maven2/net/bytebuddy/byte-buddy/1.14.10/byte-buddy-1.14.10.pom
2025-08-10 18:03:36,800 [Worker-8: ビルド] INFO  o.e.m.c.i.e.AbstractTransferListenerAdapter - Downloading https://repo.maven.apache.org/maven2/net/bytebuddy/byte-buddy-parent/1.14.10/byte-buddy-parent-1.14.10.pom
2025-08-10 18:03:36,812 [Worker-8: ビルド] INFO  o.e.m.c.i.e.AbstractTransferListenerAdapter - Downloaded https://repo.maven.apache.org/maven2/net/bytebuddy/byte-buddy-parent/1.14.10/byte-buddy-parent-1.14.10.pom
2025-08-10 18:03:36,832 [Worker-8: ビルド] INFO  o.e.m.c.i.e.AbstractTransferListenerAdapter - Downloading https://repo.maven.apache.org/maven2/jakarta/xml/bind/jakarta.xml.bind-api/4.0.1/jakarta.xml.bind-api-4.0.1.pom
2025-08-10 18:03:36,835 [Worker-8: ビルド] INFO  o.e.m.c.i.e.AbstractTransferListenerAdapter - Downloaded https://repo.maven.apache.org/maven2/jakarta/xml/bind/jakarta.xml.bind-api/4.0.1/jakarta.xml.bind-api-4.0.1.pom
2025-08-10 18:03:36,856 [Worker-8: ビルド] INFO  o.e.m.c.i.e.AbstractTransferListenerAdapter - Downloading https://repo.maven.apache.org/maven2/jakarta/xml/bind/jakarta.xml.bind-api-parent/4.0.1/jakarta.xml.bind-api-parent-4.0.1.pom
2025-08-10 18:03:36,859 [Worker-8: ビルド] INFO  o.e.m.c.i.e.AbstractTransferListenerAdapter - Downloaded https://repo.maven.apache.org/maven2/jakarta/xml/bind/jakarta.xml.bind-api-parent/4.0.1/jakarta.xml.bind-api-parent-4.0.1.pom
2025-08-10 18:03:36,877 [Worker-8: ビルド] INFO  o.e.m.c.i.e.AbstractTransferListenerAdapter - Downloading https://repo.maven.apache.org/maven2/jakarta/activation/jakarta.activation-api/2.1.2/jakarta.activation-api-2.1.2.pom
2025-08-10 18:03:36,879 [Worker-8: ビルド] INFO  o.e.m.c.i.e.AbstractTransferListenerAdapter - Downloaded https://repo.maven.apache.org/maven2/jakarta/activation/jakarta.activation-api/2.1.2/jakarta.activation-api-2.1.2.pom
2025-08-10 18:03:36,901 [Worker-8: ビルド] INFO  o.e.m.c.i.e.AbstractTransferListenerAdapter - Downloading https://repo.maven.apache.org/maven2/org/glassfish/jaxb/jaxb-runtime/4.0.4/jaxb-runtime-4.0.4.pom
2025-08-10 18:03:36,902 [Worker-8: ビルド] INFO  o.e.m.c.i.e.AbstractTransferListenerAdapter - Downloaded https://repo.maven.apache.org/maven2/org/glassfish/jaxb/jaxb-runtime/4.0.4/jaxb-runtime-4.0.4.pom
2025-08-10 18:03:36,923 [Worker-8: ビルド] INFO  o.e.m.c.i.e.AbstractTransferListenerAdapter - Downloading https://repo.maven.apache.org/maven2/com/sun/xml/bind/mvn/jaxb-runtime-parent/4.0.4/jaxb-runtime-parent-4.0.4.pom
2025-08-10 18:03:36,926 [Worker-8: ビルド] INFO  o.e.m.c.i.e.AbstractTransferListenerAdapter - Downloaded https://repo.maven.apache.org/maven2/com/sun/xml/bind/mvn/jaxb-runtime-parent/4.0.4/jaxb-runtime-parent-4.0.4.pom
2025-08-10 18:03:36,947 [Worker-8: ビルド] INFO  o.e.m.c.i.e.AbstractTransferListenerAdapter - Downloading https://repo.maven.apache.org/maven2/com/sun/xml/bind/mvn/jaxb-parent/4.0.4/jaxb-parent-4.0.4.pom
2025-08-10 18:03:36,954 [Worker-8: ビルド] INFO  o.e.m.c.i.e.AbstractTransferListenerAdapter - Downloaded https://repo.maven.apache.org/maven2/com/sun/xml/bind/mvn/jaxb-parent/4.0.4/jaxb-parent-4.0.4.pom
2025-08-10 18:03:36,972 [Worker-8: ビルド] INFO  o.e.m.c.i.e.AbstractTransferListenerAdapter - Downloading https://repo.maven.apache.org/maven2/com/sun/xml/bind/jaxb-bom-ext/4.0.4/jaxb-bom-ext-4.0.4.pom
2025-08-10 18:03:36,974 [Worker-8: ビルド] INFO  o.e.m.c.i.e.AbstractTransferListenerAdapter - Downloaded https://repo.maven.apache.org/maven2/com/sun/xml/bind/jaxb-bom-ext/4.0.4/jaxb-bom-ext-4.0.4.pom
2025-08-10 18:03:36,998 [Worker-8: ビルド] INFO  o.e.m.c.i.e.AbstractTransferListenerAdapter - Downloading https://repo.maven.apache.org/maven2/org/glassfish/jaxb/jaxb-core/4.0.4/jaxb-core-4.0.4.pom
2025-08-10 18:03:37,002 [Worker-8: ビルド] INFO  o.e.m.c.i.e.AbstractTransferListenerAdapter - Downloaded https://repo.maven.apache.org/maven2/org/glassfish/jaxb/jaxb-core/4.0.4/jaxb-core-4.0.4.pom
2025-08-10 18:03:37,023 [Worker-8: ビルド] INFO  o.e.m.c.i.e.AbstractTransferListenerAdapter - Downloading https://repo.maven.apache.org/maven2/org/eclipse/angus/angus-activation/2.0.1/angus-activation-2.0.1.pom
2025-08-10 18:03:37,027 [Worker-8: ビルド] INFO  o.e.m.c.i.e.AbstractTransferListenerAdapter - Downloaded https://repo.maven.apache.org/maven2/org/eclipse/angus/angus-activation/2.0.1/angus-activation-2.0.1.pom
2025-08-10 18:03:37,048 [Worker-8: ビルド] INFO  o.e.m.c.i.e.AbstractTransferListenerAdapter - Downloading https://repo.maven.apache.org/maven2/org/eclipse/angus/angus-activation-project/2.0.1/angus-activation-project-2.0.1.pom
2025-08-10 18:03:37,053 [Worker-8: ビルド] INFO  o.e.m.c.i.e.AbstractTransferListenerAdapter - Downloaded https://repo.maven.apache.org/maven2/org/eclipse/angus/angus-activation-project/2.0.1/angus-activation-project-2.0.1.pom
2025-08-10 18:03:37,075 [Worker-8: ビルド] INFO  o.e.m.c.i.e.AbstractTransferListenerAdapter - Downloading https://repo.maven.apache.org/maven2/org/glassfish/jaxb/txw2/4.0.4/txw2-4.0.4.pom
2025-08-10 18:03:37,078 [Worker-8: ビルド] INFO  o.e.m.c.i.e.AbstractTransferListenerAdapter - Downloaded https://repo.maven.apache.org/maven2/org/glassfish/jaxb/txw2/4.0.4/txw2-4.0.4.pom
2025-08-10 18:03:37,101 [Worker-8: ビルド] INFO  o.e.m.c.i.e.AbstractTransferListenerAdapter - Downloading https://repo.maven.apache.org/maven2/com/sun/xml/bind/mvn/jaxb-txw-parent/4.0.4/jaxb-txw-parent-4.0.4.pom
2025-08-10 18:03:37,106 [Worker-8: ビルド] INFO  o.e.m.c.i.e.AbstractTransferListenerAdapter - Downloaded https://repo.maven.apache.org/maven2/com/sun/xml/bind/mvn/jaxb-txw-parent/4.0.4/jaxb-txw-parent-4.0.4.pom
2025-08-10 18:03:37,142 [Worker-8: ビルド] INFO  o.e.m.c.i.e.AbstractTransferListenerAdapter - Downloading https://repo.maven.apache.org/maven2/com/sun/istack/istack-commons-runtime/4.1.2/istack-commons-runtime-4.1.2.pom
2025-08-10 18:03:37,147 [Worker-8: ビルド] INFO  o.e.m.c.i.e.AbstractTransferListenerAdapter - Downloaded https://repo.maven.apache.org/maven2/com/sun/istack/istack-commons-runtime/4.1.2/istack-commons-runtime-4.1.2.pom
2025-08-10 18:03:37,170 [Worker-8: ビルド] INFO  o.e.m.c.i.e.AbstractTransferListenerAdapter - Downloading https://repo.maven.apache.org/maven2/com/sun/istack/istack-commons/4.1.2/istack-commons-4.1.2.pom
2025-08-10 18:03:37,173 [Worker-8: ビルド] INFO  o.e.m.c.i.e.AbstractTransferListenerAdapter - Downloaded https://repo.maven.apache.org/maven2/com/sun/istack/istack-commons/4.1.2/istack-commons-4.1.2.pom
2025-08-10 18:03:37,200 [Worker-8: ビルド] INFO  o.e.m.c.i.e.AbstractTransferListenerAdapter - Downloading https://repo.maven.apache.org/maven2/jakarta/inject/jakarta.inject-api/2.0.1/jakarta.inject-api-2.0.1.pom
2025-08-10 18:03:37,202 [Worker-8: ビルド] INFO  o.e.m.c.i.e.AbstractTransferListenerAdapter - Downloaded https://repo.maven.apache.org/maven2/jakarta/inject/jakarta.inject-api/2.0.1/jakarta.inject-api-2.0.1.pom
2025-08-10 18:03:37,225 [Worker-8: ビルド] INFO  o.e.m.c.i.e.AbstractTransferListenerAdapter - Downloading https://repo.maven.apache.org/maven2/org/antlr/antlr4-runtime/4.10.1/antlr4-runtime-4.10.1.pom
2025-08-10 18:03:37,227 [Worker-8: ビルド] INFO  o.e.m.c.i.e.AbstractTransferListenerAdapter - Downloaded https://repo.maven.apache.org/maven2/org/antlr/antlr4-runtime/4.10.1/antlr4-runtime-4.10.1.pom
2025-08-10 18:03:37,248 [Worker-8: ビルド] INFO  o.e.m.c.i.e.AbstractTransferListenerAdapter - Downloading https://repo.maven.apache.org/maven2/org/antlr/antlr4-master/4.10.1/antlr4-master-4.10.1.pom
2025-08-10 18:03:37,251 [Worker-8: ビルド] INFO  o.e.m.c.i.e.AbstractTransferListenerAdapter - Downloaded https://repo.maven.apache.org/maven2/org/antlr/antlr4-master/4.10.1/antlr4-master-4.10.1.pom
2025-08-10 18:03:37,275 [Worker-8: ビルド] INFO  o.e.m.c.i.e.AbstractTransferListenerAdapter - Downloading https://repo.maven.apache.org/maven2/org/springframework/data/spring-data-jpa/3.2.0/spring-data-jpa-3.2.0.pom
2025-08-10 18:03:37,277 [Worker-8: ビルド] INFO  o.e.m.c.i.e.AbstractTransferListenerAdapter - Downloaded https://repo.maven.apache.org/maven2/org/springframework/data/spring-data-jpa/3.2.0/spring-data-jpa-3.2.0.pom
2025-08-10 18:03:37,298 [Worker-8: ビルド] INFO  o.e.m.c.i.e.AbstractTransferListenerAdapter - Downloading https://repo.maven.apache.org/maven2/org/springframework/data/spring-data-jpa-parent/3.2.0/spring-data-jpa-parent-3.2.0.pom
2025-08-10 18:03:37,303 [Worker-8: ビルド] INFO  o.e.m.c.i.e.AbstractTransferListenerAdapter - Downloaded https://repo.maven.apache.org/maven2/org/springframework/data/spring-data-jpa-parent/3.2.0/spring-data-jpa-parent-3.2.0.pom
2025-08-10 18:03:37,324 [Worker-8: ビルド] INFO  o.e.m.c.i.e.AbstractTransferListenerAdapter - Downloading https://repo.maven.apache.org/maven2/org/springframework/data/build/spring-data-parent/3.2.0/spring-data-parent-3.2.0.pom
2025-08-10 18:03:37,332 [Worker-8: ビルド] INFO  o.e.m.c.i.e.AbstractTransferListenerAdapter - Downloaded https://repo.maven.apache.org/maven2/org/springframework/data/build/spring-data-parent/3.2.0/spring-data-parent-3.2.0.pom
2025-08-10 18:03:37,351 [Worker-8: ビルド] INFO  o.e.m.c.i.e.AbstractTransferListenerAdapter - Downloading https://repo.maven.apache.org/maven2/org/springframework/data/build/spring-data-build/3.2.0/spring-data-build-3.2.0.pom
2025-08-10 18:03:37,357 [Worker-8: ビルド] INFO  o.e.m.c.i.e.AbstractTransferListenerAdapter - Downloaded https://repo.maven.apache.org/maven2/org/springframework/data/build/spring-data-build/3.2.0/spring-data-build-3.2.0.pom
2025-08-10 18:03:37,382 [Worker-8: ビルド] INFO  o.e.m.c.i.e.AbstractTransferListenerAdapter - Downloading https://repo.maven.apache.org/maven2/org/testcontainers/testcontainers-bom/1.19.2/testcontainers-bom-1.19.2.pom
2025-08-10 18:03:37,384 [Worker-8: ビルド] INFO  o.e.m.c.i.e.AbstractTransferListenerAdapter - Downloaded https://repo.maven.apache.org/maven2/org/testcontainers/testcontainers-bom/1.19.2/testcontainers-bom-1.19.2.pom
2025-08-10 18:03:37,408 [Worker-8: ビルド] INFO  o.e.m.c.i.e.AbstractTransferListenerAdapter - Downloading https://repo.maven.apache.org/maven2/org/springframework/spring-framework-bom/6.1.0/spring-framework-bom-6.1.0.pom
2025-08-10 18:03:37,410 [Worker-8: ビルド] INFO  o.e.m.c.i.e.AbstractTransferListenerAdapter - Downloaded https://repo.maven.apache.org/maven2/org/springframework/spring-framework-bom/6.1.0/spring-framework-bom-6.1.0.pom
2025-08-10 18:03:37,435 [Worker-8: ビルド] INFO  o.e.m.c.i.e.AbstractTransferListenerAdapter - Downloading https://repo.maven.apache.org/maven2/org/springframework/data/spring-data-commons/3.2.0/spring-data-commons-3.2.0.pom
2025-08-10 18:03:37,437 [Worker-8: ビルド] INFO  o.e.m.c.i.e.AbstractTransferListenerAdapter - Downloaded https://repo.maven.apache.org/maven2/org/springframework/data/spring-data-commons/3.2.0/spring-data-commons-3.2.0.pom
2025-08-10 18:03:37,458 [Worker-8: ビルド] INFO  o.e.m.c.i.e.AbstractTransferListenerAdapter - Downloading https://repo.maven.apache.org/maven2/org/springframework/spring-orm/6.1.1/spring-orm-6.1.1.pom
2025-08-10 18:03:37,459 [Worker-8: ビルド] INFO  o.e.m.c.i.e.AbstractTransferListenerAdapter - Downloaded https://repo.maven.apache.org/maven2/org/springframework/spring-orm/6.1.1/spring-orm-6.1.1.pom
2025-08-10 18:03:37,481 [Worker-8: ビルド] INFO  o.e.m.c.i.e.AbstractTransferListenerAdapter - Downloading https://repo.maven.apache.org/maven2/org/springframework/spring-aspects/6.1.1/spring-aspects-6.1.1.pom
2025-08-10 18:03:37,483 [Worker-8: ビルド] INFO  o.e.m.c.i.e.AbstractTransferListenerAdapter - Downloaded https://repo.maven.apache.org/maven2/org/springframework/spring-aspects/6.1.1/spring-aspects-6.1.1.pom
2025-08-10 18:03:37,506 [Worker-8: ビルド] INFO  o.e.m.c.i.e.AbstractTransferListenerAdapter - Downloading https://repo.maven.apache.org/maven2/org/springframework/boot/spring-boot-starter-security/3.2.0/spring-boot-starter-security-3.2.0.pom
2025-08-10 18:03:37,508 [Worker-8: ビルド] INFO  o.e.m.c.i.e.AbstractTransferListenerAdapter - Downloaded https://repo.maven.apache.org/maven2/org/springframework/boot/spring-boot-starter-security/3.2.0/spring-boot-starter-security-3.2.0.pom
2025-08-10 18:03:37,530 [Worker-8: ビルド] INFO  o.e.m.c.i.e.AbstractTransferListenerAdapter - Downloading https://repo.maven.apache.org/maven2/org/springframework/security/spring-security-config/6.2.0/spring-security-config-6.2.0.pom
2025-08-10 18:03:37,532 [Worker-8: ビルド] INFO  o.e.m.c.i.e.AbstractTransferListenerAdapter - Downloaded https://repo.maven.apache.org/maven2/org/springframework/security/spring-security-config/6.2.0/spring-security-config-6.2.0.pom
2025-08-10 18:03:37,554 [Worker-8: ビルド] INFO  o.e.m.c.i.e.AbstractTransferListenerAdapter - Downloading https://repo.maven.apache.org/maven2/org/springframework/security/spring-security-core/6.2.0/spring-security-core-6.2.0.pom
2025-08-10 18:03:37,556 [Worker-8: ビルド] INFO  o.e.m.c.i.e.AbstractTransferListenerAdapter - Downloaded https://repo.maven.apache.org/maven2/org/springframework/security/spring-security-core/6.2.0/spring-security-core-6.2.0.pom
2025-08-10 18:03:37,575 [Worker-8: ビルド] INFO  o.e.m.c.i.e.AbstractTransferListenerAdapter - Downloading https://repo.maven.apache.org/maven2/org/springframework/security/spring-security-crypto/6.2.0/spring-security-crypto-6.2.0.pom
2025-08-10 18:03:37,577 [Worker-8: ビルド] INFO  o.e.m.c.i.e.AbstractTransferListenerAdapter - Downloaded https://repo.maven.apache.org/maven2/org/springframework/security/spring-security-crypto/6.2.0/spring-security-crypto-6.2.0.pom
2025-08-10 18:03:37,597 [Worker-8: ビルド] INFO  o.e.m.c.i.e.AbstractTransferListenerAdapter - Downloading https://repo.maven.apache.org/maven2/org/springframework/security/spring-security-web/6.2.0/spring-security-web-6.2.0.pom
2025-08-10 18:03:37,599 [Worker-8: ビルド] INFO  o.e.m.c.i.e.AbstractTransferListenerAdapter - Downloaded https://repo.maven.apache.org/maven2/org/springframework/security/spring-security-web/6.2.0/spring-security-web-6.2.0.pom
2025-08-10 18:03:37,619 [Worker-8: ビルド] INFO  o.e.m.c.i.e.AbstractTransferListenerAdapter - Downloading https://repo.maven.apache.org/maven2/org/springframework/boot/spring-boot-starter-validation/3.2.0/spring-boot-starter-validation-3.2.0.pom
2025-08-10 18:03:37,622 [Worker-8: ビルド] INFO  o.e.m.c.i.e.AbstractTransferListenerAdapter - Downloaded https://repo.maven.apache.org/maven2/org/springframework/boot/spring-boot-starter-validation/3.2.0/spring-boot-starter-validation-3.2.0.pom
2025-08-10 18:03:37,642 [Worker-8: ビルド] INFO  o.e.m.c.i.e.AbstractTransferListenerAdapter - Downloading https://repo.maven.apache.org/maven2/org/hibernate/validator/hibernate-validator/8.0.1.Final/hibernate-validator-8.0.1.Final.pom
2025-08-10 18:03:37,644 [Worker-8: ビルド] INFO  o.e.m.c.i.e.AbstractTransferListenerAdapter - Downloaded https://repo.maven.apache.org/maven2/org/hibernate/validator/hibernate-validator/8.0.1.Final/hibernate-validator-8.0.1.Final.pom
2025-08-10 18:03:37,666 [Worker-8: ビルド] INFO  o.e.m.c.i.e.AbstractTransferListenerAdapter - Downloading https://repo.maven.apache.org/maven2/org/hibernate/validator/hibernate-validator-parent/8.0.1.Final/hibernate-validator-parent-8.0.1.Final.pom
2025-08-10 18:03:37,675 [Worker-8: ビルド] INFO  o.e.m.c.i.e.AbstractTransferListenerAdapter - Downloaded https://repo.maven.apache.org/maven2/org/hibernate/validator/hibernate-validator-parent/8.0.1.Final/hibernate-validator-parent-8.0.1.Final.pom
2025-08-10 18:03:37,698 [Worker-8: ビルド] INFO  o.e.m.c.i.e.AbstractTransferListenerAdapter - Downloading https://repo.maven.apache.org/maven2/org/jboss/arquillian/arquillian-bom/1.7.0.Alpha10/arquillian-bom-1.7.0.Alpha10.pom
2025-08-10 18:03:37,700 [Worker-8: ビルド] INFO  o.e.m.c.i.e.AbstractTransferListenerAdapter - Downloaded https://repo.maven.apache.org/maven2/org/jboss/arquillian/arquillian-bom/1.7.0.Alpha10/arquillian-bom-1.7.0.Alpha10.pom
2025-08-10 18:03:37,720 [Worker-8: ビルド] INFO  o.e.m.c.i.e.AbstractTransferListenerAdapter - Downloading https://repo.maven.apache.org/maven2/org/jboss/shrinkwrap/shrinkwrap-bom/1.2.6/shrinkwrap-bom-1.2.6.pom
2025-08-10 18:03:37,723 [Worker-8: ビルド] INFO  o.e.m.c.i.e.AbstractTransferListenerAdapter - Downloaded https://repo.maven.apache.org/maven2/org/jboss/shrinkwrap/shrinkwrap-bom/1.2.6/shrinkwrap-bom-1.2.6.pom
2025-08-10 18:03:37,742 [Worker-8: ビルド] INFO  o.e.m.c.i.e.AbstractTransferListenerAdapter - Downloading https://repo.maven.apache.org/maven2/org/jboss/shrinkwrap/resolver/shrinkwrap-resolver-bom/3.1.4/shrinkwrap-resolver-bom-3.1.4.pom
2025-08-10 18:03:37,744 [Worker-8: ビルド] INFO  o.e.m.c.i.e.AbstractTransferListenerAdapter - Downloaded https://repo.maven.apache.org/maven2/org/jboss/shrinkwrap/resolver/shrinkwrap-resolver-bom/3.1.4/shrinkwrap-resolver-bom-3.1.4.pom
2025-08-10 18:03:37,765 [Worker-8: ビルド] INFO  o.e.m.c.i.e.AbstractTransferListenerAdapter - Downloading https://repo.maven.apache.org/maven2/org/apache/maven/maven/3.6.3/maven-3.6.3.pom
2025-08-10 18:03:37,768 [Worker-8: ビルド] INFO  o.e.m.c.i.e.AbstractTransferListenerAdapter - Downloaded https://repo.maven.apache.org/maven2/org/apache/maven/maven/3.6.3/maven-3.6.3.pom
2025-08-10 18:03:37,817 [Worker-8: ビルド] INFO  o.e.m.c.i.e.AbstractTransferListenerAdapter - Downloading https://repo.maven.apache.org/maven2/org/apache/maven/maven-parent/33/maven-parent-33.pom
2025-08-10 18:03:37,822 [Worker-8: ビルド] INFO  o.e.m.c.i.e.AbstractTransferListenerAdapter - Downloaded https://repo.maven.apache.org/maven2/org/apache/maven/maven-parent/33/maven-parent-33.pom
2025-08-10 18:03:37,838 [Worker-8: ビルド] INFO  o.e.m.c.i.e.AbstractTransferListenerAdapter - Downloading https://repo.maven.apache.org/maven2/org/apache/apache/21/apache-21.pom
2025-08-10 18:03:37,841 [Worker-8: ビルド] INFO  o.e.m.c.i.e.AbstractTransferListenerAdapter - Downloaded https://repo.maven.apache.org/maven2/org/apache/apache/21/apache-21.pom
2025-08-10 18:03:37,861 [Worker-8: ビルド] INFO  o.e.m.c.i.e.AbstractTransferListenerAdapter - Downloading https://repo.maven.apache.org/maven2/org/jboss/shrinkwrap/descriptors/shrinkwrap-descriptors-bom/2.0.0/shrinkwrap-descriptors-bom-2.0.0.pom
2025-08-10 18:03:37,864 [Worker-8: ビルド] INFO  o.e.m.c.i.e.AbstractTransferListenerAdapter - Downloaded https://repo.maven.apache.org/maven2/org/jboss/shrinkwrap/descriptors/shrinkwrap-descriptors-bom/2.0.0/shrinkwrap-descriptors-bom-2.0.0.pom
2025-08-10 18:03:37,886 [Worker-8: ビルド] INFO  o.e.m.c.i.e.AbstractTransferListenerAdapter - Downloading https://repo.maven.apache.org/maven2/jakarta/validation/jakarta.validation-api/3.0.2/jakarta.validation-api-3.0.2.pom
2025-08-10 18:03:37,889 [Worker-8: ビルド] INFO  o.e.m.c.i.e.AbstractTransferListenerAdapter - Downloaded https://repo.maven.apache.org/maven2/jakarta/validation/jakarta.validation-api/3.0.2/jakarta.validation-api-3.0.2.pom
2025-08-10 18:03:37,908 [Worker-8: ビルド] INFO  o.e.m.c.i.e.AbstractTransferListenerAdapter - Downloading https://repo.maven.apache.org/maven2/org/springframework/boot/spring-boot-starter-thymeleaf/3.2.0/spring-boot-starter-thymeleaf-3.2.0.pom
2025-08-10 18:03:37,910 [Worker-8: ビルド] INFO  o.e.m.c.i.e.AbstractTransferListenerAdapter - Downloaded https://repo.maven.apache.org/maven2/org/springframework/boot/spring-boot-starter-thymeleaf/3.2.0/spring-boot-starter-thymeleaf-3.2.0.pom
2025-08-10 18:03:37,934 [Worker-8: ビルド] INFO  o.e.m.c.i.e.AbstractTransferListenerAdapter - Downloading https://repo.maven.apache.org/maven2/org/thymeleaf/thymeleaf-spring6/3.1.2.RELEASE/thymeleaf-spring6-3.1.2.RELEASE.pom
2025-08-10 18:03:37,936 [Worker-8: ビルド] INFO  o.e.m.c.i.e.AbstractTransferListenerAdapter - Downloaded https://repo.maven.apache.org/maven2/org/thymeleaf/thymeleaf-spring6/3.1.2.RELEASE/thymeleaf-spring6-3.1.2.RELEASE.pom
2025-08-10 18:03:37,954 [Worker-8: ビルド] INFO  o.e.m.c.i.e.AbstractTransferListenerAdapter - Downloading https://repo.maven.apache.org/maven2/org/thymeleaf/thymeleaf-lib/3.1.2.RELEASE/thymeleaf-lib-3.1.2.RELEASE.pom
2025-08-10 18:03:37,956 [Worker-8: ビルド] INFO  o.e.m.c.i.e.AbstractTransferListenerAdapter - Downloaded https://repo.maven.apache.org/maven2/org/thymeleaf/thymeleaf-lib/3.1.2.RELEASE/thymeleaf-lib-3.1.2.RELEASE.pom
2025-08-10 18:03:37,978 [Worker-8: ビルド] INFO  o.e.m.c.i.e.AbstractTransferListenerAdapter - Downloading https://repo.maven.apache.org/maven2/org/thymeleaf/thymeleaf-parent/3.1.2.RELEASE/thymeleaf-parent-3.1.2.RELEASE.pom
2025-08-10 18:03:37,981 [Worker-8: ビルド] INFO  o.e.m.c.i.e.AbstractTransferListenerAdapter - Downloaded https://repo.maven.apache.org/maven2/org/thymeleaf/thymeleaf-parent/3.1.2.RELEASE/thymeleaf-parent-3.1.2.RELEASE.pom
2025-08-10 18:03:38,000 [Worker-8: ビルド] INFO  o.e.m.c.i.e.AbstractTransferListenerAdapter - Downloading https://repo.maven.apache.org/maven2/org/springframework/spring-framework-bom/6.0.11/spring-framework-bom-6.0.11.pom
2025-08-10 18:03:38,002 [Worker-8: ビルド] INFO  o.e.m.c.i.e.AbstractTransferListenerAdapter - Downloaded https://repo.maven.apache.org/maven2/org/springframework/spring-framework-bom/6.0.11/spring-framework-bom-6.0.11.pom
2025-08-10 18:03:38,022 [Worker-8: ビルド] INFO  o.e.m.c.i.e.AbstractTransferListenerAdapter - Downloading https://repo.maven.apache.org/maven2/io/projectreactor/reactor-bom/2022.0.9/reactor-bom-2022.0.9.pom
2025-08-10 18:03:38,025 [Worker-8: ビルド] INFO  o.e.m.c.i.e.AbstractTransferListenerAdapter - Downloaded https://repo.maven.apache.org/maven2/io/projectreactor/reactor-bom/2022.0.9/reactor-bom-2022.0.9.pom
2025-08-10 18:03:38,046 [Worker-8: ビルド] INFO  o.e.m.c.i.e.AbstractTransferListenerAdapter - Downloading https://repo.maven.apache.org/maven2/org/apache/logging/log4j/log4j-bom/2.20.0/log4j-bom-2.20.0.pom
2025-08-10 18:03:38,049 [Worker-8: ビルド] INFO  o.e.m.c.i.e.AbstractTransferListenerAdapter - Downloaded https://repo.maven.apache.org/maven2/org/apache/logging/log4j/log4j-bom/2.20.0/log4j-bom-2.20.0.pom
2025-08-10 18:03:38,068 [Worker-8: ビルド] INFO  o.e.m.c.i.e.AbstractTransferListenerAdapter - Downloading https://repo.maven.apache.org/maven2/org/apache/logging/logging-parent/7/logging-parent-7.pom
2025-08-10 18:03:38,070 [Worker-8: ビルド] INFO  o.e.m.c.i.e.AbstractTransferListenerAdapter - Downloaded https://repo.maven.apache.org/maven2/org/apache/logging/logging-parent/7/logging-parent-7.pom
2025-08-10 18:03:38,091 [Worker-8: ビルド] INFO  o.e.m.c.i.e.AbstractTransferListenerAdapter - Downloading https://repo.maven.apache.org/maven2/org/apache/apache/27/apache-27.pom
2025-08-10 18:03:38,092 [Worker-8: ビルド] INFO  o.e.m.c.i.e.AbstractTransferListenerAdapter - Downloaded https://repo.maven.apache.org/maven2/org/apache/apache/27/apache-27.pom
2025-08-10 18:03:38,114 [Worker-8: ビルド] INFO  o.e.m.c.i.e.AbstractTransferListenerAdapter - Downloading https://repo.maven.apache.org/maven2/org/thymeleaf/thymeleaf/3.1.2.RELEASE/thymeleaf-3.1.2.RELEASE.pom
2025-08-10 18:03:38,116 [Worker-8: ビルド] INFO  o.e.m.c.i.e.AbstractTransferListenerAdapter - Downloaded https://repo.maven.apache.org/maven2/org/thymeleaf/thymeleaf/3.1.2.RELEASE/thymeleaf-3.1.2.RELEASE.pom
2025-08-10 18:03:38,136 [Worker-8: ビルド] INFO  o.e.m.c.i.e.AbstractTransferListenerAdapter - Downloading https://repo.maven.apache.org/maven2/org/attoparser/attoparser/2.0.7.RELEASE/attoparser-2.0.7.RELEASE.pom
2025-08-10 18:03:38,138 [Worker-8: ビルド] INFO  o.e.m.c.i.e.AbstractTransferListenerAdapter - Downloaded https://repo.maven.apache.org/maven2/org/attoparser/attoparser/2.0.7.RELEASE/attoparser-2.0.7.RELEASE.pom
2025-08-10 18:03:38,158 [Worker-8: ビルド] INFO  o.e.m.c.i.e.AbstractTransferListenerAdapter - Downloading https://repo.maven.apache.org/maven2/org/unbescape/unbescape/1.1.6.RELEASE/unbescape-1.1.6.RELEASE.pom
2025-08-10 18:03:38,160 [Worker-8: ビルド] INFO  o.e.m.c.i.e.AbstractTransferListenerAdapter - Downloaded https://repo.maven.apache.org/maven2/org/unbescape/unbescape/1.1.6.RELEASE/unbescape-1.1.6.RELEASE.pom
2025-08-10 18:03:38,180 [Worker-8: ビルド] INFO  o.e.m.c.i.e.AbstractTransferListenerAdapter - Downloading https://repo.maven.apache.org/maven2/mysql/mysql-connector-java/8.0.33/mysql-connector-java-8.0.33.pom
2025-08-10 18:03:38,182 [Worker-8: ビルド] INFO  o.e.m.c.i.e.AbstractTransferListenerAdapter - Downloaded https://repo.maven.apache.org/maven2/mysql/mysql-connector-java/8.0.33/mysql-connector-java-8.0.33.pom
2025-08-10 18:03:38,204 [Worker-8: ビルド] INFO  o.e.m.c.i.e.AbstractTransferListenerAdapter - Downloading https://repo.maven.apache.org/maven2/com/mysql/mysql-connector-j/8.0.33/mysql-connector-j-8.0.33.pom
2025-08-10 18:03:38,206 [Worker-8: ビルド] INFO  o.e.m.c.i.e.AbstractTransferListenerAdapter - Downloaded https://repo.maven.apache.org/maven2/com/mysql/mysql-connector-j/8.0.33/mysql-connector-j-8.0.33.pom
2025-08-10 18:03:38,227 [Worker-8: ビルド] INFO  o.e.m.c.i.e.AbstractTransferListenerAdapter - Downloading https://repo.maven.apache.org/maven2/com/h2database/h2/2.2.224/h2-2.2.224.pom
2025-08-10 18:03:38,229 [Worker-8: ビルド] INFO  o.e.m.c.i.e.AbstractTransferListenerAdapter - Downloaded https://repo.maven.apache.org/maven2/com/h2database/h2/2.2.224/h2-2.2.224.pom
2025-08-10 18:03:38,250 [Worker-8: ビルド] INFO  o.e.m.c.i.e.AbstractTransferListenerAdapter - Downloading https://repo.maven.apache.org/maven2/org/springframework/boot/spring-boot-starter-test/3.2.0/spring-boot-starter-test-3.2.0.pom
2025-08-10 18:03:38,255 [Worker-8: ビルド] INFO  o.e.m.c.i.e.AbstractTransferListenerAdapter - Downloaded https://repo.maven.apache.org/maven2/org/springframework/boot/spring-boot-starter-test/3.2.0/spring-boot-starter-test-3.2.0.pom
2025-08-10 18:03:38,272 [Worker-8: ビルド] INFO  o.e.m.c.i.e.AbstractTransferListenerAdapter - Downloading https://repo.maven.apache.org/maven2/org/springframework/boot/spring-boot-test/3.2.0/spring-boot-test-3.2.0.pom
2025-08-10 18:03:38,274 [Worker-8: ビルド] INFO  o.e.m.c.i.e.AbstractTransferListenerAdapter - Downloaded https://repo.maven.apache.org/maven2/org/springframework/boot/spring-boot-test/3.2.0/spring-boot-test-3.2.0.pom
2025-08-10 18:03:38,294 [Worker-8: ビルド] INFO  o.e.m.c.i.e.AbstractTransferListenerAdapter - Downloading https://repo.maven.apache.org/maven2/org/springframework/boot/spring-boot-test-autoconfigure/3.2.0/spring-boot-test-autoconfigure-3.2.0.pom
2025-08-10 18:03:38,296 [Worker-8: ビルド] INFO  o.e.m.c.i.e.AbstractTransferListenerAdapter - Downloaded https://repo.maven.apache.org/maven2/org/springframework/boot/spring-boot-test-autoconfigure/3.2.0/spring-boot-test-autoconfigure-3.2.0.pom
2025-08-10 18:03:38,316 [Worker-8: ビルド] INFO  o.e.m.c.i.e.AbstractTransferListenerAdapter - Downloading https://repo.maven.apache.org/maven2/com/jayway/jsonpath/json-path/2.8.0/json-path-2.8.0.pom
2025-08-10 18:03:38,323 [Worker-8: ビルド] INFO  o.e.m.c.i.e.AbstractTransferListenerAdapter - Downloaded https://repo.maven.apache.org/maven2/com/jayway/jsonpath/json-path/2.8.0/json-path-2.8.0.pom
2025-08-10 18:03:38,346 [Worker-8: ビルド] INFO  o.e.m.c.i.e.AbstractTransferListenerAdapter - Downloading https://repo.maven.apache.org/maven2/net/minidev/json-smart/2.5.0/json-smart-2.5.0.pom
2025-08-10 18:03:38,350 [Worker-8: ビルド] INFO  o.e.m.c.i.e.AbstractTransferListenerAdapter - Downloaded https://repo.maven.apache.org/maven2/net/minidev/json-smart/2.5.0/json-smart-2.5.0.pom
2025-08-10 18:03:38,372 [Worker-8: ビルド] INFO  o.e.m.c.i.e.AbstractTransferListenerAdapter - Downloading https://repo.maven.apache.org/maven2/net/minidev/accessors-smart/2.5.0/accessors-smart-2.5.0.pom
2025-08-10 18:03:38,375 [Worker-8: ビルド] INFO  o.e.m.c.i.e.AbstractTransferListenerAdapter - Downloaded https://repo.maven.apache.org/maven2/net/minidev/accessors-smart/2.5.0/accessors-smart-2.5.0.pom
2025-08-10 18:03:38,427 [Worker-8: ビルド] INFO  o.e.m.c.i.e.AbstractTransferListenerAdapter - Downloading https://repo.maven.apache.org/maven2/org/ow2/asm/asm/9.3/asm-9.3.pom
2025-08-10 18:03:38,431 [Worker-8: ビルド] INFO  o.e.m.c.i.e.AbstractTransferListenerAdapter - Downloaded https://repo.maven.apache.org/maven2/org/ow2/asm/asm/9.3/asm-9.3.pom
2025-08-10 18:03:38,455 [Worker-8: ビルド] INFO  o.e.m.c.i.e.AbstractTransferListenerAdapter - Downloading https://repo.maven.apache.org/maven2/org/ow2/ow2/1.5/ow2-1.5.pom
2025-08-10 18:03:38,458 [Worker-8: ビルド] INFO  o.e.m.c.i.e.AbstractTransferListenerAdapter - Downloaded https://repo.maven.apache.org/maven2/org/ow2/ow2/1.5/ow2-1.5.pom
2025-08-10 18:03:38,478 [Worker-8: ビルド] INFO  o.e.m.c.i.e.AbstractTransferListenerAdapter - Downloading https://repo.maven.apache.org/maven2/org/assertj/assertj-core/3.24.2/assertj-core-3.24.2.pom
2025-08-10 18:03:38,481 [Worker-8: ビルド] INFO  o.e.m.c.i.e.AbstractTransferListenerAdapter - Downloaded https://repo.maven.apache.org/maven2/org/assertj/assertj-core/3.24.2/assertj-core-3.24.2.pom
2025-08-10 18:03:38,502 [Worker-8: ビルド] INFO  o.e.m.c.i.e.AbstractTransferListenerAdapter - Downloading https://repo.maven.apache.org/maven2/org/assertj/assertj-parent/3.24.2/assertj-parent-3.24.2.pom
2025-08-10 18:03:38,505 [Worker-8: ビルド] INFO  o.e.m.c.i.e.AbstractTransferListenerAdapter - Downloaded https://repo.maven.apache.org/maven2/org/assertj/assertj-parent/3.24.2/assertj-parent-3.24.2.pom
2025-08-10 18:03:38,524 [Worker-8: ビルド] INFO  o.e.m.c.i.e.AbstractTransferListenerAdapter - Downloading https://repo.maven.apache.org/maven2/org/assertj/assertj-build/3.24.2/assertj-build-3.24.2.pom
2025-08-10 18:03:38,527 [Worker-8: ビルド] INFO  o.e.m.c.i.e.AbstractTransferListenerAdapter - Downloaded https://repo.maven.apache.org/maven2/org/assertj/assertj-build/3.24.2/assertj-build-3.24.2.pom
2025-08-10 18:03:38,544 [Worker-8: ビルド] INFO  o.e.m.c.i.e.AbstractTransferListenerAdapter - Downloading https://repo.maven.apache.org/maven2/org/junit/junit-bom/5.9.1/junit-bom-5.9.1.pom
2025-08-10 18:03:38,546 [Worker-8: ビルド] INFO  o.e.m.c.i.e.AbstractTransferListenerAdapter - Downloaded https://repo.maven.apache.org/maven2/org/junit/junit-bom/5.9.1/junit-bom-5.9.1.pom
2025-08-10 18:03:38,566 [Worker-8: ビルド] INFO  o.e.m.c.i.e.AbstractTransferListenerAdapter - Downloading https://repo.maven.apache.org/maven2/org/awaitility/awaitility/4.2.0/awaitility-4.2.0.pom
2025-08-10 18:03:38,568 [Worker-8: ビルド] INFO  o.e.m.c.i.e.AbstractTransferListenerAdapter - Downloaded https://repo.maven.apache.org/maven2/org/awaitility/awaitility/4.2.0/awaitility-4.2.0.pom
2025-08-10 18:03:38,586 [Worker-8: ビルド] INFO  o.e.m.c.i.e.AbstractTransferListenerAdapter - Downloading https://repo.maven.apache.org/maven2/org/awaitility/awaitility-parent/4.2.0/awaitility-parent-4.2.0.pom
2025-08-10 18:03:38,588 [Worker-8: ビルド] INFO  o.e.m.c.i.e.AbstractTransferListenerAdapter - Downloaded https://repo.maven.apache.org/maven2/org/awaitility/awaitility-parent/4.2.0/awaitility-parent-4.2.0.pom
2025-08-10 18:03:38,606 [Worker-8: ビルド] INFO  o.e.m.c.i.e.AbstractTransferListenerAdapter - Downloading https://repo.maven.apache.org/maven2/org/hamcrest/hamcrest/2.2/hamcrest-2.2.pom
2025-08-10 18:03:38,608 [Worker-8: ビルド] INFO  o.e.m.c.i.e.AbstractTransferListenerAdapter - Downloaded https://repo.maven.apache.org/maven2/org/hamcrest/hamcrest/2.2/hamcrest-2.2.pom
2025-08-10 18:03:38,626 [Worker-8: ビルド] INFO  o.e.m.c.i.e.AbstractTransferListenerAdapter - Downloading https://repo.maven.apache.org/maven2/org/junit/jupiter/junit-jupiter/5.10.1/junit-jupiter-5.10.1.pom
2025-08-10 18:03:38,628 [Worker-8: ビルド] INFO  o.e.m.c.i.e.AbstractTransferListenerAdapter - Downloaded https://repo.maven.apache.org/maven2/org/junit/jupiter/junit-jupiter/5.10.1/junit-jupiter-5.10.1.pom
2025-08-10 18:03:38,646 [Worker-8: ビルド] INFO  o.e.m.c.i.e.AbstractTransferListenerAdapter - Downloading https://repo.maven.apache.org/maven2/org/junit/jupiter/junit-jupiter-api/5.10.1/junit-jupiter-api-5.10.1.pom
2025-08-10 18:03:38,648 [Worker-8: ビルド] INFO  o.e.m.c.i.e.AbstractTransferListenerAdapter - Downloaded https://repo.maven.apache.org/maven2/org/junit/jupiter/junit-jupiter-api/5.10.1/junit-jupiter-api-5.10.1.pom
2025-08-10 18:03:38,668 [Worker-8: ビルド] INFO  o.e.m.c.i.e.AbstractTransferListenerAdapter - Downloading https://repo.maven.apache.org/maven2/org/junit/platform/junit-platform-commons/1.10.1/junit-platform-commons-1.10.1.pom
2025-08-10 18:03:38,672 [Worker-8: ビルド] INFO  o.e.m.c.i.e.AbstractTransferListenerAdapter - Downloaded https://repo.maven.apache.org/maven2/org/junit/platform/junit-platform-commons/1.10.1/junit-platform-commons-1.10.1.pom
2025-08-10 18:03:38,694 [Worker-8: ビルド] INFO  o.e.m.c.i.e.AbstractTransferListenerAdapter - Downloading https://repo.maven.apache.org/maven2/org/junit/jupiter/junit-jupiter-params/5.10.1/junit-jupiter-params-5.10.1.pom
2025-08-10 18:03:38,696 [Worker-8: ビルド] INFO  o.e.m.c.i.e.AbstractTransferListenerAdapter - Downloaded https://repo.maven.apache.org/maven2/org/junit/jupiter/junit-jupiter-params/5.10.1/junit-jupiter-params-5.10.1.pom
2025-08-10 18:03:38,716 [Worker-8: ビルド] INFO  o.e.m.c.i.e.AbstractTransferListenerAdapter - Downloading https://repo.maven.apache.org/maven2/org/junit/jupiter/junit-jupiter-engine/5.10.1/junit-jupiter-engine-5.10.1.pom
2025-08-10 18:03:38,718 [Worker-8: ビルド] INFO  o.e.m.c.i.e.AbstractTransferListenerAdapter - Downloaded https://repo.maven.apache.org/maven2/org/junit/jupiter/junit-jupiter-engine/5.10.1/junit-jupiter-engine-5.10.1.pom
2025-08-10 18:03:38,739 [Worker-8: ビルド] INFO  o.e.m.c.i.e.AbstractTransferListenerAdapter - Downloading https://repo.maven.apache.org/maven2/org/junit/platform/junit-platform-engine/1.10.1/junit-platform-engine-1.10.1.pom
2025-08-10 18:03:38,741 [Worker-8: ビルド] INFO  o.e.m.c.i.e.AbstractTransferListenerAdapter - Downloaded https://repo.maven.apache.org/maven2/org/junit/platform/junit-platform-engine/1.10.1/junit-platform-engine-1.10.1.pom
2025-08-10 18:03:38,758 [Worker-8: ビルド] INFO  o.e.m.c.i.e.AbstractTransferListenerAdapter - Downloading https://repo.maven.apache.org/maven2/org/mockito/mockito-core/5.7.0/mockito-core-5.7.0.pom
2025-08-10 18:03:38,760 [Worker-8: ビルド] INFO  o.e.m.c.i.e.AbstractTransferListenerAdapter - Downloaded https://repo.maven.apache.org/maven2/org/mockito/mockito-core/5.7.0/mockito-core-5.7.0.pom
2025-08-10 18:03:38,780 [Worker-8: ビルド] INFO  o.e.m.c.i.e.AbstractTransferListenerAdapter - Downloading https://repo.maven.apache.org/maven2/net/bytebuddy/byte-buddy-agent/1.14.10/byte-buddy-agent-1.14.10.pom
2025-08-10 18:03:38,782 [Worker-8: ビルド] INFO  o.e.m.c.i.e.AbstractTransferListenerAdapter - Downloaded https://repo.maven.apache.org/maven2/net/bytebuddy/byte-buddy-agent/1.14.10/byte-buddy-agent-1.14.10.pom
2025-08-10 18:03:38,803 [Worker-8: ビルド] INFO  o.e.m.c.i.e.AbstractTransferListenerAdapter - Downloading https://repo.maven.apache.org/maven2/org/mockito/mockito-junit-jupiter/5.7.0/mockito-junit-jupiter-5.7.0.pom
2025-08-10 18:03:38,805 [Worker-8: ビルド] INFO  o.e.m.c.i.e.AbstractTransferListenerAdapter - Downloaded https://repo.maven.apache.org/maven2/org/mockito/mockito-junit-jupiter/5.7.0/mockito-junit-jupiter-5.7.0.pom
2025-08-10 18:03:38,827 [Worker-8: ビルド] INFO  o.e.m.c.i.e.AbstractTransferListenerAdapter - Downloading https://repo.maven.apache.org/maven2/org/skyscreamer/jsonassert/1.5.1/jsonassert-1.5.1.pom
2025-08-10 18:03:38,829 [Worker-8: ビルド] INFO  o.e.m.c.i.e.AbstractTransferListenerAdapter - Downloaded https://repo.maven.apache.org/maven2/org/skyscreamer/jsonassert/1.5.1/jsonassert-1.5.1.pom
2025-08-10 18:03:38,848 [Worker-8: ビルド] INFO  o.e.m.c.i.e.AbstractTransferListenerAdapter - Downloading https://repo.maven.apache.org/maven2/org/springframework/spring-test/6.1.1/spring-test-6.1.1.pom
2025-08-10 18:03:38,850 [Worker-8: ビルド] INFO  o.e.m.c.i.e.AbstractTransferListenerAdapter - Downloaded https://repo.maven.apache.org/maven2/org/springframework/spring-test/6.1.1/spring-test-6.1.1.pom
2025-08-10 18:03:38,871 [Worker-8: ビルド] INFO  o.e.m.c.i.e.AbstractTransferListenerAdapter - Downloading https://repo.maven.apache.org/maven2/org/xmlunit/xmlunit-core/2.9.1/xmlunit-core-2.9.1.pom
2025-08-10 18:03:38,873 [Worker-8: ビルド] INFO  o.e.m.c.i.e.AbstractTransferListenerAdapter - Downloaded https://repo.maven.apache.org/maven2/org/xmlunit/xmlunit-core/2.9.1/xmlunit-core-2.9.1.pom
2025-08-10 18:03:38,891 [Worker-8: ビルド] INFO  o.e.m.c.i.e.AbstractTransferListenerAdapter - Downloading https://repo.maven.apache.org/maven2/org/xmlunit/xmlunit-parent/2.9.1/xmlunit-parent-2.9.1.pom
2025-08-10 18:03:38,892 [Worker-8: ビルド] INFO  o.e.m.c.i.e.AbstractTransferListenerAdapter - Downloaded https://repo.maven.apache.org/maven2/org/xmlunit/xmlunit-parent/2.9.1/xmlunit-parent-2.9.1.pom
2025-08-10 18:03:38,912 [Worker-8: ビルド] INFO  o.e.m.c.i.e.AbstractTransferListenerAdapter - Downloading https://repo.maven.apache.org/maven2/org/springframework/security/spring-security-test/6.2.0/spring-security-test-6.2.0.pom
2025-08-10 18:03:38,914 [Worker-8: ビルド] INFO  o.e.m.c.i.e.AbstractTransferListenerAdapter - Downloaded https://repo.maven.apache.org/maven2/org/springframework/security/spring-security-test/6.2.0/spring-security-test-6.2.0.pom
2025-08-10 18:03:38,928 [Worker-8: ビルド] WARN  o.e.m.c.i.embedder.EclipseLogger - The artifact mysql:mysql-connector-java:jar:8.0.33 has been relocated to com.mysql:mysql-connector-j:jar:8.0.33: MySQL Connector/J artifacts moved to reverse-DNS compliant Maven 2+ coordinates.
2025-08-10 18:03:38,950 [Worker-8: ビルド] INFO  o.e.m.c.i.e.AbstractTransferListenerAdapter - Downloading https://repo.maven.apache.org/maven2/org/springframework/boot/spring-boot-starter-web/3.2.0/spring-boot-starter-web-3.2.0.jar
2025-08-10 18:03:38,953 [Worker-8: ビルド] INFO  o.e.m.c.i.e.AbstractTransferListenerAdapter - Downloaded https://repo.maven.apache.org/maven2/org/springframework/boot/spring-boot-starter-web/3.2.0/spring-boot-starter-web-3.2.0.jar
2025-08-10 18:03:38,963 [BasicRepositoryConnector-repo.maven.apache.org-5-0] INFO  o.e.m.c.i.e.AbstractTransferListenerAdapter - Downloading https://repo.maven.apache.org/maven2/org/springframework/boot/spring-boot-starter/3.2.0/spring-boot-starter-3.2.0.jar
2025-08-10 18:03:38,966 [BasicRepositoryConnector-repo.maven.apache.org-5-0] INFO  o.e.m.c.i.e.AbstractTransferListenerAdapter - Downloaded https://repo.maven.apache.org/maven2/org/springframework/boot/spring-boot-starter/3.2.0/spring-boot-starter-3.2.0.jar
2025-08-10 18:03:38,975 [BasicRepositoryConnector-repo.maven.apache.org-5-0] INFO  o.e.m.c.i.e.AbstractTransferListenerAdapter - Downloading https://repo.maven.apache.org/maven2/ch/qos/logback/logback-core/1.4.11/logback-core-1.4.11.jar
2025-08-10 18:03:39,007 [BasicRepositoryConnector-repo.maven.apache.org-5-3] INFO  o.e.m.c.i.e.AbstractTransferListenerAdapter - Downloading https://repo.maven.apache.org/maven2/org/springframework/boot/spring-boot-starter-logging/3.2.0/spring-boot-starter-logging-3.2.0.jar
2025-08-10 18:03:39,007 [BasicRepositoryConnector-repo.maven.apache.org-5-1] INFO  o.e.m.c.i.e.AbstractTransferListenerAdapter - Downloading https://repo.maven.apache.org/maven2/org/springframework/boot/spring-boot/3.2.0/spring-boot-3.2.0.jar
2025-08-10 18:03:39,007 [BasicRepositoryConnector-repo.maven.apache.org-5-4] INFO  o.e.m.c.i.e.AbstractTransferListenerAdapter - Downloading https://repo.maven.apache.org/maven2/ch/qos/logback/logback-classic/1.4.11/logback-classic-1.4.11.jar
2025-08-10 18:03:39,009 [BasicRepositoryConnector-repo.maven.apache.org-5-3] INFO  o.e.m.c.i.e.AbstractTransferListenerAdapter - Downloaded https://repo.maven.apache.org/maven2/org/springframework/boot/spring-boot-starter-logging/3.2.0/spring-boot-starter-logging-3.2.0.jar
2025-08-10 18:03:39,012 [BasicRepositoryConnector-repo.maven.apache.org-5-2] INFO  o.e.m.c.i.e.AbstractTransferListenerAdapter - Downloading https://repo.maven.apache.org/maven2/org/springframework/boot/spring-boot-autoconfigure/3.2.0/spring-boot-autoconfigure-3.2.0.jar
2025-08-10 18:03:39,061 [BasicRepositoryConnector-repo.maven.apache.org-5-3] INFO  o.e.m.c.i.e.AbstractTransferListenerAdapter - Downloading https://repo.maven.apache.org/maven2/org/apache/logging/log4j/log4j-to-slf4j/2.21.1/log4j-to-slf4j-2.21.1.jar
2025-08-10 18:03:39,082 [BasicRepositoryConnector-repo.maven.apache.org-5-3] INFO  o.e.m.c.i.e.AbstractTransferListenerAdapter - Downloaded https://repo.maven.apache.org/maven2/org/apache/logging/log4j/log4j-to-slf4j/2.21.1/log4j-to-slf4j-2.21.1.jar
2025-08-10 18:03:39,176 [BasicRepositoryConnector-repo.maven.apache.org-5-3] INFO  o.e.m.c.i.e.AbstractTransferListenerAdapter - Downloading https://repo.maven.apache.org/maven2/org/apache/logging/log4j/log4j-api/2.21.1/log4j-api-2.21.1.jar
2025-08-10 18:03:39,208 [BasicRepositoryConnector-repo.maven.apache.org-5-0] INFO  o.e.m.c.i.e.AbstractTransferListenerAdapter - Downloaded https://repo.maven.apache.org/maven2/ch/qos/logback/logback-core/1.4.11/logback-core-1.4.11.jar
2025-08-10 18:03:39,218 [BasicRepositoryConnector-repo.maven.apache.org-5-0] INFO  o.e.m.c.i.e.AbstractTransferListenerAdapter - Downloading https://repo.maven.apache.org/maven2/org/slf4j/jul-to-slf4j/2.0.9/jul-to-slf4j-2.0.9.jar
2025-08-10 18:03:39,222 [BasicRepositoryConnector-repo.maven.apache.org-5-0] INFO  o.e.m.c.i.e.AbstractTransferListenerAdapter - Downloaded https://repo.maven.apache.org/maven2/org/slf4j/jul-to-slf4j/2.0.9/jul-to-slf4j-2.0.9.jar
2025-08-10 18:03:39,237 [BasicRepositoryConnector-repo.maven.apache.org-5-0] INFO  o.e.m.c.i.e.AbstractTransferListenerAdapter - Downloading https://repo.maven.apache.org/maven2/jakarta/annotation/jakarta.annotation-api/2.1.1/jakarta.annotation-api-2.1.1.jar
2025-08-10 18:03:39,251 [BasicRepositoryConnector-repo.maven.apache.org-5-0] INFO  o.e.m.c.i.e.AbstractTransferListenerAdapter - Downloaded https://repo.maven.apache.org/maven2/jakarta/annotation/jakarta.annotation-api/2.1.1/jakarta.annotation-api-2.1.1.jar
2025-08-10 18:03:39,258 [BasicRepositoryConnector-repo.maven.apache.org-5-4] INFO  o.e.m.c.i.e.AbstractTransferListenerAdapter - Downloaded https://repo.maven.apache.org/maven2/ch/qos/logback/logback-classic/1.4.11/logback-classic-1.4.11.jar
2025-08-10 18:03:39,278 [BasicRepositoryConnector-repo.maven.apache.org-5-0] INFO  o.e.m.c.i.e.AbstractTransferListenerAdapter - Downloading https://repo.maven.apache.org/maven2/org/yaml/snakeyaml/2.2/snakeyaml-2.2.jar
2025-08-10 18:03:39,279 [BasicRepositoryConnector-repo.maven.apache.org-5-4] INFO  o.e.m.c.i.e.AbstractTransferListenerAdapter - Downloading https://repo.maven.apache.org/maven2/org/springframework/boot/spring-boot-starter-json/3.2.0/spring-boot-starter-json-3.2.0.jar
2025-08-10 18:03:39,281 [BasicRepositoryConnector-repo.maven.apache.org-5-4] INFO  o.e.m.c.i.e.AbstractTransferListenerAdapter - Downloaded https://repo.maven.apache.org/maven2/org/springframework/boot/spring-boot-starter-json/3.2.0/spring-boot-starter-json-3.2.0.jar
2025-08-10 18:03:39,311 [BasicRepositoryConnector-repo.maven.apache.org-5-4] INFO  o.e.m.c.i.e.AbstractTransferListenerAdapter - Downloading https://repo.maven.apache.org/maven2/com/fasterxml/jackson/core/jackson-databind/2.15.3/jackson-databind-2.15.3.jar
2025-08-10 18:03:39,360 [BasicRepositoryConnector-repo.maven.apache.org-5-0] INFO  o.e.m.c.i.e.AbstractTransferListenerAdapter - Downloaded https://repo.maven.apache.org/maven2/org/yaml/snakeyaml/2.2/snakeyaml-2.2.jar
2025-08-10 18:03:39,380 [BasicRepositoryConnector-repo.maven.apache.org-5-0] INFO  o.e.m.c.i.e.AbstractTransferListenerAdapter - Downloading https://repo.maven.apache.org/maven2/com/fasterxml/jackson/core/jackson-annotations/2.15.3/jackson-annotations-2.15.3.jar
2025-08-10 18:03:39,404 [BasicRepositoryConnector-repo.maven.apache.org-5-0] INFO  o.e.m.c.i.e.AbstractTransferListenerAdapter - Downloaded https://repo.maven.apache.org/maven2/com/fasterxml/jackson/core/jackson-annotations/2.15.3/jackson-annotations-2.15.3.jar
2025-08-10 18:03:39,425 [BasicRepositoryConnector-repo.maven.apache.org-5-0] INFO  o.e.m.c.i.e.AbstractTransferListenerAdapter - Downloading https://repo.maven.apache.org/maven2/com/fasterxml/jackson/core/jackson-core/2.15.3/jackson-core-2.15.3.jar
2025-08-10 18:03:39,426 [BasicRepositoryConnector-repo.maven.apache.org-5-3] INFO  o.e.m.c.i.e.AbstractTransferListenerAdapter - Downloaded https://repo.maven.apache.org/maven2/org/apache/logging/log4j/log4j-api/2.21.1/log4j-api-2.21.1.jar
2025-08-10 18:03:39,467 [BasicRepositoryConnector-repo.maven.apache.org-5-3] INFO  o.e.m.c.i.e.AbstractTransferListenerAdapter - Downloading https://repo.maven.apache.org/maven2/com/fasterxml/jackson/datatype/jackson-datatype-jdk8/2.15.3/jackson-datatype-jdk8-2.15.3.jar
2025-08-10 18:03:39,499 [BasicRepositoryConnector-repo.maven.apache.org-5-3] INFO  o.e.m.c.i.e.AbstractTransferListenerAdapter - Downloaded https://repo.maven.apache.org/maven2/com/fasterxml/jackson/datatype/jackson-datatype-jdk8/2.15.3/jackson-datatype-jdk8-2.15.3.jar
2025-08-10 18:03:39,541 [BasicRepositoryConnector-repo.maven.apache.org-5-3] INFO  o.e.m.c.i.e.AbstractTransferListenerAdapter - Downloading https://repo.maven.apache.org/maven2/com/fasterxml/jackson/datatype/jackson-datatype-jsr310/2.15.3/jackson-datatype-jsr310-2.15.3.jar
2025-08-10 18:03:39,567 [BasicRepositoryConnector-repo.maven.apache.org-5-0] INFO  o.e.m.c.i.e.AbstractTransferListenerAdapter - Downloaded https://repo.maven.apache.org/maven2/com/fasterxml/jackson/core/jackson-core/2.15.3/jackson-core-2.15.3.jar
2025-08-10 18:03:39,584 [BasicRepositoryConnector-repo.maven.apache.org-5-0] INFO  o.e.m.c.i.e.AbstractTransferListenerAdapter - Downloading https://repo.maven.apache.org/maven2/com/fasterxml/jackson/module/jackson-module-parameter-names/2.15.3/jackson-module-parameter-names-2.15.3.jar
2025-08-10 18:03:39,590 [BasicRepositoryConnector-repo.maven.apache.org-5-0] INFO  o.e.m.c.i.e.AbstractTransferListenerAdapter - Downloaded https://repo.maven.apache.org/maven2/com/fasterxml/jackson/module/jackson-module-parameter-names/2.15.3/jackson-module-parameter-names-2.15.3.jar
2025-08-10 18:03:39,611 [BasicRepositoryConnector-repo.maven.apache.org-5-0] INFO  o.e.m.c.i.e.AbstractTransferListenerAdapter - Downloading https://repo.maven.apache.org/maven2/org/springframework/boot/spring-boot-starter-tomcat/3.2.0/spring-boot-starter-tomcat-3.2.0.jar
2025-08-10 18:03:39,612 [BasicRepositoryConnector-repo.maven.apache.org-5-0] INFO  o.e.m.c.i.e.AbstractTransferListenerAdapter - Downloaded https://repo.maven.apache.org/maven2/org/springframework/boot/spring-boot-starter-tomcat/3.2.0/spring-boot-starter-tomcat-3.2.0.jar
2025-08-10 18:03:39,659 [BasicRepositoryConnector-repo.maven.apache.org-5-0] INFO  o.e.m.c.i.e.AbstractTransferListenerAdapter - Downloading https://repo.maven.apache.org/maven2/org/apache/tomcat/embed/tomcat-embed-core/10.1.16/tomcat-embed-core-10.1.16.jar
2025-08-10 18:03:39,660 [BasicRepositoryConnector-repo.maven.apache.org-5-3] INFO  o.e.m.c.i.e.AbstractTransferListenerAdapter - Downloaded https://repo.maven.apache.org/maven2/com/fasterxml/jackson/datatype/jackson-datatype-jsr310/2.15.3/jackson-datatype-jsr310-2.15.3.jar
2025-08-10 18:03:39,705 [BasicRepositoryConnector-repo.maven.apache.org-5-3] INFO  o.e.m.c.i.e.AbstractTransferListenerAdapter - Downloading https://repo.maven.apache.org/maven2/org/apache/tomcat/embed/tomcat-embed-websocket/10.1.16/tomcat-embed-websocket-10.1.16.jar
2025-08-10 18:03:40,074 [BasicRepositoryConnector-repo.maven.apache.org-5-3] INFO  o.e.m.c.i.e.AbstractTransferListenerAdapter - Downloaded https://repo.maven.apache.org/maven2/org/apache/tomcat/embed/tomcat-embed-websocket/10.1.16/tomcat-embed-websocket-10.1.16.jar
2025-08-10 18:03:40,074 [BasicRepositoryConnector-repo.maven.apache.org-5-2] INFO  o.e.m.c.i.e.AbstractTransferListenerAdapter - Downloaded https://repo.maven.apache.org/maven2/org/springframework/boot/spring-boot-autoconfigure/3.2.0/spring-boot-autoconfigure-3.2.0.jar
2025-08-10 18:03:40,089 [BasicRepositoryConnector-repo.maven.apache.org-5-4] INFO  o.e.m.c.i.e.AbstractTransferListenerAdapter - Downloaded https://repo.maven.apache.org/maven2/com/fasterxml/jackson/core/jackson-databind/2.15.3/jackson-databind-2.15.3.jar
2025-08-10 18:03:40,099 [BasicRepositoryConnector-repo.maven.apache.org-5-2] INFO  o.e.m.c.i.e.AbstractTransferListenerAdapter - Downloading https://repo.maven.apache.org/maven2/org/springframework/spring-beans/6.1.1/spring-beans-6.1.1.jar
2025-08-10 18:03:40,099 [BasicRepositoryConnector-repo.maven.apache.org-5-3] INFO  o.e.m.c.i.e.AbstractTransferListenerAdapter - Downloading https://repo.maven.apache.org/maven2/org/springframework/spring-web/6.1.1/spring-web-6.1.1.jar
2025-08-10 18:03:40,122 [BasicRepositoryConnector-repo.maven.apache.org-5-4] INFO  o.e.m.c.i.e.AbstractTransferListenerAdapter - Downloading https://repo.maven.apache.org/maven2/io/micrometer/micrometer-observation/1.12.0/micrometer-observation-1.12.0.jar
2025-08-10 18:03:40,150 [BasicRepositoryConnector-repo.maven.apache.org-5-1] INFO  o.e.m.c.i.e.AbstractTransferListenerAdapter - Downloaded https://repo.maven.apache.org/maven2/org/springframework/boot/spring-boot/3.2.0/spring-boot-3.2.0.jar
2025-08-10 18:03:40,200 [BasicRepositoryConnector-repo.maven.apache.org-5-4] INFO  o.e.m.c.i.e.AbstractTransferListenerAdapter - Downloaded https://repo.maven.apache.org/maven2/io/micrometer/micrometer-observation/1.12.0/micrometer-observation-1.12.0.jar
2025-08-10 18:03:40,245 [BasicRepositoryConnector-repo.maven.apache.org-5-1] INFO  o.e.m.c.i.e.AbstractTransferListenerAdapter - Downloading https://repo.maven.apache.org/maven2/io/micrometer/micrometer-commons/1.12.0/micrometer-commons-1.12.0.jar
2025-08-10 18:03:40,261 [BasicRepositoryConnector-repo.maven.apache.org-5-4] INFO  o.e.m.c.i.e.AbstractTransferListenerAdapter - Downloading https://repo.maven.apache.org/maven2/org/springframework/spring-webmvc/6.1.1/spring-webmvc-6.1.1.jar
2025-08-10 18:03:40,262 [BasicRepositoryConnector-repo.maven.apache.org-5-1] INFO  o.e.m.c.i.e.AbstractTransferListenerAdapter - Downloaded https://repo.maven.apache.org/maven2/io/micrometer/micrometer-commons/1.12.0/micrometer-commons-1.12.0.jar
2025-08-10 18:03:40,320 [BasicRepositoryConnector-repo.maven.apache.org-5-1] INFO  o.e.m.c.i.e.AbstractTransferListenerAdapter - Downloading https://repo.maven.apache.org/maven2/org/springframework/spring-context/6.1.1/spring-context-6.1.1.jar
2025-08-10 18:03:40,662 [BasicRepositoryConnector-repo.maven.apache.org-5-0] INFO  o.e.m.c.i.e.AbstractTransferListenerAdapter - Downloaded https://repo.maven.apache.org/maven2/org/apache/tomcat/embed/tomcat-embed-core/10.1.16/tomcat-embed-core-10.1.16.jar
2025-08-10 18:03:40,696 [BasicRepositoryConnector-repo.maven.apache.org-5-0] INFO  o.e.m.c.i.e.AbstractTransferListenerAdapter - Downloading https://repo.maven.apache.org/maven2/org/springframework/spring-expression/6.1.1/spring-expression-6.1.1.jar
2025-08-10 18:03:40,774 [BasicRepositoryConnector-repo.maven.apache.org-5-0] INFO  o.e.m.c.i.e.AbstractTransferListenerAdapter - Downloaded https://repo.maven.apache.org/maven2/org/springframework/spring-expression/6.1.1/spring-expression-6.1.1.jar
2025-08-10 18:03:40,780 [BasicRepositoryConnector-repo.maven.apache.org-5-4] INFO  o.e.m.c.i.e.AbstractTransferListenerAdapter - Downloaded https://repo.maven.apache.org/maven2/org/springframework/spring-webmvc/6.1.1/spring-webmvc-6.1.1.jar
2025-08-10 18:03:40,803 [BasicRepositoryConnector-repo.maven.apache.org-5-0] INFO  o.e.m.c.i.e.AbstractTransferListenerAdapter - Downloading https://repo.maven.apache.org/maven2/org/springframework/boot/spring-boot-starter-data-jpa/3.2.0/spring-boot-starter-data-jpa-3.2.0.jar
2025-08-10 18:03:40,803 [BasicRepositoryConnector-repo.maven.apache.org-5-4] INFO  o.e.m.c.i.e.AbstractTransferListenerAdapter - Downloading https://repo.maven.apache.org/maven2/org/springframework/boot/spring-boot-starter-aop/3.2.0/spring-boot-starter-aop-3.2.0.jar
2025-08-10 18:03:40,808 [BasicRepositoryConnector-repo.maven.apache.org-5-0] INFO  o.e.m.c.i.e.AbstractTransferListenerAdapter - Downloaded https://repo.maven.apache.org/maven2/org/springframework/boot/spring-boot-starter-data-jpa/3.2.0/spring-boot-starter-data-jpa-3.2.0.jar
2025-08-10 18:03:40,808 [BasicRepositoryConnector-repo.maven.apache.org-5-4] INFO  o.e.m.c.i.e.AbstractTransferListenerAdapter - Downloaded https://repo.maven.apache.org/maven2/org/springframework/boot/spring-boot-starter-aop/3.2.0/spring-boot-starter-aop-3.2.0.jar
2025-08-10 18:03:40,829 [BasicRepositoryConnector-repo.maven.apache.org-5-4] INFO  o.e.m.c.i.e.AbstractTransferListenerAdapter - Downloading https://repo.maven.apache.org/maven2/org/springframework/boot/spring-boot-starter-jdbc/3.2.0/spring-boot-starter-jdbc-3.2.0.jar
2025-08-10 18:03:40,840 [BasicRepositoryConnector-repo.maven.apache.org-5-0] INFO  o.e.m.c.i.e.AbstractTransferListenerAdapter - Downloading https://repo.maven.apache.org/maven2/org/aspectj/aspectjweaver/1.9.20.1/aspectjweaver-1.9.20.1.jar
2025-08-10 18:03:40,842 [BasicRepositoryConnector-repo.maven.apache.org-5-4] INFO  o.e.m.c.i.e.AbstractTransferListenerAdapter - Downloaded https://repo.maven.apache.org/maven2/org/springframework/boot/spring-boot-starter-jdbc/3.2.0/spring-boot-starter-jdbc-3.2.0.jar
2025-08-10 18:03:40,883 [BasicRepositoryConnector-repo.maven.apache.org-5-4] INFO  o.e.m.c.i.e.AbstractTransferListenerAdapter - Downloading https://repo.maven.apache.org/maven2/com/zaxxer/HikariCP/5.0.1/HikariCP-5.0.1.jar
2025-08-10 18:03:40,974 [BasicRepositoryConnector-repo.maven.apache.org-5-4] INFO  o.e.m.c.i.e.AbstractTransferListenerAdapter - Downloaded https://repo.maven.apache.org/maven2/com/zaxxer/HikariCP/5.0.1/HikariCP-5.0.1.jar
2025-08-10 18:03:40,981 [BasicRepositoryConnector-repo.maven.apache.org-5-1] INFO  o.e.m.c.i.e.AbstractTransferListenerAdapter - Downloaded https://repo.maven.apache.org/maven2/org/springframework/spring-context/6.1.1/spring-context-6.1.1.jar
2025-08-10 18:03:41,022 [BasicRepositoryConnector-repo.maven.apache.org-5-4] INFO  o.e.m.c.i.e.AbstractTransferListenerAdapter - Downloading https://repo.maven.apache.org/maven2/org/springframework/spring-jdbc/6.1.1/spring-jdbc-6.1.1.jar
2025-08-10 18:03:41,040 [BasicRepositoryConnector-repo.maven.apache.org-5-1] INFO  o.e.m.c.i.e.AbstractTransferListenerAdapter - Downloading https://repo.maven.apache.org/maven2/org/hibernate/orm/hibernate-core/6.3.1.Final/hibernate-core-6.3.1.Final.jar
2025-08-10 18:03:41,055 [BasicRepositoryConnector-repo.maven.apache.org-5-2] INFO  o.e.m.c.i.e.AbstractTransferListenerAdapter - Downloaded https://repo.maven.apache.org/maven2/org/springframework/spring-beans/6.1.1/spring-beans-6.1.1.jar
2025-08-10 18:03:41,067 [BasicRepositoryConnector-repo.maven.apache.org-5-3] INFO  o.e.m.c.i.e.AbstractTransferListenerAdapter - Downloaded https://repo.maven.apache.org/maven2/org/springframework/spring-web/6.1.1/spring-web-6.1.1.jar
2025-08-10 18:03:41,115 [BasicRepositoryConnector-repo.maven.apache.org-5-2] INFO  o.e.m.c.i.e.AbstractTransferListenerAdapter - Downloading https://repo.maven.apache.org/maven2/jakarta/persistence/jakarta.persistence-api/3.1.0/jakarta.persistence-api-3.1.0.jar
2025-08-10 18:03:41,121 [BasicRepositoryConnector-repo.maven.apache.org-5-3] INFO  o.e.m.c.i.e.AbstractTransferListenerAdapter - Downloading https://repo.maven.apache.org/maven2/jakarta/transaction/jakarta.transaction-api/2.0.1/jakarta.transaction-api-2.0.1.jar
2025-08-10 18:03:41,133 [BasicRepositoryConnector-repo.maven.apache.org-5-3] INFO  o.e.m.c.i.e.AbstractTransferListenerAdapter - Downloaded https://repo.maven.apache.org/maven2/jakarta/transaction/jakarta.transaction-api/2.0.1/jakarta.transaction-api-2.0.1.jar
2025-08-10 18:03:41,188 [BasicRepositoryConnector-repo.maven.apache.org-5-3] INFO  o.e.m.c.i.e.AbstractTransferListenerAdapter - Downloading https://repo.maven.apache.org/maven2/org/jboss/logging/jboss-logging/3.5.3.Final/jboss-logging-3.5.3.Final.jar
2025-08-10 18:03:41,247 [BasicRepositoryConnector-repo.maven.apache.org-5-3] INFO  o.e.m.c.i.e.AbstractTransferListenerAdapter - Downloaded https://repo.maven.apache.org/maven2/org/jboss/logging/jboss-logging/3.5.3.Final/jboss-logging-3.5.3.Final.jar
2025-08-10 18:03:41,263 [BasicRepositoryConnector-repo.maven.apache.org-5-4] INFO  o.e.m.c.i.e.AbstractTransferListenerAdapter - Downloaded https://repo.maven.apache.org/maven2/org/springframework/spring-jdbc/6.1.1/spring-jdbc-6.1.1.jar
2025-08-10 18:03:41,288 [BasicRepositoryConnector-repo.maven.apache.org-5-3] INFO  o.e.m.c.i.e.AbstractTransferListenerAdapter - Downloading https://repo.maven.apache.org/maven2/org/hibernate/common/hibernate-commons-annotations/6.0.6.Final/hibernate-commons-annotations-6.0.6.Final.jar
2025-08-10 18:03:41,293 [BasicRepositoryConnector-repo.maven.apache.org-5-2] INFO  o.e.m.c.i.e.AbstractTransferListenerAdapter - Downloaded https://repo.maven.apache.org/maven2/jakarta/persistence/jakarta.persistence-api/3.1.0/jakarta.persistence-api-3.1.0.jar
2025-08-10 18:03:41,293 [BasicRepositoryConnector-repo.maven.apache.org-5-4] INFO  o.e.m.c.i.e.AbstractTransferListenerAdapter - Downloading https://repo.maven.apache.org/maven2/io/smallrye/jandex/3.1.2/jandex-3.1.2.jar
2025-08-10 18:03:41,317 [BasicRepositoryConnector-repo.maven.apache.org-5-2] INFO  o.e.m.c.i.e.AbstractTransferListenerAdapter - Downloading https://repo.maven.apache.org/maven2/com/fasterxml/classmate/1.6.0/classmate-1.6.0.jar
2025-08-10 18:03:41,327 [BasicRepositoryConnector-repo.maven.apache.org-5-3] INFO  o.e.m.c.i.e.AbstractTransferListenerAdapter - Downloaded https://repo.maven.apache.org/maven2/org/hibernate/common/hibernate-commons-annotations/6.0.6.Final/hibernate-commons-annotations-6.0.6.Final.jar
2025-08-10 18:03:41,374 [BasicRepositoryConnector-repo.maven.apache.org-5-3] INFO  o.e.m.c.i.e.AbstractTransferListenerAdapter - Downloading https://repo.maven.apache.org/maven2/net/bytebuddy/byte-buddy/1.14.10/byte-buddy-1.14.10.jar
2025-08-10 18:03:41,377 [BasicRepositoryConnector-repo.maven.apache.org-5-0] INFO  o.e.m.c.i.e.AbstractTransferListenerAdapter - Downloaded https://repo.maven.apache.org/maven2/org/aspectj/aspectjweaver/1.9.20.1/aspectjweaver-1.9.20.1.jar
2025-08-10 18:03:41,395 [BasicRepositoryConnector-repo.maven.apache.org-5-2] INFO  o.e.m.c.i.e.AbstractTransferListenerAdapter - Downloaded https://repo.maven.apache.org/maven2/com/fasterxml/classmate/1.6.0/classmate-1.6.0.jar
2025-08-10 18:03:41,414 [BasicRepositoryConnector-repo.maven.apache.org-5-0] INFO  o.e.m.c.i.e.AbstractTransferListenerAdapter - Downloading https://repo.maven.apache.org/maven2/org/glassfish/jaxb/jaxb-runtime/4.0.4/jaxb-runtime-4.0.4.jar
2025-08-10 18:03:41,450 [BasicRepositoryConnector-repo.maven.apache.org-5-2] INFO  o.e.m.c.i.e.AbstractTransferListenerAdapter - Downloading https://repo.maven.apache.org/maven2/org/glassfish/jaxb/jaxb-core/4.0.4/jaxb-core-4.0.4.jar
2025-08-10 18:03:41,451 [BasicRepositoryConnector-repo.maven.apache.org-5-4] INFO  o.e.m.c.i.e.AbstractTransferListenerAdapter - Downloaded https://repo.maven.apache.org/maven2/io/smallrye/jandex/3.1.2/jandex-3.1.2.jar
2025-08-10 18:03:41,506 [BasicRepositoryConnector-repo.maven.apache.org-5-4] INFO  o.e.m.c.i.e.AbstractTransferListenerAdapter - Downloading https://repo.maven.apache.org/maven2/org/eclipse/angus/angus-activation/2.0.1/angus-activation-2.0.1.jar
2025-08-10 18:03:41,520 [BasicRepositoryConnector-repo.maven.apache.org-5-4] INFO  o.e.m.c.i.e.AbstractTransferListenerAdapter - Downloaded https://repo.maven.apache.org/maven2/org/eclipse/angus/angus-activation/2.0.1/angus-activation-2.0.1.jar
2025-08-10 18:03:41,571 [BasicRepositoryConnector-repo.maven.apache.org-5-4] INFO  o.e.m.c.i.e.AbstractTransferListenerAdapter - Downloading https://repo.maven.apache.org/maven2/org/glassfish/jaxb/txw2/4.0.4/txw2-4.0.4.jar
2025-08-10 18:03:41,572 [BasicRepositoryConnector-repo.maven.apache.org-5-2] INFO  o.e.m.c.i.e.AbstractTransferListenerAdapter - Downloaded https://repo.maven.apache.org/maven2/org/glassfish/jaxb/jaxb-core/4.0.4/jaxb-core-4.0.4.jar
2025-08-10 18:03:41,598 [BasicRepositoryConnector-repo.maven.apache.org-5-4] INFO  o.e.m.c.i.e.AbstractTransferListenerAdapter - Downloaded https://repo.maven.apache.org/maven2/org/glassfish/jaxb/txw2/4.0.4/txw2-4.0.4.jar
2025-08-10 18:03:41,627 [BasicRepositoryConnector-repo.maven.apache.org-5-2] INFO  o.e.m.c.i.e.AbstractTransferListenerAdapter - Downloading https://repo.maven.apache.org/maven2/com/sun/istack/istack-commons-runtime/4.1.2/istack-commons-runtime-4.1.2.jar
2025-08-10 18:03:41,642 [BasicRepositoryConnector-repo.maven.apache.org-5-0] INFO  o.e.m.c.i.e.AbstractTransferListenerAdapter - Downloaded https://repo.maven.apache.org/maven2/org/glassfish/jaxb/jaxb-runtime/4.0.4/jaxb-runtime-4.0.4.jar
2025-08-10 18:03:41,643 [BasicRepositoryConnector-repo.maven.apache.org-5-2] INFO  o.e.m.c.i.e.AbstractTransferListenerAdapter - Downloaded https://repo.maven.apache.org/maven2/com/sun/istack/istack-commons-runtime/4.1.2/istack-commons-runtime-4.1.2.jar
2025-08-10 18:03:41,657 [BasicRepositoryConnector-repo.maven.apache.org-5-4] INFO  o.e.m.c.i.e.AbstractTransferListenerAdapter - Downloading https://repo.maven.apache.org/maven2/jakarta/inject/jakarta.inject-api/2.0.1/jakarta.inject-api-2.0.1.jar
2025-08-10 18:03:41,659 [BasicRepositoryConnector-repo.maven.apache.org-5-4] INFO  o.e.m.c.i.e.AbstractTransferListenerAdapter - Downloaded https://repo.maven.apache.org/maven2/jakarta/inject/jakarta.inject-api/2.0.1/jakarta.inject-api-2.0.1.jar
2025-08-10 18:03:41,680 [BasicRepositoryConnector-repo.maven.apache.org-5-2] INFO  o.e.m.c.i.e.AbstractTransferListenerAdapter - Downloading https://repo.maven.apache.org/maven2/org/springframework/data/spring-data-jpa/3.2.0/spring-data-jpa-3.2.0.jar
2025-08-10 18:03:41,680 [BasicRepositoryConnector-repo.maven.apache.org-5-0] INFO  o.e.m.c.i.e.AbstractTransferListenerAdapter - Downloading https://repo.maven.apache.org/maven2/org/antlr/antlr4-runtime/4.10.1/antlr4-runtime-4.10.1.jar
2025-08-10 18:03:41,693 [BasicRepositoryConnector-repo.maven.apache.org-5-4] INFO  o.e.m.c.i.e.AbstractTransferListenerAdapter - Downloading https://repo.maven.apache.org/maven2/org/springframework/data/spring-data-commons/3.2.0/spring-data-commons-3.2.0.jar
2025-08-10 18:03:42,129 [BasicRepositoryConnector-repo.maven.apache.org-5-0] INFO  o.e.m.c.i.e.AbstractTransferListenerAdapter - Downloaded https://repo.maven.apache.org/maven2/org/antlr/antlr4-runtime/4.10.1/antlr4-runtime-4.10.1.jar
2025-08-10 18:03:42,179 [BasicRepositoryConnector-repo.maven.apache.org-5-2] INFO  o.e.m.c.i.e.AbstractTransferListenerAdapter - Downloaded https://repo.maven.apache.org/maven2/org/springframework/data/spring-data-jpa/3.2.0/spring-data-jpa-3.2.0.jar
2025-08-10 18:03:42,194 [BasicRepositoryConnector-repo.maven.apache.org-5-0] INFO  o.e.m.c.i.e.AbstractTransferListenerAdapter - Downloading https://repo.maven.apache.org/maven2/org/springframework/spring-orm/6.1.1/spring-orm-6.1.1.jar
2025-08-10 18:03:42,214 [BasicRepositoryConnector-repo.maven.apache.org-5-2] INFO  o.e.m.c.i.e.AbstractTransferListenerAdapter - Downloading https://repo.maven.apache.org/maven2/org/springframework/spring-tx/6.1.1/spring-tx-6.1.1.jar
2025-08-10 18:03:42,293 [BasicRepositoryConnector-repo.maven.apache.org-5-2] INFO  o.e.m.c.i.e.AbstractTransferListenerAdapter - Downloaded https://repo.maven.apache.org/maven2/org/springframework/spring-tx/6.1.1/spring-tx-6.1.1.jar
2025-08-10 18:03:42,332 [BasicRepositoryConnector-repo.maven.apache.org-5-2] INFO  o.e.m.c.i.e.AbstractTransferListenerAdapter - Downloading https://repo.maven.apache.org/maven2/org/slf4j/slf4j-api/2.0.9/slf4j-api-2.0.9.jar
2025-08-10 18:03:42,351 [BasicRepositoryConnector-repo.maven.apache.org-5-2] INFO  o.e.m.c.i.e.AbstractTransferListenerAdapter - Downloaded https://repo.maven.apache.org/maven2/org/slf4j/slf4j-api/2.0.9/slf4j-api-2.0.9.jar
2025-08-10 18:03:42,366 [BasicRepositoryConnector-repo.maven.apache.org-5-0] INFO  o.e.m.c.i.e.AbstractTransferListenerAdapter - Downloaded https://repo.maven.apache.org/maven2/org/springframework/spring-orm/6.1.1/spring-orm-6.1.1.jar
2025-08-10 18:03:42,382 [BasicRepositoryConnector-repo.maven.apache.org-5-2] INFO  o.e.m.c.i.e.AbstractTransferListenerAdapter - Downloading https://repo.maven.apache.org/maven2/org/springframework/spring-aspects/6.1.1/spring-aspects-6.1.1.jar
2025-08-10 18:03:42,397 [BasicRepositoryConnector-repo.maven.apache.org-5-0] INFO  o.e.m.c.i.e.AbstractTransferListenerAdapter - Downloading https://repo.maven.apache.org/maven2/org/springframework/boot/spring-boot-starter-security/3.2.0/spring-boot-starter-security-3.2.0.jar
2025-08-10 18:03:42,399 [BasicRepositoryConnector-repo.maven.apache.org-5-2] INFO  o.e.m.c.i.e.AbstractTransferListenerAdapter - Downloaded https://repo.maven.apache.org/maven2/org/springframework/spring-aspects/6.1.1/spring-aspects-6.1.1.jar
2025-08-10 18:03:42,403 [BasicRepositoryConnector-repo.maven.apache.org-5-0] INFO  o.e.m.c.i.e.AbstractTransferListenerAdapter - Downloaded https://repo.maven.apache.org/maven2/org/springframework/boot/spring-boot-starter-security/3.2.0/spring-boot-starter-security-3.2.0.jar
2025-08-10 18:03:42,433 [BasicRepositoryConnector-repo.maven.apache.org-5-0] INFO  o.e.m.c.i.e.AbstractTransferListenerAdapter - Downloading https://repo.maven.apache.org/maven2/org/springframework/security/spring-security-config/6.2.0/spring-security-config-6.2.0.jar
2025-08-10 18:03:42,433 [BasicRepositoryConnector-repo.maven.apache.org-5-2] INFO  o.e.m.c.i.e.AbstractTransferListenerAdapter - Downloading https://repo.maven.apache.org/maven2/org/springframework/spring-aop/6.1.1/spring-aop-6.1.1.jar
2025-08-10 18:03:42,460 [BasicRepositoryConnector-repo.maven.apache.org-5-4] INFO  o.e.m.c.i.e.AbstractTransferListenerAdapter - Downloaded https://repo.maven.apache.org/maven2/org/springframework/data/spring-data-commons/3.2.0/spring-data-commons-3.2.0.jar
2025-08-10 18:03:42,520 [BasicRepositoryConnector-repo.maven.apache.org-5-4] INFO  o.e.m.c.i.e.AbstractTransferListenerAdapter - Downloading https://repo.maven.apache.org/maven2/org/springframework/security/spring-security-web/6.2.0/spring-security-web-6.2.0.jar
2025-08-10 18:03:42,877 [BasicRepositoryConnector-repo.maven.apache.org-5-2] INFO  o.e.m.c.i.e.AbstractTransferListenerAdapter - Downloaded https://repo.maven.apache.org/maven2/org/springframework/spring-aop/6.1.1/spring-aop-6.1.1.jar
2025-08-10 18:03:42,938 [BasicRepositoryConnector-repo.maven.apache.org-5-2] INFO  o.e.m.c.i.e.AbstractTransferListenerAdapter - Downloading https://repo.maven.apache.org/maven2/org/springframework/boot/spring-boot-starter-validation/3.2.0/spring-boot-starter-validation-3.2.0.jar
2025-08-10 18:03:42,950 [BasicRepositoryConnector-repo.maven.apache.org-5-2] INFO  o.e.m.c.i.e.AbstractTransferListenerAdapter - Downloaded https://repo.maven.apache.org/maven2/org/springframework/boot/spring-boot-starter-validation/3.2.0/spring-boot-starter-validation-3.2.0.jar
2025-08-10 18:03:42,961 [BasicRepositoryConnector-repo.maven.apache.org-5-0] INFO  o.e.m.c.i.e.AbstractTransferListenerAdapter - Downloaded https://repo.maven.apache.org/maven2/org/springframework/security/spring-security-config/6.2.0/spring-security-config-6.2.0.jar
2025-08-10 18:03:42,966 [BasicRepositoryConnector-repo.maven.apache.org-5-4] INFO  o.e.m.c.i.e.AbstractTransferListenerAdapter - Downloaded https://repo.maven.apache.org/maven2/org/springframework/security/spring-security-web/6.2.0/spring-security-web-6.2.0.jar
2025-08-10 18:03:42,985 [BasicRepositoryConnector-repo.maven.apache.org-5-0] INFO  o.e.m.c.i.e.AbstractTransferListenerAdapter - Downloading https://repo.maven.apache.org/maven2/org/hibernate/validator/hibernate-validator/8.0.1.Final/hibernate-validator-8.0.1.Final.jar
2025-08-10 18:03:42,985 [BasicRepositoryConnector-repo.maven.apache.org-5-2] INFO  o.e.m.c.i.e.AbstractTransferListenerAdapter - Downloading https://repo.maven.apache.org/maven2/org/apache/tomcat/embed/tomcat-embed-el/10.1.16/tomcat-embed-el-10.1.16.jar
2025-08-10 18:03:42,987 [BasicRepositoryConnector-repo.maven.apache.org-5-4] INFO  o.e.m.c.i.e.AbstractTransferListenerAdapter - Downloading https://repo.maven.apache.org/maven2/jakarta/validation/jakarta.validation-api/3.0.2/jakarta.validation-api-3.0.2.jar
2025-08-10 18:03:43,011 [BasicRepositoryConnector-repo.maven.apache.org-5-4] INFO  o.e.m.c.i.e.AbstractTransferListenerAdapter - Downloaded https://repo.maven.apache.org/maven2/jakarta/validation/jakarta.validation-api/3.0.2/jakarta.validation-api-3.0.2.jar
2025-08-10 18:03:43,053 [BasicRepositoryConnector-repo.maven.apache.org-5-4] INFO  o.e.m.c.i.e.AbstractTransferListenerAdapter - Downloading https://repo.maven.apache.org/maven2/org/springframework/boot/spring-boot-starter-thymeleaf/3.2.0/spring-boot-starter-thymeleaf-3.2.0.jar
2025-08-10 18:03:43,059 [BasicRepositoryConnector-repo.maven.apache.org-5-4] INFO  o.e.m.c.i.e.AbstractTransferListenerAdapter - Downloaded https://repo.maven.apache.org/maven2/org/springframework/boot/spring-boot-starter-thymeleaf/3.2.0/spring-boot-starter-thymeleaf-3.2.0.jar
2025-08-10 18:03:43,128 [BasicRepositoryConnector-repo.maven.apache.org-5-4] INFO  o.e.m.c.i.e.AbstractTransferListenerAdapter - Downloading https://repo.maven.apache.org/maven2/org/thymeleaf/thymeleaf-spring6/3.1.2.RELEASE/thymeleaf-spring6-3.1.2.RELEASE.jar
2025-08-10 18:03:43,177 [BasicRepositoryConnector-repo.maven.apache.org-5-4] INFO  o.e.m.c.i.e.AbstractTransferListenerAdapter - Downloaded https://repo.maven.apache.org/maven2/org/thymeleaf/thymeleaf-spring6/3.1.2.RELEASE/thymeleaf-spring6-3.1.2.RELEASE.jar
2025-08-10 18:03:43,279 [BasicRepositoryConnector-repo.maven.apache.org-5-2] INFO  o.e.m.c.i.e.AbstractTransferListenerAdapter - Downloaded https://repo.maven.apache.org/maven2/org/apache/tomcat/embed/tomcat-embed-el/10.1.16/tomcat-embed-el-10.1.16.jar
2025-08-10 18:03:43,280 [BasicRepositoryConnector-repo.maven.apache.org-5-4] INFO  o.e.m.c.i.e.AbstractTransferListenerAdapter - Downloading https://repo.maven.apache.org/maven2/org/thymeleaf/thymeleaf/3.1.2.RELEASE/thymeleaf-3.1.2.RELEASE.jar
2025-08-10 18:03:43,349 [BasicRepositoryConnector-repo.maven.apache.org-5-2] INFO  o.e.m.c.i.e.AbstractTransferListenerAdapter - Downloading https://repo.maven.apache.org/maven2/org/attoparser/attoparser/2.0.7.RELEASE/attoparser-2.0.7.RELEASE.jar
2025-08-10 18:03:43,520 [BasicRepositoryConnector-repo.maven.apache.org-5-4] INFO  o.e.m.c.i.e.AbstractTransferListenerAdapter - Downloaded https://repo.maven.apache.org/maven2/org/thymeleaf/thymeleaf/3.1.2.RELEASE/thymeleaf-3.1.2.RELEASE.jar
2025-08-10 18:03:43,542 [BasicRepositoryConnector-repo.maven.apache.org-5-2] INFO  o.e.m.c.i.e.AbstractTransferListenerAdapter - Downloaded https://repo.maven.apache.org/maven2/org/attoparser/attoparser/2.0.7.RELEASE/attoparser-2.0.7.RELEASE.jar
2025-08-10 18:03:43,561 [BasicRepositoryConnector-repo.maven.apache.org-5-4] INFO  o.e.m.c.i.e.AbstractTransferListenerAdapter - Downloading https://repo.maven.apache.org/maven2/org/unbescape/unbescape/1.1.6.RELEASE/unbescape-1.1.6.RELEASE.jar
2025-08-10 18:03:43,594 [BasicRepositoryConnector-repo.maven.apache.org-5-2] INFO  o.e.m.c.i.e.AbstractTransferListenerAdapter - Downloading https://repo.maven.apache.org/maven2/com/mysql/mysql-connector-j/8.0.33/mysql-connector-j-8.0.33.jar
2025-08-10 18:03:43,616 [BasicRepositoryConnector-repo.maven.apache.org-5-4] INFO  o.e.m.c.i.e.AbstractTransferListenerAdapter - Downloaded https://repo.maven.apache.org/maven2/org/unbescape/unbescape/1.1.6.RELEASE/unbescape-1.1.6.RELEASE.jar
2025-08-10 18:03:43,638 [BasicRepositoryConnector-repo.maven.apache.org-5-3] INFO  o.e.m.c.i.e.AbstractTransferListenerAdapter - Downloaded https://repo.maven.apache.org/maven2/net/bytebuddy/byte-buddy/1.14.10/byte-buddy-1.14.10.jar
2025-08-10 18:03:43,657 [BasicRepositoryConnector-repo.maven.apache.org-5-4] INFO  o.e.m.c.i.e.AbstractTransferListenerAdapter - Downloading https://repo.maven.apache.org/maven2/com/h2database/h2/2.2.224/h2-2.2.224.jar
2025-08-10 18:03:43,666 [BasicRepositoryConnector-repo.maven.apache.org-5-0] INFO  o.e.m.c.i.e.AbstractTransferListenerAdapter - Downloaded https://repo.maven.apache.org/maven2/org/hibernate/validator/hibernate-validator/8.0.1.Final/hibernate-validator-8.0.1.Final.jar
2025-08-10 18:03:43,682 [BasicRepositoryConnector-repo.maven.apache.org-5-3] INFO  o.e.m.c.i.e.AbstractTransferListenerAdapter - Downloading https://repo.maven.apache.org/maven2/org/springframework/boot/spring-boot-starter-test/3.2.0/spring-boot-starter-test-3.2.0.jar
2025-08-10 18:03:43,684 [BasicRepositoryConnector-repo.maven.apache.org-5-3] INFO  o.e.m.c.i.e.AbstractTransferListenerAdapter - Downloaded https://repo.maven.apache.org/maven2/org/springframework/boot/spring-boot-starter-test/3.2.0/spring-boot-starter-test-3.2.0.jar
2025-08-10 18:03:43,712 [BasicRepositoryConnector-repo.maven.apache.org-5-0] INFO  o.e.m.c.i.e.AbstractTransferListenerAdapter - Downloading https://repo.maven.apache.org/maven2/org/springframework/boot/spring-boot-test/3.2.0/spring-boot-test-3.2.0.jar
2025-08-10 18:03:43,739 [BasicRepositoryConnector-repo.maven.apache.org-5-3] INFO  o.e.m.c.i.e.AbstractTransferListenerAdapter - Downloading https://repo.maven.apache.org/maven2/org/springframework/boot/spring-boot-test-autoconfigure/3.2.0/spring-boot-test-autoconfigure-3.2.0.jar
2025-08-10 18:03:43,810 [BasicRepositoryConnector-repo.maven.apache.org-5-0] INFO  o.e.m.c.i.e.AbstractTransferListenerAdapter - Downloaded https://repo.maven.apache.org/maven2/org/springframework/boot/spring-boot-test/3.2.0/spring-boot-test-3.2.0.jar
2025-08-10 18:03:43,849 [BasicRepositoryConnector-repo.maven.apache.org-5-3] INFO  o.e.m.c.i.e.AbstractTransferListenerAdapter - Downloaded https://repo.maven.apache.org/maven2/org/springframework/boot/spring-boot-test-autoconfigure/3.2.0/spring-boot-test-autoconfigure-3.2.0.jar
2025-08-10 18:03:43,865 [BasicRepositoryConnector-repo.maven.apache.org-5-0] INFO  o.e.m.c.i.e.AbstractTransferListenerAdapter - Downloading https://repo.maven.apache.org/maven2/com/jayway/jsonpath/json-path/2.8.0/json-path-2.8.0.jar
2025-08-10 18:03:43,907 [BasicRepositoryConnector-repo.maven.apache.org-5-3] INFO  o.e.m.c.i.e.AbstractTransferListenerAdapter - Downloading https://repo.maven.apache.org/maven2/jakarta/xml/bind/jakarta.xml.bind-api/4.0.1/jakarta.xml.bind-api-4.0.1.jar
2025-08-10 18:03:43,987 [BasicRepositoryConnector-repo.maven.apache.org-5-3] INFO  o.e.m.c.i.e.AbstractTransferListenerAdapter - Downloaded https://repo.maven.apache.org/maven2/jakarta/xml/bind/jakarta.xml.bind-api/4.0.1/jakarta.xml.bind-api-4.0.1.jar
2025-08-10 18:03:44,021 [BasicRepositoryConnector-repo.maven.apache.org-5-0] INFO  o.e.m.c.i.e.AbstractTransferListenerAdapter - Downloaded https://repo.maven.apache.org/maven2/com/jayway/jsonpath/json-path/2.8.0/json-path-2.8.0.jar
2025-08-10 18:03:44,037 [BasicRepositoryConnector-repo.maven.apache.org-5-3] INFO  o.e.m.c.i.e.AbstractTransferListenerAdapter - Downloading https://repo.maven.apache.org/maven2/jakarta/activation/jakarta.activation-api/2.1.2/jakarta.activation-api-2.1.2.jar
2025-08-10 18:03:44,061 [BasicRepositoryConnector-repo.maven.apache.org-5-0] INFO  o.e.m.c.i.e.AbstractTransferListenerAdapter - Downloading https://repo.maven.apache.org/maven2/net/minidev/json-smart/2.5.0/json-smart-2.5.0.jar
2025-08-10 18:03:44,075 [BasicRepositoryConnector-repo.maven.apache.org-5-3] INFO  o.e.m.c.i.e.AbstractTransferListenerAdapter - Downloaded https://repo.maven.apache.org/maven2/jakarta/activation/jakarta.activation-api/2.1.2/jakarta.activation-api-2.1.2.jar
2025-08-10 18:03:44,123 [BasicRepositoryConnector-repo.maven.apache.org-5-3] INFO  o.e.m.c.i.e.AbstractTransferListenerAdapter - Downloading https://repo.maven.apache.org/maven2/net/minidev/accessors-smart/2.5.0/accessors-smart-2.5.0.jar
2025-08-10 18:03:44,129 [BasicRepositoryConnector-repo.maven.apache.org-5-0] INFO  o.e.m.c.i.e.AbstractTransferListenerAdapter - Downloaded https://repo.maven.apache.org/maven2/net/minidev/json-smart/2.5.0/json-smart-2.5.0.jar
2025-08-10 18:03:44,141 [BasicRepositoryConnector-repo.maven.apache.org-5-3] INFO  o.e.m.c.i.e.AbstractTransferListenerAdapter - Downloaded https://repo.maven.apache.org/maven2/net/minidev/accessors-smart/2.5.0/accessors-smart-2.5.0.jar
2025-08-10 18:03:44,166 [BasicRepositoryConnector-repo.maven.apache.org-5-0] INFO  o.e.m.c.i.e.AbstractTransferListenerAdapter - Downloading https://repo.maven.apache.org/maven2/org/ow2/asm/asm/9.3/asm-9.3.jar
2025-08-10 18:03:44,200 [BasicRepositoryConnector-repo.maven.apache.org-5-3] INFO  o.e.m.c.i.e.AbstractTransferListenerAdapter - Downloading https://repo.maven.apache.org/maven2/org/assertj/assertj-core/3.24.2/assertj-core-3.24.2.jar
2025-08-10 18:03:44,245 [BasicRepositoryConnector-repo.maven.apache.org-5-0] INFO  o.e.m.c.i.e.AbstractTransferListenerAdapter - Downloaded https://repo.maven.apache.org/maven2/org/ow2/asm/asm/9.3/asm-9.3.jar
2025-08-10 18:03:44,290 [BasicRepositoryConnector-repo.maven.apache.org-5-4] INFO  o.e.m.c.i.e.AbstractTransferListenerAdapter - Downloaded https://repo.maven.apache.org/maven2/com/h2database/h2/2.2.224/h2-2.2.224.jar
2025-08-10 18:03:44,298 [BasicRepositoryConnector-repo.maven.apache.org-5-0] INFO  o.e.m.c.i.e.AbstractTransferListenerAdapter - Downloading https://repo.maven.apache.org/maven2/org/awaitility/awaitility/4.2.0/awaitility-4.2.0.jar
2025-08-10 18:03:44,320 [BasicRepositoryConnector-repo.maven.apache.org-5-0] INFO  o.e.m.c.i.e.AbstractTransferListenerAdapter - Downloaded https://repo.maven.apache.org/maven2/org/awaitility/awaitility/4.2.0/awaitility-4.2.0.jar
2025-08-10 18:03:44,327 [BasicRepositoryConnector-repo.maven.apache.org-5-4] INFO  o.e.m.c.i.e.AbstractTransferListenerAdapter - Downloading https://repo.maven.apache.org/maven2/org/hamcrest/hamcrest/2.2/hamcrest-2.2.jar
2025-08-10 18:03:44,357 [BasicRepositoryConnector-repo.maven.apache.org-5-4] INFO  o.e.m.c.i.e.AbstractTransferListenerAdapter - Downloaded https://repo.maven.apache.org/maven2/org/hamcrest/hamcrest/2.2/hamcrest-2.2.jar
2025-08-10 18:03:44,360 [BasicRepositoryConnector-repo.maven.apache.org-5-0] INFO  o.e.m.c.i.e.AbstractTransferListenerAdapter - Downloading https://repo.maven.apache.org/maven2/org/junit/jupiter/junit-jupiter/5.10.1/junit-jupiter-5.10.1.jar
2025-08-10 18:03:44,370 [BasicRepositoryConnector-repo.maven.apache.org-5-0] INFO  o.e.m.c.i.e.AbstractTransferListenerAdapter - Downloaded https://repo.maven.apache.org/maven2/org/junit/jupiter/junit-jupiter/5.10.1/junit-jupiter-5.10.1.jar
2025-08-10 18:03:44,399 [BasicRepositoryConnector-repo.maven.apache.org-5-4] INFO  o.e.m.c.i.e.AbstractTransferListenerAdapter - Downloading https://repo.maven.apache.org/maven2/org/junit/jupiter/junit-jupiter-api/5.10.1/junit-jupiter-api-5.10.1.jar
2025-08-10 18:03:44,417 [BasicRepositoryConnector-repo.maven.apache.org-5-0] INFO  o.e.m.c.i.e.AbstractTransferListenerAdapter - Downloading https://repo.maven.apache.org/maven2/org/junit/platform/junit-platform-commons/1.10.1/junit-platform-commons-1.10.1.jar
2025-08-10 18:03:44,444 [BasicRepositoryConnector-repo.maven.apache.org-5-4] INFO  o.e.m.c.i.e.AbstractTransferListenerAdapter - Downloaded https://repo.maven.apache.org/maven2/org/junit/jupiter/junit-jupiter-api/5.10.1/junit-jupiter-api-5.10.1.jar
2025-08-10 18:03:44,461 [BasicRepositoryConnector-repo.maven.apache.org-5-0] INFO  o.e.m.c.i.e.AbstractTransferListenerAdapter - Downloaded https://repo.maven.apache.org/maven2/org/junit/platform/junit-platform-commons/1.10.1/junit-platform-commons-1.10.1.jar
2025-08-10 18:03:44,486 [BasicRepositoryConnector-repo.maven.apache.org-5-4] INFO  o.e.m.c.i.e.AbstractTransferListenerAdapter - Downloading https://repo.maven.apache.org/maven2/org/junit/jupiter/junit-jupiter-params/5.10.1/junit-jupiter-params-5.10.1.jar
2025-08-10 18:03:44,521 [BasicRepositoryConnector-repo.maven.apache.org-5-0] INFO  o.e.m.c.i.e.AbstractTransferListenerAdapter - Downloading https://repo.maven.apache.org/maven2/org/junit/jupiter/junit-jupiter-engine/5.10.1/junit-jupiter-engine-5.10.1.jar
2025-08-10 18:03:44,724 [BasicRepositoryConnector-repo.maven.apache.org-5-0] INFO  o.e.m.c.i.e.AbstractTransferListenerAdapter - Downloaded https://repo.maven.apache.org/maven2/org/junit/jupiter/junit-jupiter-engine/5.10.1/junit-jupiter-engine-5.10.1.jar
2025-08-10 18:03:44,725 [BasicRepositoryConnector-repo.maven.apache.org-5-4] INFO  o.e.m.c.i.e.AbstractTransferListenerAdapter - Downloaded https://repo.maven.apache.org/maven2/org/junit/jupiter/junit-jupiter-params/5.10.1/junit-jupiter-params-5.10.1.jar
2025-08-10 18:03:44,809 [BasicRepositoryConnector-repo.maven.apache.org-5-0] INFO  o.e.m.c.i.e.AbstractTransferListenerAdapter - Downloading https://repo.maven.apache.org/maven2/org/junit/platform/junit-platform-engine/1.10.1/junit-platform-engine-1.10.1.jar
2025-08-10 18:03:44,809 [BasicRepositoryConnector-repo.maven.apache.org-5-4] INFO  o.e.m.c.i.e.AbstractTransferListenerAdapter - Downloading https://repo.maven.apache.org/maven2/org/mockito/mockito-core/5.7.0/mockito-core-5.7.0.jar
2025-08-10 18:03:44,862 [BasicRepositoryConnector-repo.maven.apache.org-5-0] INFO  o.e.m.c.i.e.AbstractTransferListenerAdapter - Downloaded https://repo.maven.apache.org/maven2/org/junit/platform/junit-platform-engine/1.10.1/junit-platform-engine-1.10.1.jar
2025-08-10 18:03:44,895 [BasicRepositoryConnector-repo.maven.apache.org-5-3] INFO  o.e.m.c.i.e.AbstractTransferListenerAdapter - Downloaded https://repo.maven.apache.org/maven2/org/assertj/assertj-core/3.24.2/assertj-core-3.24.2.jar
2025-08-10 18:03:44,909 [BasicRepositoryConnector-repo.maven.apache.org-5-0] INFO  o.e.m.c.i.e.AbstractTransferListenerAdapter - Downloading https://repo.maven.apache.org/maven2/net/bytebuddy/byte-buddy-agent/1.14.10/byte-buddy-agent-1.14.10.jar
2025-08-10 18:03:44,940 [BasicRepositoryConnector-repo.maven.apache.org-5-3] INFO  o.e.m.c.i.e.AbstractTransferListenerAdapter - Downloading https://repo.maven.apache.org/maven2/org/mockito/mockito-junit-jupiter/5.7.0/mockito-junit-jupiter-5.7.0.jar
2025-08-10 18:03:44,944 [BasicRepositoryConnector-repo.maven.apache.org-5-3] INFO  o.e.m.c.i.e.AbstractTransferListenerAdapter - Downloaded https://repo.maven.apache.org/maven2/org/mockito/mockito-junit-jupiter/5.7.0/mockito-junit-jupiter-5.7.0.jar
2025-08-10 18:03:44,981 [BasicRepositoryConnector-repo.maven.apache.org-5-0] INFO  o.e.m.c.i.e.AbstractTransferListenerAdapter - Downloaded https://repo.maven.apache.org/maven2/net/bytebuddy/byte-buddy-agent/1.14.10/byte-buddy-agent-1.14.10.jar
2025-08-10 18:03:45,002 [BasicRepositoryConnector-repo.maven.apache.org-5-3] INFO  o.e.m.c.i.e.AbstractTransferListenerAdapter - Downloading https://repo.maven.apache.org/maven2/org/skyscreamer/jsonassert/1.5.1/jsonassert-1.5.1.jar
2025-08-10 18:03:45,013 [BasicRepositoryConnector-repo.maven.apache.org-5-3] INFO  o.e.m.c.i.e.AbstractTransferListenerAdapter - Downloaded https://repo.maven.apache.org/maven2/org/skyscreamer/jsonassert/1.5.1/jsonassert-1.5.1.jar
2025-08-10 18:03:45,025 [BasicRepositoryConnector-repo.maven.apache.org-5-0] INFO  o.e.m.c.i.e.AbstractTransferListenerAdapter - Downloading https://repo.maven.apache.org/maven2/org/springframework/spring-core/6.1.1/spring-core-6.1.1.jar
2025-08-10 18:03:45,141 [BasicRepositoryConnector-repo.maven.apache.org-5-3] INFO  o.e.m.c.i.e.AbstractTransferListenerAdapter - Downloading https://repo.maven.apache.org/maven2/org/springframework/spring-jcl/6.1.1/spring-jcl-6.1.1.jar
2025-08-10 18:03:45,160 [BasicRepositoryConnector-repo.maven.apache.org-5-3] INFO  o.e.m.c.i.e.AbstractTransferListenerAdapter - Downloaded https://repo.maven.apache.org/maven2/org/springframework/spring-jcl/6.1.1/spring-jcl-6.1.1.jar
2025-08-10 18:03:45,238 [BasicRepositoryConnector-repo.maven.apache.org-5-4] INFO  o.e.m.c.i.e.AbstractTransferListenerAdapter - Downloaded https://repo.maven.apache.org/maven2/org/mockito/mockito-core/5.7.0/mockito-core-5.7.0.jar
2025-08-10 18:03:45,268 [BasicRepositoryConnector-repo.maven.apache.org-5-3] INFO  o.e.m.c.i.e.AbstractTransferListenerAdapter - Downloading https://repo.maven.apache.org/maven2/org/springframework/spring-test/6.1.1/spring-test-6.1.1.jar
2025-08-10 18:03:45,299 [BasicRepositoryConnector-repo.maven.apache.org-5-4] INFO  o.e.m.c.i.e.AbstractTransferListenerAdapter - Downloading https://repo.maven.apache.org/maven2/org/xmlunit/xmlunit-core/2.9.1/xmlunit-core-2.9.1.jar
2025-08-10 18:03:45,390 [BasicRepositoryConnector-repo.maven.apache.org-5-4] INFO  o.e.m.c.i.e.AbstractTransferListenerAdapter - Downloaded https://repo.maven.apache.org/maven2/org/xmlunit/xmlunit-core/2.9.1/xmlunit-core-2.9.1.jar
2025-08-10 18:03:45,447 [BasicRepositoryConnector-repo.maven.apache.org-5-4] INFO  o.e.m.c.i.e.AbstractTransferListenerAdapter - Downloading https://repo.maven.apache.org/maven2/org/springframework/security/spring-security-test/6.2.0/spring-security-test-6.2.0.jar
2025-08-10 18:03:45,484 [BasicRepositoryConnector-repo.maven.apache.org-5-4] INFO  o.e.m.c.i.e.AbstractTransferListenerAdapter - Downloaded https://repo.maven.apache.org/maven2/org/springframework/security/spring-security-test/6.2.0/spring-security-test-6.2.0.jar
2025-08-10 18:03:45,544 [BasicRepositoryConnector-repo.maven.apache.org-5-4] INFO  o.e.m.c.i.e.AbstractTransferListenerAdapter - Downloading https://repo.maven.apache.org/maven2/org/springframework/security/spring-security-core/6.2.0/spring-security-core-6.2.0.jar
2025-08-10 18:03:45,594 [BasicRepositoryConnector-repo.maven.apache.org-5-2] INFO  o.e.m.c.i.e.AbstractTransferListenerAdapter - Downloaded https://repo.maven.apache.org/maven2/com/mysql/mysql-connector-j/8.0.33/mysql-connector-j-8.0.33.jar
2025-08-10 18:03:45,627 [BasicRepositoryConnector-repo.maven.apache.org-5-0] INFO  o.e.m.c.i.e.AbstractTransferListenerAdapter - Downloaded https://repo.maven.apache.org/maven2/org/springframework/spring-core/6.1.1/spring-core-6.1.1.jar
2025-08-10 18:03:45,651 [BasicRepositoryConnector-repo.maven.apache.org-5-2] INFO  o.e.m.c.i.e.AbstractTransferListenerAdapter - Downloading https://repo.maven.apache.org/maven2/org/springframework/security/spring-security-crypto/6.2.0/spring-security-crypto-6.2.0.jar
2025-08-10 18:03:45,694 [BasicRepositoryConnector-repo.maven.apache.org-5-2] INFO  o.e.m.c.i.e.AbstractTransferListenerAdapter - Downloaded https://repo.maven.apache.org/maven2/org/springframework/security/spring-security-crypto/6.2.0/spring-security-crypto-6.2.0.jar
2025-08-10 18:03:45,709 [BasicRepositoryConnector-repo.maven.apache.org-5-3] INFO  o.e.m.c.i.e.AbstractTransferListenerAdapter - Downloaded https://repo.maven.apache.org/maven2/org/springframework/spring-test/6.1.1/spring-test-6.1.1.jar
2025-08-10 18:03:45,746 [BasicRepositoryConnector-repo.maven.apache.org-5-4] INFO  o.e.m.c.i.e.AbstractTransferListenerAdapter - Downloaded https://repo.maven.apache.org/maven2/org/springframework/security/spring-security-core/6.2.0/spring-security-core-6.2.0.jar
2025-08-10 18:03:46,122 [BasicRepositoryConnector-repo.maven.apache.org-5-1] INFO  o.e.m.c.i.e.AbstractTransferListenerAdapter - Downloaded https://repo.maven.apache.org/maven2/org/hibernate/orm/hibernate-core/6.3.1.Final/hibernate-core-6.3.1.Final.jar
2025-08-10 18:03:46,324 [Worker-8: ビルド] INFO  o.e.m.c.i.e.AbstractTransferListenerAdapter - Downloading https://repo.maven.apache.org/maven2/org/apache/maven/plugins/maven-clean-plugin/3.3.2/maven-clean-plugin-3.3.2.jar
2025-08-10 18:03:46,337 [Worker-8: ビルド] INFO  o.e.m.c.i.e.AbstractTransferListenerAdapter - Downloaded https://repo.maven.apache.org/maven2/org/apache/maven/plugins/maven-clean-plugin/3.3.2/maven-clean-plugin-3.3.2.jar
2025-08-10 18:03:46,458 [Worker-8: ビルド] INFO  o.e.m.c.i.e.AbstractTransferListenerAdapter - Downloading https://repo.maven.apache.org/maven2/org/apache/maven/plugins/maven-compiler-plugin/3.11.0/maven-compiler-plugin-3.11.0.jar
2025-08-10 18:03:46,466 [Worker-8: ビルド] INFO  o.e.m.c.i.e.AbstractTransferListenerAdapter - Downloaded https://repo.maven.apache.org/maven2/org/apache/maven/plugins/maven-compiler-plugin/3.11.0/maven-compiler-plugin-3.11.0.jar
2025-08-10 18:03:46,490 [Worker-8: ビルド] INFO  o.e.m.c.i.e.AbstractTransferListenerAdapter - Downloading https://repo.maven.apache.org/maven2/org/apache/maven/plugins/maven-surefire-plugin/3.1.2/maven-surefire-plugin-3.1.2.jar
2025-08-10 18:03:46,496 [Worker-8: ビルド] INFO  o.e.m.c.i.e.AbstractTransferListenerAdapter - Downloaded https://repo.maven.apache.org/maven2/org/apache/maven/plugins/maven-surefire-plugin/3.1.2/maven-surefire-plugin-3.1.2.jar
2025-08-10 18:03:46,591 [Worker-8: ビルド] INFO  o.e.m.c.i.e.AbstractTransferListenerAdapter - Downloading https://repo.maven.apache.org/maven2/org/apache/maven/plugins/maven-jar-plugin/3.3.0/maven-jar-plugin-3.3.0.jar
2025-08-10 18:03:46,594 [Worker-8: ビルド] INFO  o.e.m.c.i.e.AbstractTransferListenerAdapter - Downloaded https://repo.maven.apache.org/maven2/org/apache/maven/plugins/maven-jar-plugin/3.3.0/maven-jar-plugin-3.3.0.jar
2025-08-10 18:03:46,696 [Worker-8: ビルド] INFO  o.e.m.c.i.e.AbstractTransferListenerAdapter - Downloading https://repo.maven.apache.org/maven2/org/apache/maven/plugins/maven-install-plugin/3.1.1/maven-install-plugin-3.1.1.jar
2025-08-10 18:03:46,700 [Worker-8: ビルド] INFO  o.e.m.c.i.e.AbstractTransferListenerAdapter - Downloaded https://repo.maven.apache.org/maven2/org/apache/maven/plugins/maven-install-plugin/3.1.1/maven-install-plugin-3.1.1.jar
2025-08-10 18:03:46,799 [Worker-8: ビルド] INFO  o.e.m.c.i.e.AbstractTransferListenerAdapter - Downloading https://repo.maven.apache.org/maven2/org/apache/maven/plugins/maven-deploy-plugin/3.1.1/maven-deploy-plugin-3.1.1.jar
2025-08-10 18:03:46,810 [Worker-8: ビルド] INFO  o.e.m.c.i.e.AbstractTransferListenerAdapter - Downloaded https://repo.maven.apache.org/maven2/org/apache/maven/plugins/maven-deploy-plugin/3.1.1/maven-deploy-plugin-3.1.1.jar
2025-08-10 18:03:46,938 [Worker-8: ビルド] INFO  o.e.m.c.i.e.AbstractTransferListenerAdapter - Downloading https://repo.maven.apache.org/maven2/org/apache/maven/plugins/maven-compiler-plugin/3.11.0/maven-compiler-plugin-3.11.0.pom
2025-08-10 18:03:46,940 [Worker-8: ビルド] INFO  o.e.m.c.i.e.AbstractTransferListenerAdapter - Downloaded https://repo.maven.apache.org/maven2/org/apache/maven/plugins/maven-compiler-plugin/3.11.0/maven-compiler-plugin-3.11.0.pom
2025-08-10 18:03:46,972 [Worker-8: ビルド] INFO  o.e.m.c.i.e.AbstractTransferListenerAdapter - Downloading https://repo.maven.apache.org/maven2/org/apache/maven/shared/maven-shared-utils/3.3.4/maven-shared-utils-3.3.4.pom
2025-08-10 18:03:46,975 [Worker-8: ビルド] INFO  o.e.m.c.i.e.AbstractTransferListenerAdapter - Downloaded https://repo.maven.apache.org/maven2/org/apache/maven/shared/maven-shared-utils/3.3.4/maven-shared-utils-3.3.4.pom
2025-08-10 18:03:46,995 [Worker-8: ビルド] INFO  o.e.m.c.i.e.AbstractTransferListenerAdapter - Downloading https://repo.maven.apache.org/maven2/org/apache/maven/shared/maven-shared-components/34/maven-shared-components-34.pom
2025-08-10 18:03:46,998 [Worker-8: ビルド] INFO  o.e.m.c.i.e.AbstractTransferListenerAdapter - Downloaded https://repo.maven.apache.org/maven2/org/apache/maven/shared/maven-shared-components/34/maven-shared-components-34.pom
2025-08-10 18:03:47,057 [Worker-8: ビルド] INFO  o.e.m.c.i.e.AbstractTransferListenerAdapter - Downloading https://repo.maven.apache.org/maven2/org/apache/maven/maven-parent/34/maven-parent-34.pom
2025-08-10 18:03:47,066 [Worker-8: ビルド] INFO  o.e.m.c.i.e.AbstractTransferListenerAdapter - Downloaded https://repo.maven.apache.org/maven2/org/apache/maven/maven-parent/34/maven-parent-34.pom
2025-08-10 18:03:47,093 [Worker-8: ビルド] INFO  o.e.m.c.i.e.AbstractTransferListenerAdapter - Downloading https://repo.maven.apache.org/maven2/commons-io/commons-io/2.6/commons-io-2.6.pom
2025-08-10 18:03:47,095 [Worker-8: ビルド] INFO  o.e.m.c.i.e.AbstractTransferListenerAdapter - Downloaded https://repo.maven.apache.org/maven2/commons-io/commons-io/2.6/commons-io-2.6.pom
2025-08-10 18:03:47,122 [Worker-8: ビルド] INFO  o.e.m.c.i.e.AbstractTransferListenerAdapter - Downloading https://repo.maven.apache.org/maven2/org/apache/commons/commons-parent/42/commons-parent-42.pom
2025-08-10 18:03:47,145 [Worker-8: ビルド] INFO  o.e.m.c.i.e.AbstractTransferListenerAdapter - Downloaded https://repo.maven.apache.org/maven2/org/apache/commons/commons-parent/42/commons-parent-42.pom
2025-08-10 18:03:47,168 [Worker-8: ビルド] INFO  o.e.m.c.i.e.AbstractTransferListenerAdapter - Downloading https://repo.maven.apache.org/maven2/org/apache/apache/18/apache-18.pom
2025-08-10 18:03:47,173 [Worker-8: ビルド] INFO  o.e.m.c.i.e.AbstractTransferListenerAdapter - Downloaded https://repo.maven.apache.org/maven2/org/apache/apache/18/apache-18.pom
2025-08-10 18:03:47,199 [Worker-8: ビルド] INFO  o.e.m.c.i.e.AbstractTransferListenerAdapter - Downloading https://repo.maven.apache.org/maven2/org/codehaus/plexus/plexus-component-annotations/1.5.5/plexus-component-annotations-1.5.5.pom
2025-08-10 18:03:47,201 [Worker-8: ビルド] INFO  o.e.m.c.i.e.AbstractTransferListenerAdapter - Downloaded https://repo.maven.apache.org/maven2/org/codehaus/plexus/plexus-component-annotations/1.5.5/plexus-component-annotations-1.5.5.pom
2025-08-10 18:03:47,219 [Worker-8: ビルド] INFO  o.e.m.c.i.e.AbstractTransferListenerAdapter - Downloading https://repo.maven.apache.org/maven2/org/codehaus/plexus/plexus-containers/1.5.5/plexus-containers-1.5.5.pom
2025-08-10 18:03:47,223 [Worker-8: ビルド] INFO  o.e.m.c.i.e.AbstractTransferListenerAdapter - Downloaded https://repo.maven.apache.org/maven2/org/codehaus/plexus/plexus-containers/1.5.5/plexus-containers-1.5.5.pom
2025-08-10 18:03:47,246 [Worker-8: ビルド] INFO  o.e.m.c.i.e.AbstractTransferListenerAdapter - Downloading https://repo.maven.apache.org/maven2/org/codehaus/plexus/plexus/2.0.7/plexus-2.0.7.pom
2025-08-10 18:03:47,253 [Worker-8: ビルド] INFO  o.e.m.c.i.e.AbstractTransferListenerAdapter - Downloaded https://repo.maven.apache.org/maven2/org/codehaus/plexus/plexus/2.0.7/plexus-2.0.7.pom
2025-08-10 18:03:47,272 [Worker-8: ビルド] INFO  o.e.m.c.i.e.AbstractTransferListenerAdapter - Downloading https://repo.maven.apache.org/maven2/org/codehaus/plexus/plexus-java/1.1.2/plexus-java-1.1.2.pom
2025-08-10 18:03:47,275 [Worker-8: ビルド] INFO  o.e.m.c.i.e.AbstractTransferListenerAdapter - Downloaded https://repo.maven.apache.org/maven2/org/codehaus/plexus/plexus-java/1.1.2/plexus-java-1.1.2.pom
2025-08-10 18:03:47,295 [Worker-8: ビルド] INFO  o.e.m.c.i.e.AbstractTransferListenerAdapter - Downloading https://repo.maven.apache.org/maven2/org/codehaus/plexus/plexus-languages/1.1.2/plexus-languages-1.1.2.pom
2025-08-10 18:03:47,297 [Worker-8: ビルド] INFO  o.e.m.c.i.e.AbstractTransferListenerAdapter - Downloaded https://repo.maven.apache.org/maven2/org/codehaus/plexus/plexus-languages/1.1.2/plexus-languages-1.1.2.pom
2025-08-10 18:03:47,319 [Worker-8: ビルド] INFO  o.e.m.c.i.e.AbstractTransferListenerAdapter - Downloading https://repo.maven.apache.org/maven2/org/ow2/asm/asm/9.4/asm-9.4.pom
2025-08-10 18:03:47,321 [Worker-8: ビルド] INFO  o.e.m.c.i.e.AbstractTransferListenerAdapter - Downloaded https://repo.maven.apache.org/maven2/org/ow2/asm/asm/9.4/asm-9.4.pom
2025-08-10 18:03:47,344 [Worker-8: ビルド] INFO  o.e.m.c.i.e.AbstractTransferListenerAdapter - Downloading https://repo.maven.apache.org/maven2/com/thoughtworks/qdox/qdox/2.0.3/qdox-2.0.3.pom
2025-08-10 18:03:47,346 [Worker-8: ビルド] INFO  o.e.m.c.i.e.AbstractTransferListenerAdapter - Downloaded https://repo.maven.apache.org/maven2/com/thoughtworks/qdox/qdox/2.0.3/qdox-2.0.3.pom
2025-08-10 18:03:47,365 [Worker-8: ビルド] INFO  o.e.m.c.i.e.AbstractTransferListenerAdapter - Downloading https://repo.maven.apache.org/maven2/org/codehaus/plexus/plexus-compiler-api/2.13.0/plexus-compiler-api-2.13.0.pom
2025-08-10 18:03:47,370 [Worker-8: ビルド] INFO  o.e.m.c.i.e.AbstractTransferListenerAdapter - Downloaded https://repo.maven.apache.org/maven2/org/codehaus/plexus/plexus-compiler-api/2.13.0/plexus-compiler-api-2.13.0.pom
2025-08-10 18:03:47,391 [Worker-8: ビルド] INFO  o.e.m.c.i.e.AbstractTransferListenerAdapter - Downloading https://repo.maven.apache.org/maven2/org/codehaus/plexus/plexus-compiler/2.13.0/plexus-compiler-2.13.0.pom
2025-08-10 18:03:47,394 [Worker-8: ビルド] INFO  o.e.m.c.i.e.AbstractTransferListenerAdapter - Downloaded https://repo.maven.apache.org/maven2/org/codehaus/plexus/plexus-compiler/2.13.0/plexus-compiler-2.13.0.pom
2025-08-10 18:03:47,416 [Worker-8: ビルド] INFO  o.e.m.c.i.e.AbstractTransferListenerAdapter - Downloading https://repo.maven.apache.org/maven2/org/codehaus/plexus/plexus-components/10.0/plexus-components-10.0.pom
2025-08-10 18:03:47,420 [Worker-8: ビルド] INFO  o.e.m.c.i.e.AbstractTransferListenerAdapter - Downloaded https://repo.maven.apache.org/maven2/org/codehaus/plexus/plexus-components/10.0/plexus-components-10.0.pom
2025-08-10 18:03:47,442 [Worker-8: ビルド] INFO  o.e.m.c.i.e.AbstractTransferListenerAdapter - Downloading https://repo.maven.apache.org/maven2/org/codehaus/plexus/plexus-compiler-manager/2.13.0/plexus-compiler-manager-2.13.0.pom
2025-08-10 18:03:47,445 [Worker-8: ビルド] INFO  o.e.m.c.i.e.AbstractTransferListenerAdapter - Downloaded https://repo.maven.apache.org/maven2/org/codehaus/plexus/plexus-compiler-manager/2.13.0/plexus-compiler-manager-2.13.0.pom
2025-08-10 18:03:47,466 [Worker-8: ビルド] INFO  o.e.m.c.i.e.AbstractTransferListenerAdapter - Downloading https://repo.maven.apache.org/maven2/org/codehaus/plexus/plexus-component-annotations/2.1.1/plexus-component-annotations-2.1.1.pom
2025-08-10 18:03:47,471 [Worker-8: ビルド] INFO  o.e.m.c.i.e.AbstractTransferListenerAdapter - Downloaded https://repo.maven.apache.org/maven2/org/codehaus/plexus/plexus-component-annotations/2.1.1/plexus-component-annotations-2.1.1.pom
2025-08-10 18:03:47,490 [Worker-8: ビルド] INFO  o.e.m.c.i.e.AbstractTransferListenerAdapter - Downloading https://repo.maven.apache.org/maven2/org/codehaus/plexus/plexus-containers/2.1.1/plexus-containers-2.1.1.pom
2025-08-10 18:03:47,493 [Worker-8: ビルド] INFO  o.e.m.c.i.e.AbstractTransferListenerAdapter - Downloaded https://repo.maven.apache.org/maven2/org/codehaus/plexus/plexus-containers/2.1.1/plexus-containers-2.1.1.pom
2025-08-10 18:03:47,513 [Worker-8: ビルド] INFO  o.e.m.c.i.e.AbstractTransferListenerAdapter - Downloading https://repo.maven.apache.org/maven2/org/codehaus/plexus/plexus/6.5/plexus-6.5.pom
2025-08-10 18:03:47,518 [Worker-8: ビルド] INFO  o.e.m.c.i.e.AbstractTransferListenerAdapter - Downloaded https://repo.maven.apache.org/maven2/org/codehaus/plexus/plexus/6.5/plexus-6.5.pom
2025-08-10 18:03:47,544 [Worker-8: ビルド] INFO  o.e.m.c.i.e.AbstractTransferListenerAdapter - Downloading https://repo.maven.apache.org/maven2/org/codehaus/plexus/plexus-compiler-javac/2.13.0/plexus-compiler-javac-2.13.0.pom
2025-08-10 18:03:47,547 [Worker-8: ビルド] INFO  o.e.m.c.i.e.AbstractTransferListenerAdapter - Downloaded https://repo.maven.apache.org/maven2/org/codehaus/plexus/plexus-compiler-javac/2.13.0/plexus-compiler-javac-2.13.0.pom
2025-08-10 18:03:47,567 [Worker-8: ビルド] INFO  o.e.m.c.i.e.AbstractTransferListenerAdapter - Downloading https://repo.maven.apache.org/maven2/org/codehaus/plexus/plexus-compilers/2.13.0/plexus-compilers-2.13.0.pom
2025-08-10 18:03:47,570 [Worker-8: ビルド] INFO  o.e.m.c.i.e.AbstractTransferListenerAdapter - Downloaded https://repo.maven.apache.org/maven2/org/codehaus/plexus/plexus-compilers/2.13.0/plexus-compilers-2.13.0.pom
2025-08-10 18:03:47,597 [Worker-8: ビルド] INFO  o.e.m.c.i.e.AbstractTransferListenerAdapter - Downloading https://repo.maven.apache.org/maven2/org/apache/maven/shared/maven-shared-utils/3.3.4/maven-shared-utils-3.3.4.jar
2025-08-10 18:03:47,622 [Worker-8: ビルド] INFO  o.e.m.c.i.e.AbstractTransferListenerAdapter - Downloaded https://repo.maven.apache.org/maven2/org/apache/maven/shared/maven-shared-utils/3.3.4/maven-shared-utils-3.3.4.jar
2025-08-10 18:03:47,658 [BasicRepositoryConnector-repo.maven.apache.org-6-0] INFO  o.e.m.c.i.e.AbstractTransferListenerAdapter - Downloading https://repo.maven.apache.org/maven2/commons-io/commons-io/2.6/commons-io-2.6.jar
2025-08-10 18:03:47,658 [BasicRepositoryConnector-repo.maven.apache.org-6-2] INFO  o.e.m.c.i.e.AbstractTransferListenerAdapter - Downloading https://repo.maven.apache.org/maven2/org/codehaus/plexus/plexus-java/1.1.2/plexus-java-1.1.2.jar
2025-08-10 18:03:47,658 [BasicRepositoryConnector-repo.maven.apache.org-6-3] INFO  o.e.m.c.i.e.AbstractTransferListenerAdapter - Downloading https://repo.maven.apache.org/maven2/org/ow2/asm/asm/9.4/asm-9.4.jar
2025-08-10 18:03:47,695 [BasicRepositoryConnector-repo.maven.apache.org-6-2] INFO  o.e.m.c.i.e.AbstractTransferListenerAdapter - Downloaded https://repo.maven.apache.org/maven2/org/codehaus/plexus/plexus-java/1.1.2/plexus-java-1.1.2.jar
2025-08-10 18:03:47,705 [BasicRepositoryConnector-repo.maven.apache.org-6-4] INFO  o.e.m.c.i.e.AbstractTransferListenerAdapter - Downloading https://repo.maven.apache.org/maven2/com/thoughtworks/qdox/qdox/2.0.3/qdox-2.0.3.jar
2025-08-10 18:03:47,705 [BasicRepositoryConnector-repo.maven.apache.org-6-1] INFO  o.e.m.c.i.e.AbstractTransferListenerAdapter - Downloading https://repo.maven.apache.org/maven2/org/codehaus/plexus/plexus-component-annotations/1.5.5/plexus-component-annotations-1.5.5.jar
2025-08-10 18:03:47,707 [BasicRepositoryConnector-repo.maven.apache.org-6-1] INFO  o.e.m.c.i.e.AbstractTransferListenerAdapter - Downloaded https://repo.maven.apache.org/maven2/org/codehaus/plexus/plexus-component-annotations/1.5.5/plexus-component-annotations-1.5.5.jar
2025-08-10 18:03:47,716 [BasicRepositoryConnector-repo.maven.apache.org-6-3] INFO  o.e.m.c.i.e.AbstractTransferListenerAdapter - Downloaded https://repo.maven.apache.org/maven2/org/ow2/asm/asm/9.4/asm-9.4.jar
2025-08-10 18:03:47,743 [BasicRepositoryConnector-repo.maven.apache.org-6-0] INFO  o.e.m.c.i.e.AbstractTransferListenerAdapter - Downloaded https://repo.maven.apache.org/maven2/commons-io/commons-io/2.6/commons-io-2.6.jar
2025-08-10 18:03:47,777 [BasicRepositoryConnector-repo.maven.apache.org-6-2] INFO  o.e.m.c.i.e.AbstractTransferListenerAdapter - Downloading https://repo.maven.apache.org/maven2/org/codehaus/plexus/plexus-compiler-api/2.13.0/plexus-compiler-api-2.13.0.jar
2025-08-10 18:03:47,777 [BasicRepositoryConnector-repo.maven.apache.org-6-1] INFO  o.e.m.c.i.e.AbstractTransferListenerAdapter - Downloading https://repo.maven.apache.org/maven2/org/codehaus/plexus/plexus-utils/3.5.0/plexus-utils-3.5.0.jar
2025-08-10 18:03:47,792 [BasicRepositoryConnector-repo.maven.apache.org-6-2] INFO  o.e.m.c.i.e.AbstractTransferListenerAdapter - Downloaded https://repo.maven.apache.org/maven2/org/codehaus/plexus/plexus-compiler-api/2.13.0/plexus-compiler-api-2.13.0.jar
2025-08-10 18:03:47,798 [BasicRepositoryConnector-repo.maven.apache.org-6-3] INFO  o.e.m.c.i.e.AbstractTransferListenerAdapter - Downloading https://repo.maven.apache.org/maven2/org/codehaus/plexus/plexus-compiler-manager/2.13.0/plexus-compiler-manager-2.13.0.jar
2025-08-10 18:03:47,806 [BasicRepositoryConnector-repo.maven.apache.org-6-3] INFO  o.e.m.c.i.e.AbstractTransferListenerAdapter - Downloaded https://repo.maven.apache.org/maven2/org/codehaus/plexus/plexus-compiler-manager/2.13.0/plexus-compiler-manager-2.13.0.jar
2025-08-10 18:03:47,809 [BasicRepositoryConnector-repo.maven.apache.org-6-4] INFO  o.e.m.c.i.e.AbstractTransferListenerAdapter - Downloaded https://repo.maven.apache.org/maven2/com/thoughtworks/qdox/qdox/2.0.3/qdox-2.0.3.jar
2025-08-10 18:03:47,809 [BasicRepositoryConnector-repo.maven.apache.org-6-0] INFO  o.e.m.c.i.e.AbstractTransferListenerAdapter - Downloading https://repo.maven.apache.org/maven2/org/codehaus/plexus/plexus-compiler-javac/2.13.0/plexus-compiler-javac-2.13.0.jar
2025-08-10 18:03:47,823 [BasicRepositoryConnector-repo.maven.apache.org-6-0] INFO  o.e.m.c.i.e.AbstractTransferListenerAdapter - Downloaded https://repo.maven.apache.org/maven2/org/codehaus/plexus/plexus-compiler-javac/2.13.0/plexus-compiler-javac-2.13.0.jar
2025-08-10 18:03:47,875 [BasicRepositoryConnector-repo.maven.apache.org-6-1] INFO  o.e.m.c.i.e.AbstractTransferListenerAdapter - Downloaded https://repo.maven.apache.org/maven2/org/codehaus/plexus/plexus-utils/3.5.0/plexus-utils-3.5.0.jar
2025-08-10 18:03:48,111 [Worker-8: ビルド] INFO  o.e.m.c.i.l.LifecycleMappingFactory - Using org.eclipse.m2e.jdt.JarLifecycleMapping lifecycle mapping for MavenProject: com.ec:ec-management-system:1.0.0 @ C:\PG練習\Java\demo\pom.xml.
2025-08-10 18:03:48,133 [Worker-8: ビルド] WARN  o.e.m.c.i.embedder.EclipseLogger - The artifact mysql:mysql-connector-java:jar:8.0.33 has been relocated to com.mysql:mysql-connector-j:jar:8.0.33: MySQL Connector/J artifacts moved to reverse-DNS compliant Maven 2+ coordinates.
2025-08-10 18:03:48,367 [Worker-8: ビルド] INFO  o.e.m.c.i.e.AbstractTransferListenerAdapter - Downloading https://repo.maven.apache.org/maven2/org/apache/maven/plugins/maven-jar-plugin/3.3.0/maven-jar-plugin-3.3.0.pom
2025-08-10 18:03:48,371 [Worker-8: ビルド] INFO  o.e.m.c.i.e.AbstractTransferListenerAdapter - Downloaded https://repo.maven.apache.org/maven2/org/apache/maven/plugins/maven-jar-plugin/3.3.0/maven-jar-plugin-3.3.0.pom
2025-08-10 18:03:48,394 [Worker-8: ビルド] INFO  o.e.m.c.i.e.AbstractTransferListenerAdapter - Downloading https://repo.maven.apache.org/maven2/org/apache/maven/plugins/maven-plugins/37/maven-plugins-37.pom
2025-08-10 18:03:48,397 [Worker-8: ビルド] INFO  o.e.m.c.i.e.AbstractTransferListenerAdapter - Downloaded https://repo.maven.apache.org/maven2/org/apache/maven/plugins/maven-plugins/37/maven-plugins-37.pom
2025-08-10 18:03:48,422 [Worker-8: ビルド] INFO  o.e.m.c.i.e.AbstractTransferListenerAdapter - Downloading https://repo.maven.apache.org/maven2/org/apache/maven/maven-parent/37/maven-parent-37.pom
2025-08-10 18:03:48,432 [Worker-8: ビルド] INFO  o.e.m.c.i.e.AbstractTransferListenerAdapter - Downloaded https://repo.maven.apache.org/maven2/org/apache/maven/maven-parent/37/maven-parent-37.pom
2025-08-10 18:03:48,512 [Worker-8: ビルド] INFO  o.a.m.s.f.DefaultMavenResourcesFiltering - Copying 0 resource from src\main\resources to target\classes
2025-08-10 18:03:48,512 [Worker-8: ビルド] INFO  o.a.m.s.f.DefaultMavenResourcesFiltering - Copying 0 resource from src\main\resources to target\classes
2025-08-10 18:03:48,515 [Worker-8: ビルド] INFO  o.a.m.s.f.DefaultMavenResourcesFiltering - skip non existing resourceDirectory C:\PG練習\Java\demo\src\test\resources
2025-08-10 18:03:48,527 [Worker-8: ビルド] INFO  o.e.m.c.i.e.AbstractTransferListenerAdapter - Downloading https://repo.maven.apache.org/maven2/org/apache/maven/plugins/maven-surefire-plugin/3.1.2/maven-surefire-plugin-3.1.2.pom
2025-08-10 18:03:48,531 [Worker-8: ビルド] INFO  o.e.m.c.i.e.AbstractTransferListenerAdapter - Downloaded https://repo.maven.apache.org/maven2/org/apache/maven/plugins/maven-surefire-plugin/3.1.2/maven-surefire-plugin-3.1.2.pom
2025-08-10 18:03:48,552 [Worker-8: ビルド] INFO  o.e.m.c.i.e.AbstractTransferListenerAdapter - Downloading https://repo.maven.apache.org/maven2/org/apache/maven/surefire/surefire/3.1.2/surefire-3.1.2.pom
2025-08-10 18:03:48,559 [Worker-8: ビルド] INFO  o.e.m.c.i.e.AbstractTransferListenerAdapter - Downloaded https://repo.maven.apache.org/maven2/org/apache/maven/surefire/surefire/3.1.2/surefire-3.1.2.pom
2025-08-10 18:03:48,591 [Worker-8: ビルド] INFO  o.e.m.c.i.e.AbstractTransferListenerAdapter - Downloading https://repo.maven.apache.org/maven2/org/codehaus/plexus/plexus-utils/3.3.0/plexus-utils-3.3.0.pom
2025-08-10 18:03:48,593 [Worker-8: ビルド] INFO  o.e.m.c.i.e.AbstractTransferListenerAdapter - Downloaded https://repo.maven.apache.org/maven2/org/codehaus/plexus/plexus-utils/3.3.0/plexus-utils-3.3.0.pom
2025-08-10 18:03:48,618 [Worker-8: ビルド] INFO  o.e.m.c.i.e.AbstractTransferListenerAdapter - Downloading https://repo.maven.apache.org/maven2/org/apache/maven/maven-archiver/3.6.0/maven-archiver-3.6.0.pom
2025-08-10 18:03:48,622 [Worker-8: ビルド] INFO  o.e.m.c.i.e.AbstractTransferListenerAdapter - Downloaded https://repo.maven.apache.org/maven2/org/apache/maven/maven-archiver/3.6.0/maven-archiver-3.6.0.pom
2025-08-10 18:03:48,645 [Worker-8: ビルド] INFO  o.e.m.c.i.e.AbstractTransferListenerAdapter - Downloading https://repo.maven.apache.org/maven2/org/codehaus/plexus/plexus-io/3.4.0/plexus-io-3.4.0.pom
2025-08-10 18:03:48,647 [Worker-8: ビルド] INFO  o.e.m.c.i.e.AbstractTransferListenerAdapter - Downloaded https://repo.maven.apache.org/maven2/org/codehaus/plexus/plexus-io/3.4.0/plexus-io-3.4.0.pom
2025-08-10 18:03:48,683 [Worker-8: ビルド] INFO  o.e.m.c.i.e.AbstractTransferListenerAdapter - Downloading https://repo.maven.apache.org/maven2/org/codehaus/plexus/plexus-archiver/4.4.0/plexus-archiver-4.4.0.pom
2025-08-10 18:03:48,688 [Worker-8: ビルド] INFO  o.e.m.c.i.e.AbstractTransferListenerAdapter - Downloaded https://repo.maven.apache.org/maven2/org/codehaus/plexus/plexus-archiver/4.4.0/plexus-archiver-4.4.0.pom
2025-08-10 18:03:48,708 [Worker-8: ビルド] INFO  o.e.m.c.i.e.AbstractTransferListenerAdapter - Downloading https://repo.maven.apache.org/maven2/org/apache/commons/commons-compress/1.21/commons-compress-1.21.pom
2025-08-10 18:03:48,712 [Worker-8: ビルド] INFO  o.e.m.c.i.e.AbstractTransferListenerAdapter - Downloaded https://repo.maven.apache.org/maven2/org/apache/commons/commons-compress/1.21/commons-compress-1.21.pom
2025-08-10 18:03:48,738 [Worker-8: ビルド] INFO  o.e.m.c.i.e.AbstractTransferListenerAdapter - Downloading https://repo.maven.apache.org/maven2/org/codehaus/plexus/plexus-utils/3.4.2/plexus-utils-3.4.2.pom
2025-08-10 18:03:48,741 [Worker-8: ビルド] INFO  o.e.m.c.i.e.AbstractTransferListenerAdapter - Downloaded https://repo.maven.apache.org/maven2/org/codehaus/plexus/plexus-utils/3.4.2/plexus-utils-3.4.2.pom
2025-08-10 18:03:48,764 [Worker-8: ビルド] INFO  o.e.m.c.i.e.AbstractTransferListenerAdapter - Downloading https://repo.maven.apache.org/maven2/org/codehaus/plexus/plexus/8/plexus-8.pom
2025-08-10 18:03:48,768 [Worker-8: ビルド] INFO  o.e.m.c.i.e.AbstractTransferListenerAdapter - Downloaded https://repo.maven.apache.org/maven2/org/codehaus/plexus/plexus/8/plexus-8.pom
2025-08-10 18:03:48,796 [Worker-8: ビルド] INFO  o.e.m.c.i.e.AbstractTransferListenerAdapter - Downloading https://repo.maven.apache.org/maven2/org/apache/maven/maven-archiver/3.6.0/maven-archiver-3.6.0.jar
2025-08-10 18:03:48,804 [Worker-8: ビルド] INFO  o.e.m.c.i.e.AbstractTransferListenerAdapter - Downloaded https://repo.maven.apache.org/maven2/org/apache/maven/maven-archiver/3.6.0/maven-archiver-3.6.0.jar
2025-08-10 18:03:48,817 [BasicRepositoryConnector-repo.maven.apache.org-7-1] INFO  o.e.m.c.i.e.AbstractTransferListenerAdapter - Downloading https://repo.maven.apache.org/maven2/org/codehaus/plexus/plexus-archiver/4.4.0/plexus-archiver-4.4.0.jar
2025-08-10 18:03:48,818 [BasicRepositoryConnector-repo.maven.apache.org-7-0] INFO  o.e.m.c.i.e.AbstractTransferListenerAdapter - Downloading https://repo.maven.apache.org/maven2/org/codehaus/plexus/plexus-io/3.4.0/plexus-io-3.4.0.jar
2025-08-10 18:03:48,818 [BasicRepositoryConnector-repo.maven.apache.org-7-2] INFO  o.e.m.c.i.e.AbstractTransferListenerAdapter - Downloading https://repo.maven.apache.org/maven2/org/apache/commons/commons-compress/1.21/commons-compress-1.21.jar
2025-08-10 18:03:48,826 [BasicRepositoryConnector-repo.maven.apache.org-7-3] INFO  o.e.m.c.i.e.AbstractTransferListenerAdapter - Downloading https://repo.maven.apache.org/maven2/org/codehaus/plexus/plexus-utils/3.4.2/plexus-utils-3.4.2.jar
2025-08-10 18:03:48,915 [BasicRepositoryConnector-repo.maven.apache.org-7-0] INFO  o.e.m.c.i.e.AbstractTransferListenerAdapter - Downloaded https://repo.maven.apache.org/maven2/org/codehaus/plexus/plexus-io/3.4.0/plexus-io-3.4.0.jar
2025-08-10 18:03:49,033 [BasicRepositoryConnector-repo.maven.apache.org-7-1] INFO  o.e.m.c.i.e.AbstractTransferListenerAdapter - Downloaded https://repo.maven.apache.org/maven2/org/codehaus/plexus/plexus-archiver/4.4.0/plexus-archiver-4.4.0.jar
2025-08-10 18:03:49,047 [BasicRepositoryConnector-repo.maven.apache.org-7-3] INFO  o.e.m.c.i.e.AbstractTransferListenerAdapter - Downloaded https://repo.maven.apache.org/maven2/org/codehaus/plexus/plexus-utils/3.4.2/plexus-utils-3.4.2.jar
2025-08-10 18:03:49,173 [BasicRepositoryConnector-repo.maven.apache.org-7-2] INFO  o.e.m.c.i.e.AbstractTransferListenerAdapter - Downloaded https://repo.maven.apache.org/maven2/org/apache/commons/commons-compress/1.21/commons-compress-1.21.jar
2025-08-10 18:03:49,262 [Worker-14: ソースおよび Javadoc のダウンロード] INFO  o.e.m.c.i.e.AbstractTransferListenerAdapter - Downloading https://repo.maven.apache.org/maven2/org/springframework/boot/spring-boot-starter-web/3.2.0/spring-boot-starter-web-3.2.0-sources.jar
2025-08-10 18:03:49,264 [Worker-14: ソースおよび Javadoc のダウンロード] INFO  o.e.m.c.i.e.AbstractTransferListenerAdapter - Downloaded https://repo.maven.apache.org/maven2/org/springframework/boot/spring-boot-starter-web/3.2.0/spring-boot-starter-web-3.2.0-sources.jar
2025-08-10 18:03:49,266 [Worker-14: ソースおよび Javadoc のダウンロード] INFO  o.e.m.j.internal.DownloadSourcesJob - Downloaded sources for org.springframework.boot:spring-boot-starter-web:3.2.0
2025-08-10 18:03:49,299 [Worker-14: ソースおよび Javadoc のダウンロード] INFO  o.e.m.c.i.e.AbstractTransferListenerAdapter - Downloading https://repo.maven.apache.org/maven2/org/springframework/boot/spring-boot-starter/3.2.0/spring-boot-starter-3.2.0-sources.jar
2025-08-10 18:03:49,301 [Worker-14: ソースおよび Javadoc のダウンロード] INFO  o.e.m.c.i.e.AbstractTransferListenerAdapter - Downloaded https://repo.maven.apache.org/maven2/org/springframework/boot/spring-boot-starter/3.2.0/spring-boot-starter-3.2.0-sources.jar
2025-08-10 18:03:49,305 [Worker-14: ソースおよび Javadoc のダウンロード] INFO  o.e.m.j.internal.DownloadSourcesJob - Downloaded sources for org.springframework.boot:spring-boot-starter:3.2.0
2025-08-10 18:03:49,338 [Worker-14: ソースおよび Javadoc のダウンロード] INFO  o.e.m.c.i.e.AbstractTransferListenerAdapter - Downloading https://repo.maven.apache.org/maven2/org/springframework/boot/spring-boot/3.2.0/spring-boot-3.2.0-sources.jar
2025-08-10 18:03:49,560 [Worker-14: ソースおよび Javadoc のダウンロード] INFO  o.e.m.c.i.e.AbstractTransferListenerAdapter - Downloaded https://repo.maven.apache.org/maven2/org/springframework/boot/spring-boot/3.2.0/spring-boot-3.2.0-sources.jar
2025-08-10 18:03:49,563 [Worker-14: ソースおよび Javadoc のダウンロード] INFO  o.e.m.j.internal.DownloadSourcesJob - Downloaded sources for org.springframework.boot:spring-boot:3.2.0
2025-08-10 18:03:49,596 [Worker-14: ソースおよび Javadoc のダウンロード] INFO  o.e.m.c.i.e.AbstractTransferListenerAdapter - Downloading https://repo.maven.apache.org/maven2/org/springframework/boot/spring-boot-autoconfigure/3.2.0/spring-boot-autoconfigure-3.2.0-sources.jar
2025-08-10 18:03:49,613 [Worker-8: Maven プロジェクトの更新中] INFO  o.e.m.c.i.p.ProjectConfigurationManager - Update started
2025-08-10 18:03:49,807 [Worker-8: Maven プロジェクトの更新中] INFO  o.e.m.c.i.l.LifecycleMappingFactory - Using org.eclipse.m2e.jdt.JarLifecycleMapping lifecycle mapping for MavenProject: com.ec:ec-management-system:1.0.0 @ C:\PG練習\Java\demo\pom.xml.
2025-08-10 18:03:49,853 [Worker-14: ソースおよび Javadoc のダウンロード] INFO  o.e.m.c.i.e.AbstractTransferListenerAdapter - Downloaded https://repo.maven.apache.org/maven2/org/springframework/boot/spring-boot-autoconfigure/3.2.0/spring-boot-autoconfigure-3.2.0-sources.jar
2025-08-10 18:03:49,857 [Worker-14: ソースおよび Javadoc のダウンロード] INFO  o.e.m.j.internal.DownloadSourcesJob - Downloaded sources for org.springframework.boot:spring-boot-autoconfigure:3.2.0
2025-08-10 18:03:49,885 [Worker-14: ソースおよび Javadoc のダウンロード] INFO  o.e.m.c.i.e.AbstractTransferListenerAdapter - Downloading https://repo.maven.apache.org/maven2/org/springframework/boot/spring-boot-starter-logging/3.2.0/spring-boot-starter-logging-3.2.0-sources.jar
2025-08-10 18:03:49,889 [Worker-14: ソースおよび Javadoc のダウンロード] INFO  o.e.m.c.i.e.AbstractTransferListenerAdapter - Downloaded https://repo.maven.apache.org/maven2/org/springframework/boot/spring-boot-starter-logging/3.2.0/spring-boot-starter-logging-3.2.0-sources.jar
2025-08-10 18:03:49,891 [Worker-14: ソースおよび Javadoc のダウンロード] INFO  o.e.m.j.internal.DownloadSourcesJob - Downloaded sources for org.springframework.boot:spring-boot-starter-logging:3.2.0
2025-08-10 18:03:49,921 [Worker-14: ソースおよび Javadoc のダウンロード] INFO  o.e.m.c.i.e.AbstractTransferListenerAdapter - Downloading https://repo.maven.apache.org/maven2/ch/qos/logback/logback-classic/1.4.11/logback-classic-1.4.11-sources.jar
2025-08-10 18:03:49,990 [Worker-14: ソースおよび Javadoc のダウンロード] INFO  o.e.m.c.i.e.AbstractTransferListenerAdapter - Downloaded https://repo.maven.apache.org/maven2/ch/qos/logback/logback-classic/1.4.11/logback-classic-1.4.11-sources.jar
2025-08-10 18:03:49,992 [Worker-14: ソースおよび Javadoc のダウンロード] INFO  o.e.m.j.internal.DownloadSourcesJob - Downloaded sources for ch.qos.logback:logback-classic:1.4.11
2025-08-10 18:03:49,998 [Worker-8: Maven プロジェクトの更新中] WARN  o.e.m.c.i.embedder.EclipseLogger - The artifact mysql:mysql-connector-java:jar:8.0.33 has been relocated to com.mysql:mysql-connector-j:jar:8.0.33: MySQL Connector/J artifacts moved to reverse-DNS compliant Maven 2+ coordinates.
2025-08-10 18:03:50,022 [Worker-14: ソースおよび Javadoc のダウンロード] INFO  o.e.m.c.i.e.AbstractTransferListenerAdapter - Downloading https://repo.maven.apache.org/maven2/ch/qos/logback/logback-core/1.4.11/logback-core-1.4.11-sources.jar
2025-08-10 18:03:50,159 [Worker-14: ソースおよび Javadoc のダウンロード] INFO  o.e.m.c.i.e.AbstractTransferListenerAdapter - Downloaded https://repo.maven.apache.org/maven2/ch/qos/logback/logback-core/1.4.11/logback-core-1.4.11-sources.jar
2025-08-10 18:03:50,162 [Worker-14: ソースおよび Javadoc のダウンロード] INFO  o.e.m.j.internal.DownloadSourcesJob - Downloaded sources for ch.qos.logback:logback-core:1.4.11
2025-08-10 18:03:50,196 [Worker-14: ソースおよび Javadoc のダウンロード] INFO  o.e.m.c.i.e.AbstractTransferListenerAdapter - Downloading https://repo.maven.apache.org/maven2/org/apache/logging/log4j/log4j-to-slf4j/2.21.1/log4j-to-slf4j-2.21.1-sources.jar
2025-08-10 18:03:50,200 [Worker-14: ソースおよび Javadoc のダウンロード] INFO  o.e.m.c.i.e.AbstractTransferListenerAdapter - Downloaded https://repo.maven.apache.org/maven2/org/apache/logging/log4j/log4j-to-slf4j/2.21.1/log4j-to-slf4j-2.21.1-sources.jar
2025-08-10 18:03:50,203 [Worker-14: ソースおよび Javadoc のダウンロード] INFO  o.e.m.j.internal.DownloadSourcesJob - Downloaded sources for org.apache.logging.log4j:log4j-to-slf4j:2.21.1
2025-08-10 18:03:50,210 [Worker-8: Maven プロジェクトの更新中] INFO  o.e.m.j.i.AbstractJavaProjectConfigurator - Adding source folder /demo/src/main/java
2025-08-10 18:03:50,210 [Worker-8: Maven プロジェクトの更新中] INFO  o.e.m.j.i.AbstractJavaProjectConfigurator - Adding resource folder /demo/src/main/resources
2025-08-10 18:03:50,210 [Worker-8: Maven プロジェクトの更新中] INFO  o.e.m.j.i.AbstractJavaProjectConfigurator - Adding resource folder /demo/src/main/resources
2025-08-10 18:03:50,211 [Worker-8: Maven プロジェクトの更新中] INFO  o.e.m.j.i.AbstractJavaProjectConfigurator - Adding source folder /demo/src/test/java
2025-08-10 18:03:50,211 [Worker-8: Maven プロジェクトの更新中] INFO  o.e.m.j.i.AbstractJavaProjectConfigurator - Adding resource folder /demo/src/test/resources
2025-08-10 18:03:50,234 [Worker-14: ソースおよび Javadoc のダウンロード] INFO  o.e.m.c.i.e.AbstractTransferListenerAdapter - Downloading https://repo.maven.apache.org/maven2/org/apache/logging/log4j/log4j-api/2.21.1/log4j-api-2.21.1-sources.jar
2025-08-10 18:03:50,323 [Worker-14: ソースおよび Javadoc のダウンロード] INFO  o.e.m.c.i.e.AbstractTransferListenerAdapter - Downloaded https://repo.maven.apache.org/maven2/org/apache/logging/log4j/log4j-api/2.21.1/log4j-api-2.21.1-sources.jar
2025-08-10 18:03:50,326 [Worker-14: ソースおよび Javadoc のダウンロード] INFO  o.e.m.j.internal.DownloadSourcesJob - Downloaded sources for org.apache.logging.log4j:log4j-api:2.21.1
2025-08-10 18:03:50,356 [Worker-14: ソースおよび Javadoc のダウンロード] INFO  o.e.m.c.i.e.AbstractTransferListenerAdapter - Downloading https://repo.maven.apache.org/maven2/org/slf4j/jul-to-slf4j/2.0.9/jul-to-slf4j-2.0.9-sources.jar
2025-08-10 18:03:50,358 [Worker-14: ソースおよび Javadoc のダウンロード] INFO  o.e.m.c.i.e.AbstractTransferListenerAdapter - Downloaded https://repo.maven.apache.org/maven2/org/slf4j/jul-to-slf4j/2.0.9/jul-to-slf4j-2.0.9-sources.jar
2025-08-10 18:03:50,360 [Worker-14: ソースおよび Javadoc のダウンロード] INFO  o.e.m.j.internal.DownloadSourcesJob - Downloaded sources for org.slf4j:jul-to-slf4j:2.0.9
2025-08-10 18:03:50,389 [Worker-14: ソースおよび Javadoc のダウンロード] INFO  o.e.m.c.i.e.AbstractTransferListenerAdapter - Downloading https://repo.maven.apache.org/maven2/jakarta/annotation/jakarta.annotation-api/2.1.1/jakarta.annotation-api-2.1.1-sources.jar
2025-08-10 18:03:50,403 [Worker-14: ソースおよび Javadoc のダウンロード] INFO  o.e.m.c.i.e.AbstractTransferListenerAdapter - Downloaded https://repo.maven.apache.org/maven2/jakarta/annotation/jakarta.annotation-api/2.1.1/jakarta.annotation-api-2.1.1-sources.jar
2025-08-10 18:03:50,406 [Worker-14: ソースおよび Javadoc のダウンロード] INFO  o.e.m.j.internal.DownloadSourcesJob - Downloaded sources for jakarta.annotation:jakarta.annotation-api:2.1.1
2025-08-10 18:03:50,440 [Worker-14: ソースおよび Javadoc のダウンロード] INFO  o.e.m.c.i.e.AbstractTransferListenerAdapter - Downloading https://repo.maven.apache.org/maven2/org/yaml/snakeyaml/2.2/snakeyaml-2.2-sources.jar
2025-08-10 18:03:50,492 [Worker-14: ソースおよび Javadoc のダウンロード] INFO  o.e.m.c.i.e.AbstractTransferListenerAdapter - Downloaded https://repo.maven.apache.org/maven2/org/yaml/snakeyaml/2.2/snakeyaml-2.2-sources.jar
2025-08-10 18:03:50,495 [Worker-14: ソースおよび Javadoc のダウンロード] INFO  o.e.m.j.internal.DownloadSourcesJob - Downloaded sources for org.yaml:snakeyaml:2.2
2025-08-10 18:03:50,525 [Worker-14: ソースおよび Javadoc のダウンロード] INFO  o.e.m.c.i.e.AbstractTransferListenerAdapter - Downloading https://repo.maven.apache.org/maven2/org/springframework/boot/spring-boot-starter-json/3.2.0/spring-boot-starter-json-3.2.0-sources.jar
2025-08-10 18:03:50,530 [Worker-14: ソースおよび Javadoc のダウンロード] INFO  o.e.m.c.i.e.AbstractTransferListenerAdapter - Downloaded https://repo.maven.apache.org/maven2/org/springframework/boot/spring-boot-starter-json/3.2.0/spring-boot-starter-json-3.2.0-sources.jar
2025-08-10 18:03:50,533 [Worker-14: ソースおよび Javadoc のダウンロード] INFO  o.e.m.j.internal.DownloadSourcesJob - Downloaded sources for org.springframework.boot:spring-boot-starter-json:3.2.0
2025-08-10 18:03:50,565 [Worker-14: ソースおよび Javadoc のダウンロード] INFO  o.e.m.c.i.e.AbstractTransferListenerAdapter - Downloading https://repo.maven.apache.org/maven2/com/fasterxml/jackson/core/jackson-databind/2.15.3/jackson-databind-2.15.3-sources.jar
2025-08-10 18:03:50,650 [Worker-8: Maven プロジェクトの更新中] INFO  o.e.m.c.i.p.ProjectConfigurationManager - Update completed for 1 poms: local refresh takes 0.00 sec, refresh facades takes 0.00 sec, update config takes 0.00 sec 
2025-08-10 18:03:50,780 [Worker-14: ソースおよび Javadoc のダウンロード] INFO  o.e.m.c.i.e.AbstractTransferListenerAdapter - Downloaded https://repo.maven.apache.org/maven2/com/fasterxml/jackson/core/jackson-databind/2.15.3/jackson-databind-2.15.3-sources.jar
2025-08-10 18:03:50,786 [Worker-14: ソースおよび Javadoc のダウンロード] INFO  o.e.m.j.internal.DownloadSourcesJob - Downloaded sources for com.fasterxml.jackson.core:jackson-databind:2.15.3
2025-08-10 18:03:50,829 [Worker-14: ソースおよび Javadoc のダウンロード] INFO  o.e.m.c.i.e.AbstractTransferListenerAdapter - Downloading https://repo.maven.apache.org/maven2/com/fasterxml/jackson/core/jackson-annotations/2.15.3/jackson-annotations-2.15.3-sources.jar
2025-08-10 18:03:50,858 [Worker-14: ソースおよび Javadoc のダウンロード] INFO  o.e.m.c.i.e.AbstractTransferListenerAdapter - Downloaded https://repo.maven.apache.org/maven2/com/fasterxml/jackson/core/jackson-annotations/2.15.3/jackson-annotations-2.15.3-sources.jar
2025-08-10 18:03:50,861 [Worker-14: ソースおよび Javadoc のダウンロード] INFO  o.e.m.j.internal.DownloadSourcesJob - Downloaded sources for com.fasterxml.jackson.core:jackson-annotations:2.15.3
2025-08-10 18:03:50,896 [Worker-14: ソースおよび Javadoc のダウンロード] INFO  o.e.m.c.i.e.AbstractTransferListenerAdapter - Downloading https://repo.maven.apache.org/maven2/com/fasterxml/jackson/core/jackson-core/2.15.3/jackson-core-2.15.3-sources.jar
2025-08-10 18:03:50,963 [Worker-15: ビルド] INFO  o.a.m.s.f.DefaultMavenResourcesFiltering - Copying 1 resource from src\main\resources to target\classes
2025-08-10 18:03:50,975 [Worker-15: ビルド] INFO  o.a.m.s.f.DefaultMavenResourcesFiltering - Copying 0 resource from src\main\resources to target\classes
2025-08-10 18:03:50,978 [Worker-15: ビルド] INFO  o.a.m.s.f.DefaultMavenResourcesFiltering - skip non existing resourceDirectory C:\PG練習\Java\demo\src\test\resources
2025-08-10 18:03:51,007 [Worker-14: ソースおよび Javadoc のダウンロード] INFO  o.e.m.c.i.e.AbstractTransferListenerAdapter - Downloaded https://repo.maven.apache.org/maven2/com/fasterxml/jackson/core/jackson-core/2.15.3/jackson-core-2.15.3-sources.jar
2025-08-10 18:03:51,011 [Worker-14: ソースおよび Javadoc のダウンロード] INFO  o.e.m.j.internal.DownloadSourcesJob - Downloaded sources for com.fasterxml.jackson.core:jackson-core:2.15.3
2025-08-10 18:03:51,047 [Worker-14: ソースおよび Javadoc のダウンロード] INFO  o.e.m.c.i.e.AbstractTransferListenerAdapter - Downloading https://repo.maven.apache.org/maven2/com/fasterxml/jackson/datatype/jackson-datatype-jdk8/2.15.3/jackson-datatype-jdk8-2.15.3-sources.jar
2025-08-10 18:03:51,051 [Worker-14: ソースおよび Javadoc のダウンロード] INFO  o.e.m.c.i.e.AbstractTransferListenerAdapter - Downloaded https://repo.maven.apache.org/maven2/com/fasterxml/jackson/datatype/jackson-datatype-jdk8/2.15.3/jackson-datatype-jdk8-2.15.3-sources.jar
2025-08-10 18:03:51,058 [Worker-14: ソースおよび Javadoc のダウンロード] INFO  o.e.m.j.internal.DownloadSourcesJob - Downloaded sources for com.fasterxml.jackson.datatype:jackson-datatype-jdk8:2.15.3
2025-08-10 18:03:51,094 [Worker-14: ソースおよび Javadoc のダウンロード] INFO  o.e.m.c.i.e.AbstractTransferListenerAdapter - Downloading https://repo.maven.apache.org/maven2/com/fasterxml/jackson/datatype/jackson-datatype-jsr310/2.15.3/jackson-datatype-jsr310-2.15.3-sources.jar
2025-08-10 18:03:51,118 [Worker-14: ソースおよび Javadoc のダウンロード] INFO  o.e.m.c.i.e.AbstractTransferListenerAdapter - Downloaded https://repo.maven.apache.org/maven2/com/fasterxml/jackson/datatype/jackson-datatype-jsr310/2.15.3/jackson-datatype-jsr310-2.15.3-sources.jar
2025-08-10 18:03:51,122 [Worker-14: ソースおよび Javadoc のダウンロード] INFO  o.e.m.j.internal.DownloadSourcesJob - Downloaded sources for com.fasterxml.jackson.datatype:jackson-datatype-jsr310:2.15.3
2025-08-10 18:03:51,152 [Worker-14: ソースおよび Javadoc のダウンロード] INFO  o.e.m.c.i.e.AbstractTransferListenerAdapter - Downloading https://repo.maven.apache.org/maven2/com/fasterxml/jackson/module/jackson-module-parameter-names/2.15.3/jackson-module-parameter-names-2.15.3-sources.jar
2025-08-10 18:03:51,155 [Worker-14: ソースおよび Javadoc のダウンロード] INFO  o.e.m.c.i.e.AbstractTransferListenerAdapter - Downloaded https://repo.maven.apache.org/maven2/com/fasterxml/jackson/module/jackson-module-parameter-names/2.15.3/jackson-module-parameter-names-2.15.3-sources.jar
2025-08-10 18:03:51,157 [Worker-14: ソースおよび Javadoc のダウンロード] INFO  o.e.m.j.internal.DownloadSourcesJob - Downloaded sources for com.fasterxml.jackson.module:jackson-module-parameter-names:2.15.3
2025-08-10 18:03:51,184 [Worker-14: ソースおよび Javadoc のダウンロード] INFO  o.e.m.c.i.e.AbstractTransferListenerAdapter - Downloading https://repo.maven.apache.org/maven2/org/springframework/boot/spring-boot-starter-tomcat/3.2.0/spring-boot-starter-tomcat-3.2.0-sources.jar
2025-08-10 18:03:51,186 [Worker-14: ソースおよび Javadoc のダウンロード] INFO  o.e.m.c.i.e.AbstractTransferListenerAdapter - Downloaded https://repo.maven.apache.org/maven2/org/springframework/boot/spring-boot-starter-tomcat/3.2.0/spring-boot-starter-tomcat-3.2.0-sources.jar
2025-08-10 18:03:51,189 [Worker-14: ソースおよび Javadoc のダウンロード] INFO  o.e.m.j.internal.DownloadSourcesJob - Downloaded sources for org.springframework.boot:spring-boot-starter-tomcat:3.2.0
2025-08-10 18:03:51,218 [Worker-14: ソースおよび Javadoc のダウンロード] INFO  o.e.m.c.i.e.AbstractTransferListenerAdapter - Downloading https://repo.maven.apache.org/maven2/org/apache/tomcat/embed/tomcat-embed-core/10.1.16/tomcat-embed-core-10.1.16-sources.jar
2025-08-10 18:03:51,834 [Worker-14: ソースおよび Javadoc のダウンロード] INFO  o.e.m.c.i.e.AbstractTransferListenerAdapter - Downloaded https://repo.maven.apache.org/maven2/org/apache/tomcat/embed/tomcat-embed-core/10.1.16/tomcat-embed-core-10.1.16-sources.jar
2025-08-10 18:03:51,838 [Worker-14: ソースおよび Javadoc のダウンロード] INFO  o.e.m.j.internal.DownloadSourcesJob - Downloaded sources for org.apache.tomcat.embed:tomcat-embed-core:10.1.16
2025-08-10 18:03:51,872 [Worker-14: ソースおよび Javadoc のダウンロード] INFO  o.e.m.c.i.e.AbstractTransferListenerAdapter - Downloading https://repo.maven.apache.org/maven2/org/apache/tomcat/embed/tomcat-embed-websocket/10.1.16/tomcat-embed-websocket-10.1.16-sources.jar
2025-08-10 18:03:51,913 [Worker-14: ソースおよび Javadoc のダウンロード] INFO  o.e.m.c.i.e.AbstractTransferListenerAdapter - Downloaded https://repo.maven.apache.org/maven2/org/apache/tomcat/embed/tomcat-embed-websocket/10.1.16/tomcat-embed-websocket-10.1.16-sources.jar
2025-08-10 18:03:51,918 [Worker-14: ソースおよび Javadoc のダウンロード] INFO  o.e.m.j.internal.DownloadSourcesJob - Downloaded sources for org.apache.tomcat.embed:tomcat-embed-websocket:10.1.16
2025-08-10 18:03:51,948 [Worker-14: ソースおよび Javadoc のダウンロード] INFO  o.e.m.c.i.e.AbstractTransferListenerAdapter - Downloading https://repo.maven.apache.org/maven2/org/springframework/spring-web/6.1.1/spring-web-6.1.1-sources.jar
2025-08-10 18:03:52,182 [Worker-14: ソースおよび Javadoc のダウンロード] INFO  o.e.m.c.i.e.AbstractTransferListenerAdapter - Downloaded https://repo.maven.apache.org/maven2/org/springframework/spring-web/6.1.1/spring-web-6.1.1-sources.jar
2025-08-10 18:03:52,188 [Worker-14: ソースおよび Javadoc のダウンロード] INFO  o.e.m.j.internal.DownloadSourcesJob - Downloaded sources for org.springframework:spring-web:6.1.1
2025-08-10 18:03:52,219 [Worker-14: ソースおよび Javadoc のダウンロード] INFO  o.e.m.c.i.e.AbstractTransferListenerAdapter - Downloading https://repo.maven.apache.org/maven2/org/springframework/spring-beans/6.1.1/spring-beans-6.1.1-sources.jar
2025-08-10 18:03:52,354 [Worker-14: ソースおよび Javadoc のダウンロード] INFO  o.e.m.c.i.e.AbstractTransferListenerAdapter - Downloaded https://repo.maven.apache.org/maven2/org/springframework/spring-beans/6.1.1/spring-beans-6.1.1-sources.jar
2025-08-10 18:03:52,359 [Worker-14: ソースおよび Javadoc のダウンロード] INFO  o.e.m.j.internal.DownloadSourcesJob - Downloaded sources for org.springframework:spring-beans:6.1.1
2025-08-10 18:03:52,398 [Worker-14: ソースおよび Javadoc のダウンロード] INFO  o.e.m.c.i.e.AbstractTransferListenerAdapter - Downloading https://repo.maven.apache.org/maven2/io/micrometer/micrometer-observation/1.12.0/micrometer-observation-1.12.0-sources.jar
2025-08-10 18:03:52,417 [Worker-14: ソースおよび Javadoc のダウンロード] INFO  o.e.m.c.i.e.AbstractTransferListenerAdapter - Downloaded https://repo.maven.apache.org/maven2/io/micrometer/micrometer-observation/1.12.0/micrometer-observation-1.12.0-sources.jar
2025-08-10 18:03:52,423 [Worker-14: ソースおよび Javadoc のダウンロード] INFO  o.e.m.j.internal.DownloadSourcesJob - Downloaded sources for io.micrometer:micrometer-observation:1.12.0
2025-08-10 18:03:52,460 [Worker-14: ソースおよび Javadoc のダウンロード] INFO  o.e.m.c.i.e.AbstractTransferListenerAdapter - Downloading https://repo.maven.apache.org/maven2/io/micrometer/micrometer-commons/1.12.0/micrometer-commons-1.12.0-sources.jar
2025-08-10 18:03:52,473 [Worker-14: ソースおよび Javadoc のダウンロード] INFO  o.e.m.c.i.e.AbstractTransferListenerAdapter - Downloaded https://repo.maven.apache.org/maven2/io/micrometer/micrometer-commons/1.12.0/micrometer-commons-1.12.0-sources.jar
2025-08-10 18:03:52,476 [Worker-14: ソースおよび Javadoc のダウンロード] INFO  o.e.m.j.internal.DownloadSourcesJob - Downloaded sources for io.micrometer:micrometer-commons:1.12.0
2025-08-10 18:03:52,515 [Worker-14: ソースおよび Javadoc のダウンロード] INFO  o.e.m.c.i.e.AbstractTransferListenerAdapter - Downloading https://repo.maven.apache.org/maven2/org/springframework/spring-webmvc/6.1.1/spring-webmvc-6.1.1-sources.jar
2025-08-10 18:03:52,705 [Worker-14: ソースおよび Javadoc のダウンロード] INFO  o.e.m.c.i.e.AbstractTransferListenerAdapter - Downloaded https://repo.maven.apache.org/maven2/org/springframework/spring-webmvc/6.1.1/spring-webmvc-6.1.1-sources.jar
2025-08-10 18:03:52,707 [Worker-14: ソースおよび Javadoc のダウンロード] INFO  o.e.m.j.internal.DownloadSourcesJob - Downloaded sources for org.springframework:spring-webmvc:6.1.1
2025-08-10 18:03:52,748 [Worker-14: ソースおよび Javadoc のダウンロード] INFO  o.e.m.c.i.e.AbstractTransferListenerAdapter - Downloading https://repo.maven.apache.org/maven2/org/springframework/spring-context/6.1.1/spring-context-6.1.1-sources.jar
2025-08-10 18:03:52,877 [Worker-14: ソースおよび Javadoc のダウンロード] INFO  o.e.m.c.i.e.AbstractTransferListenerAdapter - Downloaded https://repo.maven.apache.org/maven2/org/springframework/spring-context/6.1.1/spring-context-6.1.1-sources.jar
2025-08-10 18:03:52,882 [Worker-14: ソースおよび Javadoc のダウンロード] INFO  o.e.m.j.internal.DownloadSourcesJob - Downloaded sources for org.springframework:spring-context:6.1.1
2025-08-10 18:03:52,915 [Worker-14: ソースおよび Javadoc のダウンロード] INFO  o.e.m.c.i.e.AbstractTransferListenerAdapter - Downloading https://repo.maven.apache.org/maven2/org/springframework/spring-expression/6.1.1/spring-expression-6.1.1-sources.jar
2025-08-10 18:03:52,943 [Worker-14: ソースおよび Javadoc のダウンロード] INFO  o.e.m.c.i.e.AbstractTransferListenerAdapter - Downloaded https://repo.maven.apache.org/maven2/org/springframework/spring-expression/6.1.1/spring-expression-6.1.1-sources.jar
2025-08-10 18:03:52,947 [Worker-14: ソースおよび Javadoc のダウンロード] INFO  o.e.m.j.internal.DownloadSourcesJob - Downloaded sources for org.springframework:spring-expression:6.1.1
2025-08-10 18:03:52,980 [Worker-14: ソースおよび Javadoc のダウンロード] INFO  o.e.m.c.i.e.AbstractTransferListenerAdapter - Downloading https://repo.maven.apache.org/maven2/org/springframework/boot/spring-boot-starter-data-jpa/3.2.0/spring-boot-starter-data-jpa-3.2.0-sources.jar
2025-08-10 18:03:52,984 [Worker-14: ソースおよび Javadoc のダウンロード] INFO  o.e.m.c.i.e.AbstractTransferListenerAdapter - Downloaded https://repo.maven.apache.org/maven2/org/springframework/boot/spring-boot-starter-data-jpa/3.2.0/spring-boot-starter-data-jpa-3.2.0-sources.jar
2025-08-10 18:03:52,990 [Worker-14: ソースおよび Javadoc のダウンロード] INFO  o.e.m.j.internal.DownloadSourcesJob - Downloaded sources for org.springframework.boot:spring-boot-starter-data-jpa:3.2.0
2025-08-10 18:03:53,025 [Worker-14: ソースおよび Javadoc のダウンロード] INFO  o.e.m.c.i.e.AbstractTransferListenerAdapter - Downloading https://repo.maven.apache.org/maven2/org/springframework/boot/spring-boot-starter-aop/3.2.0/spring-boot-starter-aop-3.2.0-sources.jar
2025-08-10 18:03:53,028 [Worker-14: ソースおよび Javadoc のダウンロード] INFO  o.e.m.c.i.e.AbstractTransferListenerAdapter - Downloaded https://repo.maven.apache.org/maven2/org/springframework/boot/spring-boot-starter-aop/3.2.0/spring-boot-starter-aop-3.2.0-sources.jar
2025-08-10 18:03:53,034 [Worker-14: ソースおよび Javadoc のダウンロード] INFO  o.e.m.j.internal.DownloadSourcesJob - Downloaded sources for org.springframework.boot:spring-boot-starter-aop:3.2.0
2025-08-10 18:03:53,066 [Worker-14: ソースおよび Javadoc のダウンロード] INFO  o.e.m.c.i.e.AbstractTransferListenerAdapter - Downloading https://repo.maven.apache.org/maven2/org/aspectj/aspectjweaver/1.9.20.1/aspectjweaver-1.9.20.1-sources.jar
2025-08-10 18:03:53,324 [Worker-14: ソースおよび Javadoc のダウンロード] INFO  o.e.m.c.i.e.AbstractTransferListenerAdapter - Downloaded https://repo.maven.apache.org/maven2/org/aspectj/aspectjweaver/1.9.20.1/aspectjweaver-1.9.20.1-sources.jar
2025-08-10 18:03:53,328 [Worker-14: ソースおよび Javadoc のダウンロード] INFO  o.e.m.j.internal.DownloadSourcesJob - Downloaded sources for org.aspectj:aspectjweaver:1.9.20.1
2025-08-10 18:03:53,366 [Worker-14: ソースおよび Javadoc のダウンロード] INFO  o.e.m.c.i.e.AbstractTransferListenerAdapter - Downloading https://repo.maven.apache.org/maven2/org/springframework/boot/spring-boot-starter-jdbc/3.2.0/spring-boot-starter-jdbc-3.2.0-sources.jar
2025-08-10 18:03:53,370 [Worker-14: ソースおよび Javadoc のダウンロード] INFO  o.e.m.c.i.e.AbstractTransferListenerAdapter - Downloaded https://repo.maven.apache.org/maven2/org/springframework/boot/spring-boot-starter-jdbc/3.2.0/spring-boot-starter-jdbc-3.2.0-sources.jar
2025-08-10 18:03:53,373 [Worker-14: ソースおよび Javadoc のダウンロード] INFO  o.e.m.j.internal.DownloadSourcesJob - Downloaded sources for org.springframework.boot:spring-boot-starter-jdbc:3.2.0
2025-08-10 18:03:53,407 [Worker-14: ソースおよび Javadoc のダウンロード] INFO  o.e.m.c.i.e.AbstractTransferListenerAdapter - Downloading https://repo.maven.apache.org/maven2/com/zaxxer/HikariCP/5.0.1/HikariCP-5.0.1-sources.jar
2025-08-10 18:03:53,463 [Worker-14: ソースおよび Javadoc のダウンロード] INFO  o.e.m.c.i.e.AbstractTransferListenerAdapter - Downloaded https://repo.maven.apache.org/maven2/com/zaxxer/HikariCP/5.0.1/HikariCP-5.0.1-sources.jar
2025-08-10 18:03:53,465 [Worker-14: ソースおよび Javadoc のダウンロード] INFO  o.e.m.j.internal.DownloadSourcesJob - Downloaded sources for com.zaxxer:HikariCP:5.0.1
2025-08-10 18:03:53,496 [Worker-14: ソースおよび Javadoc のダウンロード] INFO  o.e.m.c.i.e.AbstractTransferListenerAdapter - Downloading https://repo.maven.apache.org/maven2/org/springframework/spring-jdbc/6.1.1/spring-jdbc-6.1.1-sources.jar
2025-08-10 18:03:53,554 [Worker-14: ソースおよび Javadoc のダウンロード] INFO  o.e.m.c.i.e.AbstractTransferListenerAdapter - Downloaded https://repo.maven.apache.org/maven2/org/springframework/spring-jdbc/6.1.1/spring-jdbc-6.1.1-sources.jar
2025-08-10 18:03:53,558 [Worker-14: ソースおよび Javadoc のダウンロード] INFO  o.e.m.j.internal.DownloadSourcesJob - Downloaded sources for org.springframework:spring-jdbc:6.1.1
2025-08-10 18:03:53,589 [Worker-14: ソースおよび Javadoc のダウンロード] INFO  o.e.m.c.i.e.AbstractTransferListenerAdapter - Downloading https://repo.maven.apache.org/maven2/org/hibernate/orm/hibernate-core/6.3.1.Final/hibernate-core-6.3.1.Final-sources.jar
2025-08-10 18:03:54,608 [Worker-14: ソースおよび Javadoc のダウンロード] INFO  o.e.m.c.i.e.AbstractTransferListenerAdapter - Downloaded https://repo.maven.apache.org/maven2/org/hibernate/orm/hibernate-core/6.3.1.Final/hibernate-core-6.3.1.Final-sources.jar
2025-08-10 18:03:54,611 [Worker-14: ソースおよび Javadoc のダウンロード] INFO  o.e.m.j.internal.DownloadSourcesJob - Downloaded sources for org.hibernate.orm:hibernate-core:6.3.1.Final
2025-08-10 18:03:54,648 [Worker-14: ソースおよび Javadoc のダウンロード] INFO  o.e.m.c.i.e.AbstractTransferListenerAdapter - Downloading https://repo.maven.apache.org/maven2/jakarta/persistence/jakarta.persistence-api/3.1.0/jakarta.persistence-api-3.1.0-sources.jar
2025-08-10 18:03:54,692 [Worker-14: ソースおよび Javadoc のダウンロード] INFO  o.e.m.c.i.e.AbstractTransferListenerAdapter - Downloaded https://repo.maven.apache.org/maven2/jakarta/persistence/jakarta.persistence-api/3.1.0/jakarta.persistence-api-3.1.0-sources.jar
2025-08-10 18:03:54,700 [Worker-14: ソースおよび Javadoc のダウンロード] INFO  o.e.m.j.internal.DownloadSourcesJob - Downloaded sources for jakarta.persistence:jakarta.persistence-api:3.1.0
2025-08-10 18:03:54,740 [Worker-14: ソースおよび Javadoc のダウンロード] INFO  o.e.m.c.i.e.AbstractTransferListenerAdapter - Downloading https://repo.maven.apache.org/maven2/jakarta/transaction/jakarta.transaction-api/2.0.1/jakarta.transaction-api-2.0.1-sources.jar
2025-08-10 18:03:54,746 [Worker-14: ソースおよび Javadoc のダウンロード] INFO  o.e.m.c.i.e.AbstractTransferListenerAdapter - Downloaded https://repo.maven.apache.org/maven2/jakarta/transaction/jakarta.transaction-api/2.0.1/jakarta.transaction-api-2.0.1-sources.jar
2025-08-10 18:03:54,753 [Worker-14: ソースおよび Javadoc のダウンロード] INFO  o.e.m.j.internal.DownloadSourcesJob - Downloaded sources for jakarta.transaction:jakarta.transaction-api:2.0.1
2025-08-10 18:03:54,788 [Worker-14: ソースおよび Javadoc のダウンロード] INFO  o.e.m.c.i.e.AbstractTransferListenerAdapter - Downloading https://repo.maven.apache.org/maven2/org/jboss/logging/jboss-logging/3.5.3.Final/jboss-logging-3.5.3.Final-sources.jar
2025-08-10 18:03:54,797 [Worker-14: ソースおよび Javadoc のダウンロード] INFO  o.e.m.c.i.e.AbstractTransferListenerAdapter - Downloaded https://repo.maven.apache.org/maven2/org/jboss/logging/jboss-logging/3.5.3.Final/jboss-logging-3.5.3.Final-sources.jar
2025-08-10 18:03:54,801 [Worker-14: ソースおよび Javadoc のダウンロード] INFO  o.e.m.j.internal.DownloadSourcesJob - Downloaded sources for org.jboss.logging:jboss-logging:3.5.3.Final
2025-08-10 18:03:54,832 [Worker-14: ソースおよび Javadoc のダウンロード] INFO  o.e.m.c.i.e.AbstractTransferListenerAdapter - Downloading https://repo.maven.apache.org/maven2/org/hibernate/common/hibernate-commons-annotations/6.0.6.Final/hibernate-commons-annotations-6.0.6.Final-sources.jar
2025-08-10 18:03:54,855 [Worker-14: ソースおよび Javadoc のダウンロード] INFO  o.e.m.c.i.e.AbstractTransferListenerAdapter - Downloaded https://repo.maven.apache.org/maven2/org/hibernate/common/hibernate-commons-annotations/6.0.6.Final/hibernate-commons-annotations-6.0.6.Final-sources.jar
2025-08-10 18:03:54,857 [Worker-14: ソースおよび Javadoc のダウンロード] INFO  o.e.m.j.internal.DownloadSourcesJob - Downloaded sources for org.hibernate.common:hibernate-commons-annotations:6.0.6.Final
2025-08-10 18:03:54,886 [Worker-14: ソースおよび Javadoc のダウンロード] INFO  o.e.m.c.i.e.AbstractTransferListenerAdapter - Downloading https://repo.maven.apache.org/maven2/io/smallrye/jandex/3.1.2/jandex-3.1.2-sources.jar
2025-08-10 18:03:54,932 [Worker-14: ソースおよび Javadoc のダウンロード] INFO  o.e.m.c.i.e.AbstractTransferListenerAdapter - Downloaded https://repo.maven.apache.org/maven2/io/smallrye/jandex/3.1.2/jandex-3.1.2-sources.jar
2025-08-10 18:03:54,936 [Worker-14: ソースおよび Javadoc のダウンロード] INFO  o.e.m.j.internal.DownloadSourcesJob - Downloaded sources for io.smallrye:jandex:3.1.2
2025-08-10 18:03:54,966 [Worker-14: ソースおよび Javadoc のダウンロード] INFO  o.e.m.c.i.e.AbstractTransferListenerAdapter - Downloading https://repo.maven.apache.org/maven2/com/fasterxml/classmate/1.6.0/classmate-1.6.0-sources.jar
2025-08-10 18:03:54,981 [Worker-14: ソースおよび Javadoc のダウンロード] INFO  o.e.m.c.i.e.AbstractTransferListenerAdapter - Downloaded https://repo.maven.apache.org/maven2/com/fasterxml/classmate/1.6.0/classmate-1.6.0-sources.jar
2025-08-10 18:03:54,985 [Worker-14: ソースおよび Javadoc のダウンロード] INFO  o.e.m.j.internal.DownloadSourcesJob - Downloaded sources for com.fasterxml:classmate:1.6.0
2025-08-10 18:03:55,016 [Worker-14: ソースおよび Javadoc のダウンロード] INFO  o.e.m.c.i.e.AbstractTransferListenerAdapter - Downloading https://repo.maven.apache.org/maven2/net/bytebuddy/byte-buddy/1.14.10/byte-buddy-1.14.10-sources.jar
2025-08-10 18:03:55,413 [Worker-14: ソースおよび Javadoc のダウンロード] INFO  o.e.m.c.i.e.AbstractTransferListenerAdapter - Downloaded https://repo.maven.apache.org/maven2/net/bytebuddy/byte-buddy/1.14.10/byte-buddy-1.14.10-sources.jar
2025-08-10 18:03:55,415 [Worker-14: ソースおよび Javadoc のダウンロード] INFO  o.e.m.j.internal.DownloadSourcesJob - Downloaded sources for net.bytebuddy:byte-buddy:1.14.10
2025-08-10 18:03:55,452 [Worker-14: ソースおよび Javadoc のダウンロード] INFO  o.e.m.c.i.e.AbstractTransferListenerAdapter - Downloading https://repo.maven.apache.org/maven2/org/glassfish/jaxb/jaxb-runtime/4.0.4/jaxb-runtime-4.0.4-sources.jar
2025-08-10 18:03:55,572 [Worker-14: ソースおよび Javadoc のダウンロード] INFO  o.e.m.c.i.e.AbstractTransferListenerAdapter - Downloaded https://repo.maven.apache.org/maven2/org/glassfish/jaxb/jaxb-runtime/4.0.4/jaxb-runtime-4.0.4-sources.jar
2025-08-10 18:03:55,592 [Worker-14: ソースおよび Javadoc のダウンロード] INFO  o.e.m.j.internal.DownloadSourcesJob - Downloaded sources for org.glassfish.jaxb:jaxb-runtime:4.0.4
2025-08-10 18:03:55,628 [Worker-14: ソースおよび Javadoc のダウンロード] INFO  o.e.m.c.i.e.AbstractTransferListenerAdapter - Downloading https://repo.maven.apache.org/maven2/org/glassfish/jaxb/jaxb-core/4.0.4/jaxb-core-4.0.4-sources.jar
2025-08-10 18:03:55,651 [Worker-14: ソースおよび Javadoc のダウンロード] INFO  o.e.m.c.i.e.AbstractTransferListenerAdapter - Downloaded https://repo.maven.apache.org/maven2/org/glassfish/jaxb/jaxb-core/4.0.4/jaxb-core-4.0.4-sources.jar
2025-08-10 18:03:55,656 [Worker-14: ソースおよび Javadoc のダウンロード] INFO  o.e.m.j.internal.DownloadSourcesJob - Downloaded sources for org.glassfish.jaxb:jaxb-core:4.0.4
2025-08-10 18:03:55,689 [Worker-14: ソースおよび Javadoc のダウンロード] INFO  o.e.m.c.i.e.AbstractTransferListenerAdapter - Downloading https://repo.maven.apache.org/maven2/org/eclipse/angus/angus-activation/2.0.1/angus-activation-2.0.1-sources.jar
2025-08-10 18:03:55,696 [Worker-14: ソースおよび Javadoc のダウンロード] INFO  o.e.m.c.i.e.AbstractTransferListenerAdapter - Downloaded https://repo.maven.apache.org/maven2/org/eclipse/angus/angus-activation/2.0.1/angus-activation-2.0.1-sources.jar
2025-08-10 18:03:55,699 [Worker-14: ソースおよび Javadoc のダウンロード] INFO  o.e.m.j.internal.DownloadSourcesJob - Downloaded sources for org.eclipse.angus:angus-activation:2.0.1
2025-08-10 18:03:55,731 [Worker-14: ソースおよび Javadoc のダウンロード] INFO  o.e.m.c.i.e.AbstractTransferListenerAdapter - Downloading https://repo.maven.apache.org/maven2/org/glassfish/jaxb/txw2/4.0.4/txw2-4.0.4-sources.jar
2025-08-10 18:03:55,753 [Worker-14: ソースおよび Javadoc のダウンロード] INFO  o.e.m.c.i.e.AbstractTransferListenerAdapter - Downloaded https://repo.maven.apache.org/maven2/org/glassfish/jaxb/txw2/4.0.4/txw2-4.0.4-sources.jar
2025-08-10 18:03:55,756 [Worker-14: ソースおよび Javadoc のダウンロード] INFO  o.e.m.j.internal.DownloadSourcesJob - Downloaded sources for org.glassfish.jaxb:txw2:4.0.4
2025-08-10 18:03:55,785 [Worker-14: ソースおよび Javadoc のダウンロード] INFO  o.e.m.c.i.e.AbstractTransferListenerAdapter - Downloading https://repo.maven.apache.org/maven2/com/sun/istack/istack-commons-runtime/4.1.2/istack-commons-runtime-4.1.2-sources.jar
2025-08-10 18:03:55,796 [Worker-14: ソースおよび Javadoc のダウンロード] INFO  o.e.m.c.i.e.AbstractTransferListenerAdapter - Downloaded https://repo.maven.apache.org/maven2/com/sun/istack/istack-commons-runtime/4.1.2/istack-commons-runtime-4.1.2-sources.jar
2025-08-10 18:03:55,800 [Worker-14: ソースおよび Javadoc のダウンロード] INFO  o.e.m.j.internal.DownloadSourcesJob - Downloaded sources for com.sun.istack:istack-commons-runtime:4.1.2
2025-08-10 18:03:55,832 [Worker-14: ソースおよび Javadoc のダウンロード] INFO  o.e.m.c.i.e.AbstractTransferListenerAdapter - Downloading https://repo.maven.apache.org/maven2/jakarta/inject/jakarta.inject-api/2.0.1/jakarta.inject-api-2.0.1-sources.jar
2025-08-10 18:03:55,843 [Worker-14: ソースおよび Javadoc のダウンロード] INFO  o.e.m.c.i.e.AbstractTransferListenerAdapter - Downloaded https://repo.maven.apache.org/maven2/jakarta/inject/jakarta.inject-api/2.0.1/jakarta.inject-api-2.0.1-sources.jar
2025-08-10 18:03:55,847 [Worker-14: ソースおよび Javadoc のダウンロード] INFO  o.e.m.j.internal.DownloadSourcesJob - Downloaded sources for jakarta.inject:jakarta.inject-api:2.0.1
2025-08-10 18:03:55,911 [Worker-14: ソースおよび Javadoc のダウンロード] INFO  o.e.m.c.i.e.AbstractTransferListenerAdapter - Downloading https://repo.maven.apache.org/maven2/org/antlr/antlr4-runtime/4.10.1/antlr4-runtime-4.10.1-sources.jar
2025-08-10 18:03:55,993 [Worker-14: ソースおよび Javadoc のダウンロード] INFO  o.e.m.c.i.e.AbstractTransferListenerAdapter - Downloaded https://repo.maven.apache.org/maven2/org/antlr/antlr4-runtime/4.10.1/antlr4-runtime-4.10.1-sources.jar
2025-08-10 18:03:55,995 [Worker-14: ソースおよび Javadoc のダウンロード] INFO  o.e.m.j.internal.DownloadSourcesJob - Downloaded sources for org.antlr:antlr4-runtime:4.10.1
2025-08-10 18:03:56,025 [Worker-14: ソースおよび Javadoc のダウンロード] INFO  o.e.m.c.i.e.AbstractTransferListenerAdapter - Downloading https://repo.maven.apache.org/maven2/org/springframework/data/spring-data-jpa/3.2.0/spring-data-jpa-3.2.0-sources.jar
2025-08-10 18:03:56,179 [Worker-14: ソースおよび Javadoc のダウンロード] INFO  o.e.m.c.i.e.AbstractTransferListenerAdapter - Downloaded https://repo.maven.apache.org/maven2/org/springframework/data/spring-data-jpa/3.2.0/spring-data-jpa-3.2.0-sources.jar
2025-08-10 18:03:56,182 [Worker-14: ソースおよび Javadoc のダウンロード] INFO  o.e.m.j.internal.DownloadSourcesJob - Downloaded sources for org.springframework.data:spring-data-jpa:3.2.0
2025-08-10 18:03:56,217 [Worker-14: ソースおよび Javadoc のダウンロード] INFO  o.e.m.c.i.e.AbstractTransferListenerAdapter - Downloading https://repo.maven.apache.org/maven2/org/springframework/data/spring-data-commons/3.2.0/spring-data-commons-3.2.0-sources.jar
2025-08-10 18:03:56,387 [Worker-14: ソースおよび Javadoc のダウンロード] INFO  o.e.m.c.i.e.AbstractTransferListenerAdapter - Downloaded https://repo.maven.apache.org/maven2/org/springframework/data/spring-data-commons/3.2.0/spring-data-commons-3.2.0-sources.jar
2025-08-10 18:03:56,390 [Worker-14: ソースおよび Javadoc のダウンロード] INFO  o.e.m.j.internal.DownloadSourcesJob - Downloaded sources for org.springframework.data:spring-data-commons:3.2.0
2025-08-10 18:03:56,644 [Worker-14: ソースおよび Javadoc のダウンロード] INFO  o.e.m.c.i.e.AbstractTransferListenerAdapter - Downloading https://repo.maven.apache.org/maven2/org/springframework/spring-orm/6.1.1/spring-orm-6.1.1-sources.jar
2025-08-10 18:03:56,682 [Worker-14: ソースおよび Javadoc のダウンロード] INFO  o.e.m.c.i.e.AbstractTransferListenerAdapter - Downloaded https://repo.maven.apache.org/maven2/org/springframework/spring-orm/6.1.1/spring-orm-6.1.1-sources.jar
2025-08-10 18:03:56,690 [Worker-14: ソースおよび Javadoc のダウンロード] INFO  o.e.m.j.internal.DownloadSourcesJob - Downloaded sources for org.springframework:spring-orm:6.1.1
2025-08-10 18:03:56,726 [Worker-14: ソースおよび Javadoc のダウンロード] INFO  o.e.m.c.i.e.AbstractTransferListenerAdapter - Downloading https://repo.maven.apache.org/maven2/org/springframework/spring-tx/6.1.1/spring-tx-6.1.1-sources.jar
2025-08-10 18:03:56,774 [Worker-14: ソースおよび Javadoc のダウンロード] INFO  o.e.m.c.i.e.AbstractTransferListenerAdapter - Downloaded https://repo.maven.apache.org/maven2/org/springframework/spring-tx/6.1.1/spring-tx-6.1.1-sources.jar
2025-08-10 18:03:56,780 [Worker-14: ソースおよび Javadoc のダウンロード] INFO  o.e.m.j.internal.DownloadSourcesJob - Downloaded sources for org.springframework:spring-tx:6.1.1
2025-08-10 18:03:56,818 [Worker-14: ソースおよび Javadoc のダウンロード] INFO  o.e.m.c.i.e.AbstractTransferListenerAdapter - Downloading https://repo.maven.apache.org/maven2/org/slf4j/slf4j-api/2.0.9/slf4j-api-2.0.9-sources.jar
2025-08-10 18:03:56,832 [Worker-14: ソースおよび Javadoc のダウンロード] INFO  o.e.m.c.i.e.AbstractTransferListenerAdapter - Downloaded https://repo.maven.apache.org/maven2/org/slf4j/slf4j-api/2.0.9/slf4j-api-2.0.9-sources.jar
2025-08-10 18:03:56,836 [Worker-14: ソースおよび Javadoc のダウンロード] INFO  o.e.m.j.internal.DownloadSourcesJob - Downloaded sources for org.slf4j:slf4j-api:2.0.9
2025-08-10 18:03:56,876 [Worker-14: ソースおよび Javadoc のダウンロード] INFO  o.e.m.c.i.e.AbstractTransferListenerAdapter - Downloading https://repo.maven.apache.org/maven2/org/springframework/spring-aspects/6.1.1/spring-aspects-6.1.1-sources.jar
2025-08-10 18:03:56,888 [Worker-14: ソースおよび Javadoc のダウンロード] INFO  o.e.m.c.i.e.AbstractTransferListenerAdapter - Downloaded https://repo.maven.apache.org/maven2/org/springframework/spring-aspects/6.1.1/spring-aspects-6.1.1-sources.jar
2025-08-10 18:03:56,895 [Worker-14: ソースおよび Javadoc のダウンロード] INFO  o.e.m.j.internal.DownloadSourcesJob - Downloaded sources for org.springframework:spring-aspects:6.1.1
2025-08-10 18:03:56,930 [Worker-14: ソースおよび Javadoc のダウンロード] INFO  o.e.m.c.i.e.AbstractTransferListenerAdapter - Downloading https://repo.maven.apache.org/maven2/org/springframework/boot/spring-boot-starter-security/3.2.0/spring-boot-starter-security-3.2.0-sources.jar
2025-08-10 18:03:56,934 [Worker-14: ソースおよび Javadoc のダウンロード] INFO  o.e.m.c.i.e.AbstractTransferListenerAdapter - Downloaded https://repo.maven.apache.org/maven2/org/springframework/boot/spring-boot-starter-security/3.2.0/spring-boot-starter-security-3.2.0-sources.jar
2025-08-10 18:03:56,938 [Worker-14: ソースおよび Javadoc のダウンロード] INFO  o.e.m.j.internal.DownloadSourcesJob - Downloaded sources for org.springframework.boot:spring-boot-starter-security:3.2.0
2025-08-10 18:03:56,980 [Worker-14: ソースおよび Javadoc のダウンロード] INFO  o.e.m.c.i.e.AbstractTransferListenerAdapter - Downloading https://repo.maven.apache.org/maven2/org/springframework/spring-aop/6.1.1/spring-aop-6.1.1-sources.jar
2025-08-10 18:03:57,084 [Worker-14: ソースおよび Javadoc のダウンロード] INFO  o.e.m.c.i.e.AbstractTransferListenerAdapter - Downloaded https://repo.maven.apache.org/maven2/org/springframework/spring-aop/6.1.1/spring-aop-6.1.1-sources.jar
2025-08-10 18:03:57,090 [Worker-14: ソースおよび Javadoc のダウンロード] INFO  o.e.m.j.internal.DownloadSourcesJob - Downloaded sources for org.springframework:spring-aop:6.1.1
2025-08-10 18:03:57,123 [Worker-14: ソースおよび Javadoc のダウンロード] INFO  o.e.m.c.i.e.AbstractTransferListenerAdapter - Downloading https://repo.maven.apache.org/maven2/org/springframework/security/spring-security-config/6.2.0/spring-security-config-6.2.0-sources.jar
2025-08-10 18:03:57,286 [Worker-14: ソースおよび Javadoc のダウンロード] INFO  o.e.m.c.i.e.AbstractTransferListenerAdapter - Downloaded https://repo.maven.apache.org/maven2/org/springframework/security/spring-security-config/6.2.0/spring-security-config-6.2.0-sources.jar
2025-08-10 18:03:57,293 [Worker-14: ソースおよび Javadoc のダウンロード] INFO  o.e.m.j.internal.DownloadSourcesJob - Downloaded sources for org.springframework.security:spring-security-config:6.2.0
2025-08-10 18:03:57,332 [Worker-14: ソースおよび Javadoc のダウンロード] INFO  o.e.m.c.i.e.AbstractTransferListenerAdapter - Downloading https://repo.maven.apache.org/maven2/org/springframework/security/spring-security-web/6.2.0/spring-security-web-6.2.0-sources.jar
2025-08-10 18:03:57,430 [Worker-14: ソースおよび Javadoc のダウンロード] INFO  o.e.m.c.i.e.AbstractTransferListenerAdapter - Downloaded https://repo.maven.apache.org/maven2/org/springframework/security/spring-security-web/6.2.0/spring-security-web-6.2.0-sources.jar
2025-08-10 18:03:57,432 [Worker-14: ソースおよび Javadoc のダウンロード] INFO  o.e.m.j.internal.DownloadSourcesJob - Downloaded sources for org.springframework.security:spring-security-web:6.2.0
2025-08-10 18:03:57,464 [Worker-14: ソースおよび Javadoc のダウンロード] INFO  o.e.m.c.i.e.AbstractTransferListenerAdapter - Downloading https://repo.maven.apache.org/maven2/org/springframework/boot/spring-boot-starter-validation/3.2.0/spring-boot-starter-validation-3.2.0-sources.jar
2025-08-10 18:03:57,469 [Worker-14: ソースおよび Javadoc のダウンロード] INFO  o.e.m.c.i.e.AbstractTransferListenerAdapter - Downloaded https://repo.maven.apache.org/maven2/org/springframework/boot/spring-boot-starter-validation/3.2.0/spring-boot-starter-validation-3.2.0-sources.jar
2025-08-10 18:03:57,475 [Worker-14: ソースおよび Javadoc のダウンロード] INFO  o.e.m.j.internal.DownloadSourcesJob - Downloaded sources for org.springframework.boot:spring-boot-starter-validation:3.2.0
2025-08-10 18:03:57,505 [Worker-14: ソースおよび Javadoc のダウンロード] INFO  o.e.m.c.i.e.AbstractTransferListenerAdapter - Downloading https://repo.maven.apache.org/maven2/org/apache/tomcat/embed/tomcat-embed-el/10.1.16/tomcat-embed-el-10.1.16-sources.jar
2025-08-10 18:03:57,543 [Worker-14: ソースおよび Javadoc のダウンロード] INFO  o.e.m.c.i.e.AbstractTransferListenerAdapter - Downloaded https://repo.maven.apache.org/maven2/org/apache/tomcat/embed/tomcat-embed-el/10.1.16/tomcat-embed-el-10.1.16-sources.jar
2025-08-10 18:03:57,546 [Worker-14: ソースおよび Javadoc のダウンロード] INFO  o.e.m.j.internal.DownloadSourcesJob - Downloaded sources for org.apache.tomcat.embed:tomcat-embed-el:10.1.16
2025-08-10 18:03:57,581 [Worker-14: ソースおよび Javadoc のダウンロード] INFO  o.e.m.c.i.e.AbstractTransferListenerAdapter - Downloading https://repo.maven.apache.org/maven2/org/hibernate/validator/hibernate-validator/8.0.1.Final/hibernate-validator-8.0.1.Final-sources.jar
2025-08-10 18:03:57,751 [Worker-14: ソースおよび Javadoc のダウンロード] INFO  o.e.m.c.i.e.AbstractTransferListenerAdapter - Downloaded https://repo.maven.apache.org/maven2/org/hibernate/validator/hibernate-validator/8.0.1.Final/hibernate-validator-8.0.1.Final-sources.jar
2025-08-10 18:03:57,757 [Worker-14: ソースおよび Javadoc のダウンロード] INFO  o.e.m.j.internal.DownloadSourcesJob - Downloaded sources for org.hibernate.validator:hibernate-validator:8.0.1.Final
2025-08-10 18:03:57,793 [Worker-14: ソースおよび Javadoc のダウンロード] INFO  o.e.m.c.i.e.AbstractTransferListenerAdapter - Downloading https://repo.maven.apache.org/maven2/jakarta/validation/jakarta.validation-api/3.0.2/jakarta.validation-api-3.0.2-sources.jar
2025-08-10 18:03:57,823 [Worker-14: ソースおよび Javadoc のダウンロード] INFO  o.e.m.c.i.e.AbstractTransferListenerAdapter - Downloaded https://repo.maven.apache.org/maven2/jakarta/validation/jakarta.validation-api/3.0.2/jakarta.validation-api-3.0.2-sources.jar
2025-08-10 18:03:57,830 [Worker-14: ソースおよび Javadoc のダウンロード] INFO  o.e.m.j.internal.DownloadSourcesJob - Downloaded sources for jakarta.validation:jakarta.validation-api:3.0.2
2025-08-10 18:03:57,869 [Worker-14: ソースおよび Javadoc のダウンロード] INFO  o.e.m.c.i.e.AbstractTransferListenerAdapter - Downloading https://repo.maven.apache.org/maven2/org/springframework/boot/spring-boot-starter-thymeleaf/3.2.0/spring-boot-starter-thymeleaf-3.2.0-sources.jar
2025-08-10 18:03:57,873 [Worker-14: ソースおよび Javadoc のダウンロード] INFO  o.e.m.c.i.e.AbstractTransferListenerAdapter - Downloaded https://repo.maven.apache.org/maven2/org/springframework/boot/spring-boot-starter-thymeleaf/3.2.0/spring-boot-starter-thymeleaf-3.2.0-sources.jar
2025-08-10 18:03:57,877 [Worker-14: ソースおよび Javadoc のダウンロード] INFO  o.e.m.j.internal.DownloadSourcesJob - Downloaded sources for org.springframework.boot:spring-boot-starter-thymeleaf:3.2.0
2025-08-10 18:03:57,912 [Worker-14: ソースおよび Javadoc のダウンロード] INFO  o.e.m.c.i.e.AbstractTransferListenerAdapter - Downloading https://repo.maven.apache.org/maven2/org/thymeleaf/thymeleaf-spring6/3.1.2.RELEASE/thymeleaf-spring6-3.1.2.RELEASE-sources.jar
2025-08-10 18:03:57,962 [Worker-14: ソースおよび Javadoc のダウンロード] INFO  o.e.m.c.i.e.AbstractTransferListenerAdapter - Downloaded https://repo.maven.apache.org/maven2/org/thymeleaf/thymeleaf-spring6/3.1.2.RELEASE/thymeleaf-spring6-3.1.2.RELEASE-sources.jar
2025-08-10 18:03:57,965 [Worker-14: ソースおよび Javadoc のダウンロード] INFO  o.e.m.j.internal.DownloadSourcesJob - Downloaded sources for org.thymeleaf:thymeleaf-spring6:3.1.2.RELEASE
2025-08-10 18:03:58,003 [Worker-14: ソースおよび Javadoc のダウンロード] INFO  o.e.m.c.i.e.AbstractTransferListenerAdapter - Downloading https://repo.maven.apache.org/maven2/org/thymeleaf/thymeleaf/3.1.2.RELEASE/thymeleaf-3.1.2.RELEASE-sources.jar
2025-08-10 18:03:58,110 [Worker-14: ソースおよび Javadoc のダウンロード] INFO  o.e.m.c.i.e.AbstractTransferListenerAdapter - Downloaded https://repo.maven.apache.org/maven2/org/thymeleaf/thymeleaf/3.1.2.RELEASE/thymeleaf-3.1.2.RELEASE-sources.jar
2025-08-10 18:03:58,113 [Worker-14: ソースおよび Javadoc のダウンロード] INFO  o.e.m.j.internal.DownloadSourcesJob - Downloaded sources for org.thymeleaf:thymeleaf:3.1.2.RELEASE
2025-08-10 18:03:58,144 [Worker-14: ソースおよび Javadoc のダウンロード] INFO  o.e.m.c.i.e.AbstractTransferListenerAdapter - Downloading https://repo.maven.apache.org/maven2/org/attoparser/attoparser/2.0.7.RELEASE/attoparser-2.0.7.RELEASE-sources.jar
2025-08-10 18:03:58,188 [Worker-14: ソースおよび Javadoc のダウンロード] INFO  o.e.m.c.i.e.AbstractTransferListenerAdapter - Downloaded https://repo.maven.apache.org/maven2/org/attoparser/attoparser/2.0.7.RELEASE/attoparser-2.0.7.RELEASE-sources.jar
2025-08-10 18:03:58,192 [Worker-14: ソースおよび Javadoc のダウンロード] INFO  o.e.m.j.internal.DownloadSourcesJob - Downloaded sources for org.attoparser:attoparser:2.0.7.RELEASE
2025-08-10 18:03:58,225 [Worker-14: ソースおよび Javadoc のダウンロード] INFO  o.e.m.c.i.e.AbstractTransferListenerAdapter - Downloading https://repo.maven.apache.org/maven2/org/unbescape/unbescape/1.1.6.RELEASE/unbescape-1.1.6.RELEASE-sources.jar
2025-08-10 18:03:58,261 [Worker-14: ソースおよび Javadoc のダウンロード] INFO  o.e.m.c.i.e.AbstractTransferListenerAdapter - Downloaded https://repo.maven.apache.org/maven2/org/unbescape/unbescape/1.1.6.RELEASE/unbescape-1.1.6.RELEASE-sources.jar
2025-08-10 18:03:58,266 [Worker-14: ソースおよび Javadoc のダウンロード] INFO  o.e.m.j.internal.DownloadSourcesJob - Downloaded sources for org.unbescape:unbescape:1.1.6.RELEASE
2025-08-10 18:03:58,327 [Worker-14: ソースおよび Javadoc のダウンロード] INFO  o.e.m.c.i.e.AbstractTransferListenerAdapter - Downloading https://repo.maven.apache.org/maven2/com/mysql/mysql-connector-j/8.0.33/mysql-connector-j-8.0.33-sources.jar
2025-08-10 18:03:58,512 [Worker-14: ソースおよび Javadoc のダウンロード] INFO  o.e.m.c.i.e.AbstractTransferListenerAdapter - Downloaded https://repo.maven.apache.org/maven2/com/mysql/mysql-connector-j/8.0.33/mysql-connector-j-8.0.33-sources.jar
2025-08-10 18:03:58,518 [Worker-14: ソースおよび Javadoc のダウンロード] INFO  o.e.m.j.internal.DownloadSourcesJob - Downloaded sources for com.mysql:mysql-connector-j:8.0.33
2025-08-10 18:03:58,552 [Worker-14: ソースおよび Javadoc のダウンロード] INFO  o.e.m.c.i.e.AbstractTransferListenerAdapter - Downloading https://repo.maven.apache.org/maven2/com/h2database/h2/2.2.224/h2-2.2.224-sources.jar
2025-08-10 18:03:58,744 [Worker-14: ソースおよび Javadoc のダウンロード] INFO  o.e.m.c.i.e.AbstractTransferListenerAdapter - Downloaded https://repo.maven.apache.org/maven2/com/h2database/h2/2.2.224/h2-2.2.224-sources.jar
2025-08-10 18:03:58,746 [Worker-14: ソースおよび Javadoc のダウンロード] INFO  o.e.m.j.internal.DownloadSourcesJob - Downloaded sources for com.h2database:h2:2.2.224
2025-08-10 18:03:58,778 [Worker-14: ソースおよび Javadoc のダウンロード] INFO  o.e.m.c.i.e.AbstractTransferListenerAdapter - Downloading https://repo.maven.apache.org/maven2/org/springframework/boot/spring-boot-starter-test/3.2.0/spring-boot-starter-test-3.2.0-sources.jar
2025-08-10 18:03:58,783 [Worker-14: ソースおよび Javadoc のダウンロード] INFO  o.e.m.c.i.e.AbstractTransferListenerAdapter - Downloaded https://repo.maven.apache.org/maven2/org/springframework/boot/spring-boot-starter-test/3.2.0/spring-boot-starter-test-3.2.0-sources.jar
2025-08-10 18:03:58,789 [Worker-14: ソースおよび Javadoc のダウンロード] INFO  o.e.m.j.internal.DownloadSourcesJob - Downloaded sources for org.springframework.boot:spring-boot-starter-test:3.2.0
2025-08-10 18:03:58,828 [Worker-14: ソースおよび Javadoc のダウンロード] INFO  o.e.m.c.i.e.AbstractTransferListenerAdapter - Downloading https://repo.maven.apache.org/maven2/org/springframework/boot/spring-boot-test/3.2.0/spring-boot-test-3.2.0-sources.jar
2025-08-10 18:03:58,889 [Worker-14: ソースおよび Javadoc のダウンロード] INFO  o.e.m.c.i.e.AbstractTransferListenerAdapter - Downloaded https://repo.maven.apache.org/maven2/org/springframework/boot/spring-boot-test/3.2.0/spring-boot-test-3.2.0-sources.jar
2025-08-10 18:03:58,892 [Worker-14: ソースおよび Javadoc のダウンロード] INFO  o.e.m.j.internal.DownloadSourcesJob - Downloaded sources for org.springframework.boot:spring-boot-test:3.2.0
2025-08-10 18:03:58,924 [Worker-14: ソースおよび Javadoc のダウンロード] INFO  o.e.m.c.i.e.AbstractTransferListenerAdapter - Downloading https://repo.maven.apache.org/maven2/org/springframework/boot/spring-boot-test-autoconfigure/3.2.0/spring-boot-test-autoconfigure-3.2.0-sources.jar
2025-08-10 18:03:58,957 [Worker-14: ソースおよび Javadoc のダウンロード] INFO  o.e.m.c.i.e.AbstractTransferListenerAdapter - Downloaded https://repo.maven.apache.org/maven2/org/springframework/boot/spring-boot-test-autoconfigure/3.2.0/spring-boot-test-autoconfigure-3.2.0-sources.jar
2025-08-10 18:03:58,962 [Worker-14: ソースおよび Javadoc のダウンロード] INFO  o.e.m.j.internal.DownloadSourcesJob - Downloaded sources for org.springframework.boot:spring-boot-test-autoconfigure:3.2.0
2025-08-10 18:03:58,992 [Worker-14: ソースおよび Javadoc のダウンロード] INFO  o.e.m.c.i.e.AbstractTransferListenerAdapter - Downloading https://repo.maven.apache.org/maven2/com/jayway/jsonpath/json-path/2.8.0/json-path-2.8.0-sources.jar
2025-08-10 18:03:59,021 [Worker-14: ソースおよび Javadoc のダウンロード] INFO  o.e.m.c.i.e.AbstractTransferListenerAdapter - Downloaded https://repo.maven.apache.org/maven2/com/jayway/jsonpath/json-path/2.8.0/json-path-2.8.0-sources.jar
2025-08-10 18:03:59,028 [Worker-14: ソースおよび Javadoc のダウンロード] INFO  o.e.m.j.internal.DownloadSourcesJob - Downloaded sources for com.jayway.jsonpath:json-path:2.8.0
2025-08-10 18:03:59,063 [Worker-14: ソースおよび Javadoc のダウンロード] INFO  o.e.m.c.i.e.AbstractTransferListenerAdapter - Downloading https://repo.maven.apache.org/maven2/jakarta/xml/bind/jakarta.xml.bind-api/4.0.1/jakarta.xml.bind-api-4.0.1-sources.jar
2025-08-10 18:03:59,094 [Worker-14: ソースおよび Javadoc のダウンロード] INFO  o.e.m.c.i.e.AbstractTransferListenerAdapter - Downloaded https://repo.maven.apache.org/maven2/jakarta/xml/bind/jakarta.xml.bind-api/4.0.1/jakarta.xml.bind-api-4.0.1-sources.jar
2025-08-10 18:03:59,099 [Worker-14: ソースおよび Javadoc のダウンロード] INFO  o.e.m.j.internal.DownloadSourcesJob - Downloaded sources for jakarta.xml.bind:jakarta.xml.bind-api:4.0.1
2025-08-10 18:03:59,135 [Worker-14: ソースおよび Javadoc のダウンロード] INFO  o.e.m.c.i.e.AbstractTransferListenerAdapter - Downloading https://repo.maven.apache.org/maven2/jakarta/activation/jakarta.activation-api/2.1.2/jakarta.activation-api-2.1.2-sources.jar
2025-08-10 18:03:59,147 [Worker-14: ソースおよび Javadoc のダウンロード] INFO  o.e.m.c.i.e.AbstractTransferListenerAdapter - Downloaded https://repo.maven.apache.org/maven2/jakarta/activation/jakarta.activation-api/2.1.2/jakarta.activation-api-2.1.2-sources.jar
2025-08-10 18:03:59,153 [Worker-14: ソースおよび Javadoc のダウンロード] INFO  o.e.m.j.internal.DownloadSourcesJob - Downloaded sources for jakarta.activation:jakarta.activation-api:2.1.2
2025-08-10 18:03:59,190 [Worker-14: ソースおよび Javadoc のダウンロード] INFO  o.e.m.c.i.e.AbstractTransferListenerAdapter - Downloading https://repo.maven.apache.org/maven2/net/minidev/json-smart/2.5.0/json-smart-2.5.0-sources.jar
2025-08-10 18:03:59,214 [Worker-14: ソースおよび Javadoc のダウンロード] INFO  o.e.m.c.i.e.AbstractTransferListenerAdapter - Downloaded https://repo.maven.apache.org/maven2/net/minidev/json-smart/2.5.0/json-smart-2.5.0-sources.jar
2025-08-10 18:03:59,219 [Worker-14: ソースおよび Javadoc のダウンロード] INFO  o.e.m.j.internal.DownloadSourcesJob - Downloaded sources for net.minidev:json-smart:2.5.0
2025-08-10 18:03:59,248 [Worker-14: ソースおよび Javadoc のダウンロード] INFO  o.e.m.c.i.e.AbstractTransferListenerAdapter - Downloading https://repo.maven.apache.org/maven2/net/minidev/accessors-smart/2.5.0/accessors-smart-2.5.0-sources.jar
2025-08-10 18:03:59,258 [Worker-14: ソースおよび Javadoc のダウンロード] INFO  o.e.m.c.i.e.AbstractTransferListenerAdapter - Downloaded https://repo.maven.apache.org/maven2/net/minidev/accessors-smart/2.5.0/accessors-smart-2.5.0-sources.jar
2025-08-10 18:03:59,261 [Worker-14: ソースおよび Javadoc のダウンロード] INFO  o.e.m.j.internal.DownloadSourcesJob - Downloaded sources for net.minidev:accessors-smart:2.5.0
2025-08-10 18:03:59,295 [Worker-14: ソースおよび Javadoc のダウンロード] INFO  o.e.m.c.i.e.AbstractTransferListenerAdapter - Downloading https://repo.maven.apache.org/maven2/org/ow2/asm/asm/9.3/asm-9.3-sources.jar
2025-08-10 18:03:59,338 [Worker-14: ソースおよび Javadoc のダウンロード] INFO  o.e.m.c.i.e.AbstractTransferListenerAdapter - Downloaded https://repo.maven.apache.org/maven2/org/ow2/asm/asm/9.3/asm-9.3-sources.jar
2025-08-10 18:03:59,341 [Worker-14: ソースおよび Javadoc のダウンロード] INFO  o.e.m.j.internal.DownloadSourcesJob - Downloaded sources for org.ow2.asm:asm:9.3
2025-08-10 18:03:59,370 [Worker-14: ソースおよび Javadoc のダウンロード] INFO  o.e.m.c.i.e.AbstractTransferListenerAdapter - Downloading https://repo.maven.apache.org/maven2/org/assertj/assertj-core/3.24.2/assertj-core-3.24.2-sources.jar
2025-08-10 18:03:59,562 [Worker-14: ソースおよび Javadoc のダウンロード] INFO  o.e.m.c.i.e.AbstractTransferListenerAdapter - Downloaded https://repo.maven.apache.org/maven2/org/assertj/assertj-core/3.24.2/assertj-core-3.24.2-sources.jar
2025-08-10 18:03:59,564 [Worker-14: ソースおよび Javadoc のダウンロード] INFO  o.e.m.j.internal.DownloadSourcesJob - Downloaded sources for org.assertj:assertj-core:3.24.2
2025-08-10 18:03:59,592 [Worker-14: ソースおよび Javadoc のダウンロード] INFO  o.e.m.c.i.e.AbstractTransferListenerAdapter - Downloading https://repo.maven.apache.org/maven2/org/awaitility/awaitility/4.2.0/awaitility-4.2.0-sources.jar
2025-08-10 18:03:59,607 [Worker-14: ソースおよび Javadoc のダウンロード] INFO  o.e.m.c.i.e.AbstractTransferListenerAdapter - Downloaded https://repo.maven.apache.org/maven2/org/awaitility/awaitility/4.2.0/awaitility-4.2.0-sources.jar
2025-08-10 18:03:59,610 [Worker-14: ソースおよび Javadoc のダウンロード] INFO  o.e.m.j.internal.DownloadSourcesJob - Downloaded sources for org.awaitility:awaitility:4.2.0
2025-08-10 18:03:59,647 [Worker-14: ソースおよび Javadoc のダウンロード] INFO  o.e.m.c.i.e.AbstractTransferListenerAdapter - Downloading https://repo.maven.apache.org/maven2/org/hamcrest/hamcrest/2.2/hamcrest-2.2-sources.jar
2025-08-10 18:03:59,664 [Worker-14: ソースおよび Javadoc のダウンロード] INFO  o.e.m.c.i.e.AbstractTransferListenerAdapter - Downloaded https://repo.maven.apache.org/maven2/org/hamcrest/hamcrest/2.2/hamcrest-2.2-sources.jar
2025-08-10 18:03:59,669 [Worker-14: ソースおよび Javadoc のダウンロード] INFO  o.e.m.j.internal.DownloadSourcesJob - Downloaded sources for org.hamcrest:hamcrest:2.2
2025-08-10 18:03:59,698 [Worker-14: ソースおよび Javadoc のダウンロード] INFO  o.e.m.c.i.e.AbstractTransferListenerAdapter - Downloading https://repo.maven.apache.org/maven2/org/junit/jupiter/junit-jupiter/5.10.1/junit-jupiter-5.10.1-sources.jar
2025-08-10 18:03:59,703 [Worker-14: ソースおよび Javadoc のダウンロード] INFO  o.e.m.c.i.e.AbstractTransferListenerAdapter - Downloaded https://repo.maven.apache.org/maven2/org/junit/jupiter/junit-jupiter/5.10.1/junit-jupiter-5.10.1-sources.jar
2025-08-10 18:03:59,709 [Worker-14: ソースおよび Javadoc のダウンロード] INFO  o.e.m.j.internal.DownloadSourcesJob - Downloaded sources for org.junit.jupiter:junit-jupiter:5.10.1
2025-08-10 18:03:59,746 [Worker-14: ソースおよび Javadoc のダウンロード] INFO  o.e.m.c.i.e.AbstractTransferListenerAdapter - Downloading https://repo.maven.apache.org/maven2/org/junit/jupiter/junit-jupiter-api/5.10.1/junit-jupiter-api-5.10.1-sources.jar
2025-08-10 18:03:59,807 [Worker-14: ソースおよび Javadoc のダウンロード] INFO  o.e.m.c.i.e.AbstractTransferListenerAdapter - Downloaded https://repo.maven.apache.org/maven2/org/junit/jupiter/junit-jupiter-api/5.10.1/junit-jupiter-api-5.10.1-sources.jar
2025-08-10 18:03:59,810 [Worker-14: ソースおよび Javadoc のダウンロード] INFO  o.e.m.j.internal.DownloadSourcesJob - Downloaded sources for org.junit.jupiter:junit-jupiter-api:5.10.1
2025-08-10 18:03:59,844 [Worker-14: ソースおよび Javadoc のダウンロード] INFO  o.e.m.c.i.e.AbstractTransferListenerAdapter - Downloading https://repo.maven.apache.org/maven2/org/junit/platform/junit-platform-commons/1.10.1/junit-platform-commons-1.10.1-sources.jar
2025-08-10 18:03:59,867 [Worker-14: ソースおよび Javadoc のダウンロード] INFO  o.e.m.c.i.e.AbstractTransferListenerAdapter - Downloaded https://repo.maven.apache.org/maven2/org/junit/platform/junit-platform-commons/1.10.1/junit-platform-commons-1.10.1-sources.jar
2025-08-10 18:03:59,872 [Worker-14: ソースおよび Javadoc のダウンロード] INFO  o.e.m.j.internal.DownloadSourcesJob - Downloaded sources for org.junit.platform:junit-platform-commons:1.10.1
2025-08-10 18:03:59,905 [Worker-14: ソースおよび Javadoc のダウンロード] INFO  o.e.m.c.i.e.AbstractTransferListenerAdapter - Downloading https://repo.maven.apache.org/maven2/org/junit/jupiter/junit-jupiter-params/5.10.1/junit-jupiter-params-5.10.1-sources.jar
2025-08-10 18:03:59,928 [Worker-14: ソースおよび Javadoc のダウンロード] INFO  o.e.m.c.i.e.AbstractTransferListenerAdapter - Downloaded https://repo.maven.apache.org/maven2/org/junit/jupiter/junit-jupiter-params/5.10.1/junit-jupiter-params-5.10.1-sources.jar
2025-08-10 18:03:59,932 [Worker-14: ソースおよび Javadoc のダウンロード] INFO  o.e.m.j.internal.DownloadSourcesJob - Downloaded sources for org.junit.jupiter:junit-jupiter-params:5.10.1
2025-08-10 18:03:59,963 [Worker-14: ソースおよび Javadoc のダウンロード] INFO  o.e.m.c.i.e.AbstractTransferListenerAdapter - Downloading https://repo.maven.apache.org/maven2/org/junit/jupiter/junit-jupiter-engine/5.10.1/junit-jupiter-engine-5.10.1-sources.jar
2025-08-10 18:03:59,995 [Worker-14: ソースおよび Javadoc のダウンロード] INFO  o.e.m.c.i.e.AbstractTransferListenerAdapter - Downloaded https://repo.maven.apache.org/maven2/org/junit/jupiter/junit-jupiter-engine/5.10.1/junit-jupiter-engine-5.10.1-sources.jar
2025-08-10 18:03:59,997 [Worker-14: ソースおよび Javadoc のダウンロード] INFO  o.e.m.j.internal.DownloadSourcesJob - Downloaded sources for org.junit.jupiter:junit-jupiter-engine:5.10.1
2025-08-10 18:04:00,028 [Worker-14: ソースおよび Javadoc のダウンロード] INFO  o.e.m.c.i.e.AbstractTransferListenerAdapter - Downloading https://repo.maven.apache.org/maven2/org/junit/platform/junit-platform-engine/1.10.1/junit-platform-engine-1.10.1-sources.jar
2025-08-10 18:04:00,054 [Worker-14: ソースおよび Javadoc のダウンロード] INFO  o.e.m.c.i.e.AbstractTransferListenerAdapter - Downloaded https://repo.maven.apache.org/maven2/org/junit/platform/junit-platform-engine/1.10.1/junit-platform-engine-1.10.1-sources.jar
2025-08-10 18:04:00,057 [Worker-14: ソースおよび Javadoc のダウンロード] INFO  o.e.m.j.internal.DownloadSourcesJob - Downloaded sources for org.junit.platform:junit-platform-engine:1.10.1
2025-08-10 18:04:00,086 [Worker-14: ソースおよび Javadoc のダウンロード] INFO  o.e.m.c.i.e.AbstractTransferListenerAdapter - Downloading https://repo.maven.apache.org/maven2/org/mockito/mockito-core/5.7.0/mockito-core-5.7.0-sources.jar
2025-08-10 18:04:00,401 [Worker-14: ソースおよび Javadoc のダウンロード] INFO  o.e.m.c.i.e.AbstractTransferListenerAdapter - Downloaded https://repo.maven.apache.org/maven2/org/mockito/mockito-core/5.7.0/mockito-core-5.7.0-sources.jar
2025-08-10 18:04:00,407 [Worker-14: ソースおよび Javadoc のダウンロード] INFO  o.e.m.j.internal.DownloadSourcesJob - Downloaded sources for org.mockito:mockito-core:5.7.0
2025-08-10 18:04:00,503 [Worker-14: ソースおよび Javadoc のダウンロード] INFO  o.e.m.c.i.e.AbstractTransferListenerAdapter - Downloading https://repo.maven.apache.org/maven2/net/bytebuddy/byte-buddy-agent/1.14.10/byte-buddy-agent-1.14.10-sources.jar
2025-08-10 18:04:00,714 [Worker-14: ソースおよび Javadoc のダウンロード] INFO  o.e.m.c.i.e.AbstractTransferListenerAdapter - Downloaded https://repo.maven.apache.org/maven2/net/bytebuddy/byte-buddy-agent/1.14.10/byte-buddy-agent-1.14.10-sources.jar
2025-08-10 18:04:00,718 [Worker-14: ソースおよび Javadoc のダウンロード] INFO  o.e.m.j.internal.DownloadSourcesJob - Downloaded sources for net.bytebuddy:byte-buddy-agent:1.14.10
2025-08-10 18:04:00,770 [Worker-14: ソースおよび Javadoc のダウンロード] INFO  o.e.m.c.i.e.AbstractTransferListenerAdapter - Downloading https://repo.maven.apache.org/maven2/org/mockito/mockito-junit-jupiter/5.7.0/mockito-junit-jupiter-5.7.0-sources.jar
2025-08-10 18:04:00,778 [Worker-14: ソースおよび Javadoc のダウンロード] INFO  o.e.m.c.i.e.AbstractTransferListenerAdapter - Downloaded https://repo.maven.apache.org/maven2/org/mockito/mockito-junit-jupiter/5.7.0/mockito-junit-jupiter-5.7.0-sources.jar
2025-08-10 18:04:00,782 [Worker-14: ソースおよび Javadoc のダウンロード] INFO  o.e.m.j.internal.DownloadSourcesJob - Downloaded sources for org.mockito:mockito-junit-jupiter:5.7.0
2025-08-10 18:04:00,819 [Worker-14: ソースおよび Javadoc のダウンロード] INFO  o.e.m.c.i.e.AbstractTransferListenerAdapter - Downloading https://repo.maven.apache.org/maven2/org/skyscreamer/jsonassert/1.5.1/jsonassert-1.5.1-sources.jar
2025-08-10 18:04:00,858 [Worker-14: ソースおよび Javadoc のダウンロード] INFO  o.e.m.c.i.e.AbstractTransferListenerAdapter - Downloaded https://repo.maven.apache.org/maven2/org/skyscreamer/jsonassert/1.5.1/jsonassert-1.5.1-sources.jar
2025-08-10 18:04:00,861 [Worker-14: ソースおよび Javadoc のダウンロード] INFO  o.e.m.j.internal.DownloadSourcesJob - Downloaded sources for org.skyscreamer:jsonassert:1.5.1
2025-08-10 18:04:00,894 [Worker-14: ソースおよび Javadoc のダウンロード] INFO  o.e.m.c.i.e.AbstractTransferListenerAdapter - Downloading https://repo.maven.apache.org/maven2/org/springframework/spring-core/6.1.1/spring-core-6.1.1-sources.jar
2025-08-10 18:04:01,141 [Worker-14: ソースおよび Javadoc のダウンロード] INFO  o.e.m.c.i.e.AbstractTransferListenerAdapter - Downloaded https://repo.maven.apache.org/maven2/org/springframework/spring-core/6.1.1/spring-core-6.1.1-sources.jar
2025-08-10 18:04:01,143 [Worker-14: ソースおよび Javadoc のダウンロード] INFO  o.e.m.j.internal.DownloadSourcesJob - Downloaded sources for org.springframework:spring-core:6.1.1
2025-08-10 18:04:01,173 [Worker-14: ソースおよび Javadoc のダウンロード] INFO  o.e.m.c.i.e.AbstractTransferListenerAdapter - Downloading https://repo.maven.apache.org/maven2/org/springframework/spring-jcl/6.1.1/spring-jcl-6.1.1-sources.jar
2025-08-10 18:04:01,177 [Worker-14: ソースおよび Javadoc のダウンロード] INFO  o.e.m.c.i.e.AbstractTransferListenerAdapter - Downloaded https://repo.maven.apache.org/maven2/org/springframework/spring-jcl/6.1.1/spring-jcl-6.1.1-sources.jar
2025-08-10 18:04:01,182 [Worker-14: ソースおよび Javadoc のダウンロード] INFO  o.e.m.j.internal.DownloadSourcesJob - Downloaded sources for org.springframework:spring-jcl:6.1.1
2025-08-10 18:04:01,214 [Worker-14: ソースおよび Javadoc のダウンロード] INFO  o.e.m.c.i.e.AbstractTransferListenerAdapter - Downloading https://repo.maven.apache.org/maven2/org/springframework/spring-test/6.1.1/spring-test-6.1.1-sources.jar
2025-08-10 18:04:01,326 [Worker-14: ソースおよび Javadoc のダウンロード] INFO  o.e.m.c.i.e.AbstractTransferListenerAdapter - Downloaded https://repo.maven.apache.org/maven2/org/springframework/spring-test/6.1.1/spring-test-6.1.1-sources.jar
2025-08-10 18:04:01,330 [Worker-14: ソースおよび Javadoc のダウンロード] INFO  o.e.m.j.internal.DownloadSourcesJob - Downloaded sources for org.springframework:spring-test:6.1.1
2025-08-10 18:04:01,362 [Worker-14: ソースおよび Javadoc のダウンロード] INFO  o.e.m.c.i.e.AbstractTransferListenerAdapter - Downloading https://repo.maven.apache.org/maven2/org/xmlunit/xmlunit-core/2.9.1/xmlunit-core-2.9.1-sources.jar
2025-08-10 18:04:01,421 [Worker-14: ソースおよび Javadoc のダウンロード] INFO  o.e.m.c.i.e.AbstractTransferListenerAdapter - Downloaded https://repo.maven.apache.org/maven2/org/xmlunit/xmlunit-core/2.9.1/xmlunit-core-2.9.1-sources.jar
2025-08-10 18:04:01,428 [Worker-14: ソースおよび Javadoc のダウンロード] INFO  o.e.m.j.internal.DownloadSourcesJob - Downloaded sources for org.xmlunit:xmlunit-core:2.9.1
2025-08-10 18:04:01,481 [Worker-14: ソースおよび Javadoc のダウンロード] INFO  o.e.m.c.i.e.AbstractTransferListenerAdapter - Downloading https://repo.maven.apache.org/maven2/org/springframework/security/spring-security-test/6.2.0/spring-security-test-6.2.0-sources.jar
2025-08-10 18:04:01,507 [Worker-14: ソースおよび Javadoc のダウンロード] INFO  o.e.m.c.i.e.AbstractTransferListenerAdapter - Downloaded https://repo.maven.apache.org/maven2/org/springframework/security/spring-security-test/6.2.0/spring-security-test-6.2.0-sources.jar
2025-08-10 18:04:01,513 [Worker-14: ソースおよび Javadoc のダウンロード] INFO  o.e.m.j.internal.DownloadSourcesJob - Downloaded sources for org.springframework.security:spring-security-test:6.2.0
2025-08-10 18:04:01,549 [Worker-14: ソースおよび Javadoc のダウンロード] INFO  o.e.m.c.i.e.AbstractTransferListenerAdapter - Downloading https://repo.maven.apache.org/maven2/org/springframework/security/spring-security-core/6.2.0/spring-security-core-6.2.0-sources.jar
2025-08-10 18:04:01,750 [Worker-14: ソースおよび Javadoc のダウンロード] INFO  o.e.m.c.i.e.AbstractTransferListenerAdapter - Downloaded https://repo.maven.apache.org/maven2/org/springframework/security/spring-security-core/6.2.0/spring-security-core-6.2.0-sources.jar
2025-08-10 18:04:01,756 [Worker-14: ソースおよび Javadoc のダウンロード] INFO  o.e.m.j.internal.DownloadSourcesJob - Downloaded sources for org.springframework.security:spring-security-core:6.2.0
2025-08-10 18:04:01,793 [Worker-14: ソースおよび Javadoc のダウンロード] INFO  o.e.m.c.i.e.AbstractTransferListenerAdapter - Downloading https://repo.maven.apache.org/maven2/org/springframework/security/spring-security-crypto/6.2.0/spring-security-crypto-6.2.0-sources.jar
2025-08-10 18:04:01,811 [Worker-14: ソースおよび Javadoc のダウンロード] INFO  o.e.m.c.i.e.AbstractTransferListenerAdapter - Downloaded https://repo.maven.apache.org/maven2/org/springframework/security/spring-security-crypto/6.2.0/spring-security-crypto-6.2.0-sources.jar
2025-08-10 18:04:01,815 [Worker-14: ソースおよび Javadoc のダウンロード] INFO  o.e.m.j.internal.DownloadSourcesJob - Downloaded sources for org.springframework.security:spring-security-crypto:6.2.0
2025-08-10 18:18:06,842 [Worker-15: ビルド] INFO  o.a.m.s.f.DefaultMavenResourcesFiltering - Copying 1 resource from src\main\resources to target\classes
2025-08-10 18:18:06,851 [Worker-15: ビルド] INFO  o.a.m.s.f.DefaultMavenResourcesFiltering - Copying 0 resource from src\main\resources to target\classes
2025-08-10 18:18:06,854 [Worker-15: ビルド] INFO  o.a.m.s.f.DefaultMavenResourcesFiltering - skip non existing resourceDirectory C:\PG練習\Java\demo\src\test\resources
